Iteration	Posterior	Likelihood	Prior	rate_log_sd	root_freqs[1]	root_freqs[2]	tree_length
0	-3434.069	-3603.559	169.4906	1.221062	0.517223	0.482777	2.829928
6	-3439.944	-3608.281	168.3366	1.14538	0.517004	0.482996	3.559451
12	-3432.592	-3601.601	169.0089	1.167084	0.427626	0.572374	3.15162
18	-3435.395	-3604.164	168.7691	1.199608	0.625591	0.374409	3.274369
24	-3435.312	-3604.26	168.9479	1.292003	0.500184	0.499816	3.113581
30	-3431.007	-3601.023	170.0164	1.466809	0.559049	0.440951	2.351569
36	-3431.767	-3601.861	170.0936	1.495856	0.499645	0.500355	2.283868
42	-3439.366	-3609.426	170.0598	1.529655	0.603607	0.396393	2.283868
48	-3442.751	-3612.498	169.7464	1.480232	0.496169	0.503831	2.513109
54	-3452.613	-3622.618	170.0054	1.400448	0.55861	0.44139	2.400601
60	-3432.054	-3602.361	170.3073	1.429129	0.513147	0.486853	2.189162
66	-3430.815	-3600.864	170.0495	1.322663	0.393573	0.606427	2.421837
72	-3440.714	-3610.234	169.5195	1.313948	0.454295	0.545705	2.755777
78	-3434.863	-3604.22	169.3576	1.307541	0.572053	0.427947	2.858132
84	-3433.477	-3602.682	169.2053	1.371162	0.534444	0.465556	2.911804
90	-3429.649	-3599.464	169.8154	1.371068	0.694838	0.305162	2.538114
96	-3425.251	-3594.89	169.6392	1.323745	0.636873	0.363127	2.676416
102	-3437.476	-3607.76	170.2844	1.453964	0.627642	0.372358	2.187957
108	-3440.198	-3609.24	169.0419	1.350378	0.383871	0.616129	3.022567
114	-3449.202	-3618.043	168.8405	1.2514	0.584514	0.415486	3.201491
120	-3437.879	-3606.729	168.8497	1.264261	0.636895	0.363105	3.188399
126	-3438.192	-3607.381	169.1893	1.222871	0.573709	0.426291	3.01061
132	-3443.977	-3613.457	169.4794	1.336771	0.590368	0.409632	2.766308
138	-3441.411	-3610.77	169.3591	1.457085	0.656999	0.343001	2.766308
144	-3432.551	-3602.454	169.9036	1.397101	0.567907	0.432093	2.466731
150	-3424.912	-3595.005	170.0935	1.463571	0.473021	0.526979	2.30452
156	-3431.159	-3601.151	169.9914	1.366591	0.61061	0.38939	2.43072
162	-3430.391	-3599.821	169.4296	1.38098	0.624581	0.375419	2.769752
168	-3433.245	-3603.111	169.8657	1.316536	0.586504	0.413496	2.540747
174	-3438.651	-3608.651	170.0003	1.337883	0.483604	0.516396	2.443199
180	-3439.565	-3609.292	169.7275	1.27016	0.573188	0.426812	2.655016
186	-3435.86	-3605.142	169.2828	1.297216	0.524658	0.475342	2.909631
192	-3448.744	-3617.863	169.1188	1.266908	0.521284	0.478716	3.026497
198	-3448.279	-3617.694	169.4151	1.222637	0.55297	0.44703	2.874738
204	-3452.07	-3620.604	168.5334	1.204142	0.580546	0.419454	3.410258
210	-3452.482	-3623.977	171.4947	1.954376	0.620289	0.379711	0.873397
216	-3455.69	-3627.098	171.4075	2.022819	0.581352	0.418648	0.8950109
222	-3453.076	-3621.72	168.644	1.102759	0.601837	0.398163	3.404854
228	-3446.16	-3615.608	169.4476	1.316592	0.510412	0.489588	2.797974
234	-3445.838	-3615.459	169.6216	1.316592	0.553998	0.446002	2.691628
240	-3449.569	-3618.829	169.2603	1.298237	0.587875	0.412125	2.922611
246	-3446.813	-3616.402	169.5885	1.368195	0.560597	0.439403	2.680268
252	-3451.603	-3621.104	169.5016	1.385286	0.522859	0.477141	2.723067
258	-3437.285	-3606.913	169.6276	1.185834	0.54041	0.45959	2.767955
264	-3451.075	-3620.56	169.4854	1.328096	0.59196	0.40804	2.767955
270	-3443.57	-3612.619	169.0499	1.226729	0.558717	0.441283	3.091688
276	-3438.341	-3607.94	169.5989	1.338655	0.482962	0.517038	2.692012
282	-3435.487	-3604.872	169.3851	1.360267	0.703264	0.296736	2.809477
288	-3433.86	-3603.492	169.6321	1.368188	0.608386	0.391614	2.653451
294	-3436.683	-3606.097	169.4138	1.357068	0.57477	0.42523	2.79393
300	-3432.393	-3600.688	168.2958	1.180591	0.599001	0.400999	3.562709
306	-3437.44	-3605.447	168.0069	1.166745	0.566897	0.433103	3.738093
312	-3440.655	-3608.921	168.2653	1.204937	0.587441	0.412559	3.566313
318	-3444.419	-3612.469	168.0497	1.226349	0.535495	0.464505	3.678947
324	-3443.568	-3611.969	168.4008	1.182119	0.636923	0.363077	3.500674
330	-3440.02	-3608.502	168.4828	1.126718	0.636923	0.363077	3.485148
336	-3444.255	-3612.08	167.8248	1.005792	0.636923	0.363077	3.935319
342	-3450.52	-3617.575	167.0546	1.107521	0.571762	0.428238	4.315725
348	-3444.078	-3611.332	167.2532	0.9960062	0.556412	0.443588	4.266416
354	-3452.777	-3620.67	167.8931	1.110436	0.64364	0.35636	3.836114
360	-3445.896	-3613.664	167.7682	1.23535	0.627223	0.372777	3.836114
366	-3447.406	-3615.829	168.4234	1.263839	0.520337	0.479663	3.439695
372	-3453.062	-3621.225	168.1626	1.32367	0.520337	0.479663	3.55694
378	-3449.597	-3617.68	168.0825	1.24509	0.461902	0.538098	3.649107
384	-3447.295	-3615.148	167.8538	1.134892	0.639658	0.360342	3.844632
390	-3435.675	-3603.585	167.9101	1.103773	0.577305	0.422695	3.83016
396	-3444.234	-3613.745	169.5117	1.366235	0.536377	0.463623	2.728577
402	-3438.025	-3607.22	169.1957	1.238286	0.564112	0.435888	2.997554
408	-3444.857	-3614.652	169.7953	1.352428	0.654136	0.345864	2.562211
414	-3437.997	-3606.966	168.9691	1.321569	0.487108	0.512892	3.083285
420	-3434.939	-3603.231	168.292	1.082186	0.592099	0.407901	3.622059
426	-3439.51	-3607.147	167.6372	1.080407	0.59032	0.40968	3.999992
432	-3432.169	-3599.68	167.5105	1.159731	0.451564	0.548436	4.027033
438	-3436.225	-3604.599	168.374	1.223144	0.589053	0.410947	3.49237
444	-3432.827	-3601.825	168.998	1.289931	0.616059	0.383941	3.084955
450	-3432.702	-3601.992	169.2896	1.355896	0.439899	0.560101	2.870057
456	-3439.844	-3609.131	169.2874	1.274719	0.496571	0.503429	2.920466
462	-3447.562	-3618.166	170.6036	1.528045	0.496571	0.503429	1.928056
468	-3445.43	-3615.789	170.3594	1.411308	0.639119	0.360881	2.166941
474	-3451.812	-3622.148	170.3364	1.408589	0.549625	0.450375	2.183657
480	-3444.995	-3615.961	170.9663	1.699653	0.646427	0.353573	1.552641
486	-3437.881	-3608.512	170.6305	1.519249	0.67487	0.32513	1.915852
492	-3426.538	-3597.166	170.6283	1.521408	0.511259	0.488741	1.915852
498	-3431.481	-3601.908	170.4272	1.47184	0.554604	0.445396	2.083004
504	-3419.859	-3590.449	170.5897	1.57245	0.659418	0.340582	1.907456
510	-3428.08	-3599.062	170.9822	1.527966	0.539694	0.460306	1.66567
516	-3435.155	-3605.51	170.355	1.413441	0.569056	0.430944	2.168398
522	-3429.405	-3598.932	169.5267	1.344122	0.535195	0.464805	2.732889
528	-3435.603	-3604.922	169.3195	1.369859	0.535195	0.464805	2.843476
534	-3446.452	-3616.771	170.3183	1.465773	0.526335	0.473665	2.158233
540	-3437.415	-3608.119	170.7033	1.61856	0.550443	0.449557	1.798047
546	-3435.508	-3606.476	170.9679	1.597591	0.510065	0.489935	1.625928
552	-3444.951	-3615.607	170.6567	1.667729	0.510767	0.489233	1.796322
558	-3442.237	-3613.118	170.8816	1.60217	0.56866	0.43134	1.684502
564	-3436.524	-3606.76	170.2358	1.391141	0.553155	0.446845	2.25981
570	-3450.46	-3620.288	169.8282	1.391141	0.537741	0.462259	2.517644
576	-3448.17	-3617.592	169.4227	1.39809	0.519157	0.480843	2.763475
582	-3439.228	-3608.619	169.3906	1.387519	0.560899	0.439101	2.789505
588	-3454.612	-3623.266	168.6539	1.161625	0.58939	0.41061	3.364547
594	-3433.985	-3602.508	168.5226	1.188282	0.537286	0.462714	3.425895
600	-3431.281	-3599.307	168.0254	1.112733	0.551893	0.448107	3.758573
606	-3438.138	-3606.225	168.0873	1.085699	0.551893	0.448107	3.738498
612	-3431.84	-3600.544	168.7038	1.221456	0.498743	0.501257	3.299947
618	-3441.039	-3609.8	168.7615	1.224101	0.58153	0.41847	3.264355
624	-3436.746	-3605.656	168.9106	1.286497	0.587885	0.412115	3.139055
630	-3425.767	-3595.146	169.3785	1.246066	0.509345	0.490655	2.882731
636	-3435.803	-3604.878	169.0752	1.235108	0.593804	0.406196	3.071564
642	-3448.468	-3616.906	168.4381	1.233547	0.50351	0.49649	3.448832
648	-3440.493	-3608.862	168.3691	1.302595	0.534472	0.465528	3.448832
654	-3436.421	-3605.674	169.2532	1.231833	0.529436	0.470564	2.966895
660	-3421.269	-3589.79	168.5208	1.231833	0.589158	0.410842	3.401425
666	-3427.222	-3595.932	168.7096	1.153116	0.582968	0.417032	3.336811
672	-3433.901	-3603.056	169.1549	1.324309	0.637163	0.362837	2.970381
678	-3441.108	-3609.443	168.3353	1.246934	0.570976	0.429024	3.501037
684	-3430.273	-3598.671	168.3981	1.161844	0.676231	0.323769	3.514041
690	-3423.331	-3592.158	168.8269	1.271692	0.602725	0.397275	3.197534
696	-3431.217	-3599.796	168.5786	1.198249	0.530869	0.469131	3.387194
702	-3435.331	-3604.341	169.0098	1.160524	0.530869	0.469131	3.154977
708	-3424.899	-3593.732	168.8336	1.197666	0.530869	0.469131	3.237405
714	-3433.105	-3601.578	168.4732	1.116479	0.670282	0.329718	3.496701
720	-3429.551	-3597.517	167.9664	1.110678	0.670282	0.329718	3.793761
726	-3435.855	-3603.838	167.9833	1.037331	0.670282	0.329718	3.8263
732	-3435.914	-3606.05	170.1361	1.382368	0.681695	0.318305	2.32918
738	-3438.086	-3607.882	169.7963	1.366316	0.481511	0.518489	2.552981
744	-3436.015	-3605.877	169.8624	1.300154	0.544143	0.455857	2.552981
750	-3437.965	-3606.405	168.4395	1.384738	0.526964	0.473036	3.359403
756	-3424.494	-3594.558	170.0637	1.447957	0.536867	0.463133	2.333488
762	-3431.104	-3600.92	169.816	1.439343	0.56122	0.43878	2.49515
768	-3438.617	-3607.628	169.0107	1.158429	0.651063	0.348937	3.155664
774	-3437.923	-3607.899	169.976	1.373151	0.542662	0.457338	2.436292
780	-3435.561	-3605.241	169.679	1.351735	0.542662	0.457338	2.63464
786	-3435.862	-3605.587	169.7256	1.203539	0.664226	0.335774	2.697199
792	-3437.09	-3607.097	170.0065	1.477288	0.60253	0.39747	2.351185
798	-3433.562	-3602.746	169.1832	1.236223	0.571649	0.428351	3.006261
804	-3440.693	-3608.105	167.4121	1.062643	0.484372	0.515628	4.138426
810	-3441.402	-3610.22	168.8177	1.143675	0.569691	0.430309	3.278684
816	-3431.833	-3601.345	169.5118	1.262044	0.452825	0.547175	2.792125
822	-3431.219	-3600.94	169.7213	1.345963	0.553654	0.446346	2.612101
828	-3430.487	-3599.987	169.5005	1.419631	0.473586	0.526414	2.702698
834	-3444.925	-3615.02	170.095	1.487241	0.574404	0.425596	2.288437
840	-3445.478	-3615.801	170.3228	1.423897	0.561564	0.438436	2.182559
846	-3438.109	-3608.626	170.5173	1.613064	0.561564	0.438436	1.928973
852	-3440.46	-3610.336	169.8761	1.388335	0.598753	0.401247	2.489438
858	-3448.525	-3618.55	170.0249	1.311838	0.683675	0.316325	2.444133
864	-3428.04	-3599.27	171.2305	1.757558	0.582755	0.417245	1.304502
870	-3429.003	-3600.205	171.2022	1.705757	0.577083	0.422917	1.36857
876	-3437.766	-3608.974	171.2078	1.815605	0.536664	0.463336	1.275718
882	-3431.105	-3602.419	171.3132	1.875721	0.573734	0.426266	1.13409
888	-3436.857	-3608.104	171.2466	1.896562	0.573734	0.426266	1.17443
894	-3430.946	-3602.316	171.3702	1.868903	0.568556	0.431444	1.088494
900	-3436.352	-3607.72	171.3676	1.941391	0.568556	0.431444	1.022018
906	-3436.03	-3607.415	171.3849	1.924093	0.562121	0.437879	1.022018
912	-3439.81	-3611.195	171.3849	1.924093	0.514432	0.485568	1.022018
918	-3437.428	-3608.737	171.3088	1.922858	0.548708	0.451292	1.095383
924	-3425.477	-3596.828	171.3512	1.907716	0.611307	0.388693	1.069983
930	-3429.359	-3600.553	171.1931	1.76497	0.648359	0.351641	1.328711
936	-3436.251	-3607.224	170.9727	1.791516	0.408356	0.591644	1.479358
942	-3433.472	-3604.552	171.0804	1.791516	0.574729	0.425271	1.396796
948	-3432.785	-3604.067	171.282	1.720941	0.482339	0.517661	1.292458
954	-3433.598	-3604.747	171.1494	1.720941	0.605722	0.394278	1.397986
960	-3441.626	-3612.766	171.1398	1.758042	0.574541	0.425459	1.376468
966	-3432.688	-3603.721	171.0325	1.679012	0.591174	0.408826	1.518835
972	-3436.15	-3606.776	170.6266	1.561209	0.518694	0.481306	1.890045
978	-3437.967	-3608.308	170.3414	1.441631	0.512082	0.487918	2.158908
984	-3429.614	-3600.04	170.4262	1.472879	0.449633	0.550367	2.083022
990	-3435.686	-3605.876	170.1906	1.463931	0.47617	0.52383	2.242075
996	-3428.212	-3598.325	170.1135	1.48193	0.588246	0.411754	2.280017
1002	-3427.834	-3598.038	170.2042	1.391363	0.588246	0.411754	2.279965
1008	-3428.646	-3599.054	170.4076	1.463917	0.588246	0.411754	2.101125
1014	-3442.822	-3613.232	170.4092	1.462354	0.561621	0.438379	2.101125
1020	-3432.955	-3603.065	170.1098	1.412099	0.561621	0.438379	2.326978
1026	-3436.844	-3606.723	169.8799	1.377574	0.578387	0.421613	2.493835
1032	-3435.8	-3605.316	169.5155	1.371332	0.633351	0.366649	2.723085
1038	-3432.339	-3602.441	170.1024	1.355322	0.503809	0.496191	2.367746
1044	-3431.116	-3601.317	170.2012	1.419055	0.534749	0.465251	2.264092
1050	-3435.731	-3606.194	170.4625	1.48118	0.557763	0.442237	2.053608
1056	-3436.913	-3607.215	170.302	1.500536	0.502562	0.497438	2.146198
1062	-3435.669	-3606.041	170.3722	1.512228	0.534295	0.465705	2.092655
1068	-3448.467	-3619.26	170.7932	1.732953	0.54235	0.45765	1.65423
1074	-3450.174	-3621.194	171.0205	1.876906	0.514068	0.485932	1.376803
1080	-3448.982	-3619.804	170.8225	1.532424	0.436255	0.563745	1.775085
1086	-3426.816	-3597.674	170.8574	1.532008	0.553863	0.446137	1.751011
1092	-3430.25	-3600.673	170.4231	1.529549	0.641167	0.358833	2.04766
1098	-3422.733	-3593.217	170.4837	1.56558	0.632416	0.367584	1.983428
1104	-3431.158	-3601.52	170.3619	1.525982	0.566173	0.433827	2.090374
1110	-3428.939	-3599.207	170.2674	1.52109	0.663488	0.336512	2.155386
1116	-3426.581	-3597.112	170.5313	1.540311	0.427867	0.572133	1.968475
1122	-3438.559	-3609.211	170.6512	1.466405	0.612068	0.387932	1.937582
1128	-3430.802	-3601.321	170.5186	1.598916	0.576453	0.423547	1.937582
1134	-3430.741	-3599.663	168.9222	1.318266	0.490707	0.509293	3.113242
1140	-3439.014	-3608.303	169.2888	1.407142	0.509937	0.490063	2.839479
1146	-3443.668	-3613.251	169.5833	1.342661	0.521377	0.478623	2.699151
1152	-3442.966	-3612.916	169.9504	1.404319	0.623653	0.376347	2.432781
1158	-3445.815	-3615.129	169.3139	1.443078	0.546651	0.453349	2.802385
1164	-3439.243	-3608.555	169.3116	1.378569	0.608733	0.391267	2.842973
1170	-3432.701	-3601.973	169.2714	1.356275	0.47881	0.52119	2.880848
1176	-3428.576	-3598.847	170.2712	1.415811	0.608723	0.391277	2.221116
1182	-3438.69	-3609.11	170.4194	1.555444	0.666543	0.333457	2.03294
1188	-3450.7	-3620.975	170.2758	1.590882	0.574043	0.425957	2.104294
1194	-3444.906	-3615.429	170.523	1.696241	0.532968	0.467032	1.868645
1200	-3444.614	-3614.868	170.2531	1.449735	0.597841	0.402159	2.210931
1206	-3439.761	-3609.192	169.4315	1.407359	0.654567	0.345433	2.75246
1212	-3440.159	-3610.481	170.322	1.452644	0.57937	0.42063	2.164403
1218	-3438.544	-3608.17	169.6262	1.453077	0.624039	0.375961	2.604661
1224	-3436.559	-3606.314	169.7546	1.369756	0.559462	0.440538	2.576738
1230	-3439.648	-3607.424	167.7759	1.145797	0.572538	0.427462	3.883128
1236	-3440.405	-3608.477	168.0723	1.193861	0.654748	0.345252	3.684665
1242	-3446.34	-3614.419	168.0783	1.190806	0.459698	0.540302	3.682944
1248	-3424.239	-3592.453	168.2137	1.138735	0.622069	0.377931	3.634693
1254	-3439.74	-3607.27	167.5299	1.235178	0.501124	0.498876	3.972818
1260	-3438.734	-3607.404	168.6698	1.235178	0.629993	0.370007	3.311893
1266	-3435.751	-3604.434	168.683	1.163272	0.629993	0.370007	3.346479
1272	-3436.591	-3604.784	168.1932	1.067326	0.696489	0.303511	3.687887
1278	-3443.05	-3612.367	169.3164	1.299942	0.660729	0.339271	2.887683
1284	-3446.358	-3616.209	169.8509	1.266137	0.589794	0.410206	2.581254
1290	-3444.268	-3614.496	170.2277	1.421116	0.635066	0.364934	2.245779
1296	-3445.62	-3615.805	170.1847	1.445136	0.582765	0.417235	2.257949
1302	-3439.521	-3608.479	168.9583	1.236146	0.612811	0.387189	3.140633
1308	-3441.32	-3610.369	169.0489	1.185504	0.722465	0.277535	3.116873
1314	-3441.815	-3610.892	169.0764	1.209904	0.491401	0.508599	3.085927
1320	-3430.282	-3599.289	169.0071	1.249439	0.672718	0.327282	3.103648
1326	-3441.253	-3610.54	169.2862	1.251656	0.636941	0.363059	2.935091
1332	-3446.936	-3617.146	170.2105	1.332184	0.648575	0.351425	2.313749
1338	-3439.174	-3608.578	169.4041	1.423258	0.678026	0.321974	2.75948
1344	-3445.017	-3614.56	169.5431	1.284313	0.714867	0.285133	2.75948
1350	-3446.573	-3616.406	169.8328	1.367285	0.710505	0.289495	2.529631
1356	-3439.832	-3610.061	170.2292	1.416743	0.725461	0.274539	2.247625
1362	-3442.843	-3613.433	170.5899	1.53184	0.623738	0.376262	1.934767
1368	-3443.686	-3614.25	170.5636	1.565518	0.651214	0.348786	1.929794
1374	-3435.041	-3606.02	170.9797	1.641358	0.651214	0.348786	1.585555
1380	-3439.775	-3610.693	170.9179	1.631139	0.643021	0.356979	1.63781
1386	-3436.694	-3607.358	170.664	1.627248	0.523471	0.476529	1.81919
1392	-3429.081	-3600.02	170.9389	1.709409	0.601717	0.398283	1.565609
1398	-3429.156	-3600.186	171.0301	1.776331	0.587896	0.412104	1.447249
1404	-3431.643	-3602.757	171.1145	1.761966	0.644369	0.355631	1.39321
1410	-3441.794	-3612.519	170.725	1.538287	0.644369	0.355631	1.838485
1416	-3443.802	-3614.591	170.7894	1.70892	0.644369	0.355631	1.674098
1422	-3444.687	-3615.493	170.8059	1.634713	0.642857	0.357143	1.715051
1428	-3445.298	-3615.954	170.6556	1.538988	0.671359	0.328641	1.885434
1434	-3439.354	-3610.178	170.8243	1.572565	0.636357	0.363643	1.745819
1440	-3436.184	-3606.911	170.7275	1.628944	0.648927	0.351073	1.774052
1446	-3448.408	-3619.124	170.7163	1.546448	0.609991	0.390009	1.838857
1452	-3448.161	-3618.799	170.6384	1.624263	0.654859	0.345141	1.838857
1458	-3443.573	-3614.496	170.9235	1.606268	0.611186	0.388814	1.651648
1464	-3440.456	-3611.51	171.0544	1.820427	0.573068	0.426932	1.394473
1470	-3430.243	-3601.32	171.077	1.623963	0.560746	0.439254	1.526713
1476	-3432.909	-3603.79	170.8811	1.577291	0.626492	0.373508	1.7025
1482	-3439.566	-3607.884	168.3187	1.122465	0.554695	0.445305	3.583209
1488	-3442.011	-3609.853	167.8426	1.055274	0.591242	0.408758	3.896774
1494	-3447.696	-3615.351	167.6555	1.242396	0.599521	0.400479	3.896774
1500	-3445.523	-3616.414	170.8911	1.615912	0.659603	0.340397	1.66796
1506	-3434.039	-3604.931	170.8916	1.615394	0.622737	0.377263	1.66796
1512	-3455.429	-3624.474	169.0452	1.314382	0.475455	0.524545	3.042137
1518	-3442.901	-3612.524	169.6228	1.38509	0.638233	0.361767	2.648762
1524	-3440.624	-3610.245	169.6205	1.385931	0.709006	0.290994	2.649667
1530	-3442.847	-3610.608	167.7604	1.163767	0.683946	0.316054	3.88168
1536	-3433.87	-3602.766	168.8956	1.194622	0.597349	0.402651	3.20251
1542	-3443.377	-3612.128	168.7511	1.298833	0.641466	0.358534	3.226323
1548	-3435.768	-3603.419	167.651	1.106551	0.619414	0.380586	3.977166
1554	-3445.773	-3612.926	167.1535	1.222712	0.678292	0.321708	4.194435
1560	-3437.413	-3606.276	168.8637	1.268533	0.687085	0.312915	3.17756
1566	-3438.355	-3607.268	168.9133	1.19371	0.610261	0.389739	3.192544
1572	-3447.762	-3618.975	171.2133	1.816064	0.69674	0.30326	1.270801
1578	-3441.525	-3612.77	171.2452	1.826359	0.62003	0.37997	1.235653
1584	-3441.582	-3612.907	171.3256	1.979833	0.632986	0.367014	1.025502
1590	-3448.353	-3619.576	171.2222	1.979833	0.589388	0.410612	1.12233
1596	-3450.149	-3621.495	171.3462	1.952731	0.665971	0.334029	1.031829
1602	-3448.852	-3620.188	171.3362	1.962713	0.710753	0.289247	1.031829
1608	-3439.032	-3610.321	171.2891	2.034969	0.6519	0.3481	1.007163
1614	-3446.026	-3617.309	171.2831	1.996334	0.610941	0.389059	1.050591
1620	-3428.601	-3599.977	171.3759	1.99124	0.610941	0.389059	0.9634312
1626	-3424.916	-3596.291	171.3752	2.014684	0.647123	0.352877	0.9394481
1632	-3431.985	-3603.305	171.3207	2.084652	0.732515	0.267485	0.9227706
1638	-3426.107	-3597.544	171.4368	2.027431	0.7247	0.2753	0.855514
1644	-3428.335	-3599.626	171.2907	2.157219	0.658671	0.341329	0.8747721
1650	-3431.925	-3603.224	171.2992	2.289416	0.736345	0.263655	0.6742387
1656	-3439.552	-3610.926	171.3743	2.149141	0.538649	0.461351	0.7790728
1662	-3444.498	-3615.934	171.4368	1.950792	0.62968	0.37032	0.9419044
1668	-3441.017	-3611.995	170.9778	1.853618	0.603049	0.396951	1.428077
1674	-3438.178	-3609.365	171.1871	1.795184	0.541035	0.458965	1.30923
1680	-3441.684	-3612.306	170.6225	1.795184	0.593077	0.406923	1.731204
1686	-3432.528	-3603.544	171.0162	1.679339	0.549796	0.450204	1.530741
1692	-3434.141	-3604.722	170.5818	1.517518	0.617672	0.382328	1.949895
1698	-3441.181	-3612.183	171.0028	1.667132	0.733663	0.266337	1.549695
1704	-3447.423	-3618.153	170.7304	1.6491	0.696352	0.303648	1.757998
1710	-3435.977	-3606.741	170.7641	1.676869	0.754457	0.245543	1.714803
1716	-3434.923	-3605.512	170.5889	1.635767	0.744366	0.255634	1.864923
1722	-3438.516	-3609.525	171.009	1.72923	0.709045	0.290955	1.49892
1728	-3456.726	-3627.759	171.0327	1.769408	0.642952	0.357048	1.450541
1734	-3450.899	-3621.9	171.001	1.801165	0.580675	0.419325	1.450541
1740	-3448.436	-3619.455	171.0197	1.782441	0.733734	0.266266	1.450541
1746	-3441.842	-3612.759	170.9168	1.750842	0.682548	0.317452	1.551375
1752	-3436.812	-3607.785	170.9729	1.750842	0.611843	0.388157	1.509703
1758	-3428.11	-3599.095	170.9848	1.750842	0.554675	0.445325	1.500848
1764	-3431.285	-3602.393	171.1076	1.652435	0.654418	0.345582	1.482497
1770	-3435.391	-3606.324	170.9332	1.590588	0.605583	0.394417	1.655957
1776	-3438.779	-3609.469	170.69	1.585145	0.575289	0.424711	1.830314
1782	-3433.586	-3604.293	170.7063	1.568859	0.672371	0.327629	1.830314
1788	-3449.265	-3619.685	170.4193	1.49066	0.586052	0.413948	2.075836
1794	-3446.603	-3617.093	170.4905	1.554928	0.599371	0.400629	1.986007
1800	-3436.923	-3607.445	170.5225	1.520721	0.625853	0.374147	1.987486
1806	-3444.438	-3614.412	169.974	1.523654	0.68503	0.31497	2.342383
1812	-3438.583	-3608.466	169.8829	1.43359	0.497719	0.502281	2.456803
1818	-3449.943	-3619.943	170.0004	1.46485	0.727039	0.272961	2.362996
1824	-3438.729	-3608.857	170.1285	1.470228	0.683848	0.316152	2.27792
1830	-3444.53	-3615.467	170.9373	1.601365	0.632627	0.367373	1.645223
1836	-3448.557	-3619.616	171.0594	1.933539	0.616931	0.383069	1.30056
1842	-3445.428	-3616.437	171.0095	1.784009	0.617609	0.382391	1.457081
1848	-3455.901	-3627.069	171.1677	1.832388	0.641654	0.358346	1.294772
1854	-3452.592	-3623.807	171.2151	1.785002	0.660554	0.339446	1.294772
1860	-3444.046	-3615.253	171.2071	1.803838	0.672498	0.327502	1.285894
1866	-3434.729	-3605.954	171.2255	1.904398	0.681995	0.318005	1.186001
1872	-3444.132	-3615.222	171.0896	1.916996	0.716611	0.283389	1.289489
1878	-3434.566	-3605.692	171.1256	1.951811	0.658527	0.341473	1.230752
1884	-3433.695	-3604.737	171.0426	1.874637	0.655514	0.344486	1.361178
1890	-3438.308	-3609.429	171.1217	1.839823	0.543233	0.456767	1.32592
1896	-3437.606	-3608.842	171.2357	1.83215	0.543233	0.456767	1.238799
1902	-3424.738	-3595.979	171.2404	1.901273	0.616025	0.383975	1.175801
1908	-3427.725	-3599.08	171.3554	1.857429	0.700191	0.299809	1.112531
1914	-3437.969	-3609.401	171.4326	1.998447	0.579565	0.420435	0.8942031
1920	-3421.797	-3593.176	171.379	2.020936	0.608453	0.391547	0.9286591
1926	-3435.231	-3606.608	171.3769	2.046628	0.57831	0.42169	0.9026913
1932	-3431.223	-3602.59	171.3665	2.004965	0.593183	0.406817	0.9589554
1938	-3437.053	-3608.391	171.3382	1.966743	0.593183	0.406817	1.026043
1944	-3440.171	-3611.545	171.374	1.966743	0.660612	0.339388	0.9904732
1950	-3437.175	-3608.603	171.4282	1.951983	0.610689	0.389311	0.949829
1956	-3435.436	-3606.827	171.3908	1.962093	0.520494	0.479506	0.9781178
1962	-3432.167	-3603.41	171.243	1.935166	0.608931	0.391069	1.143676
1968	-3434.873	-3606.328	171.4559	1.912283	0.52685	0.47315	0.9623553
1974	-3440.554	-3611.847	171.2931	1.777004	0.580396	0.419604	1.236893
1980	-3443.33	-3614.639	171.3088	1.89374	0.454565	0.545435	1.121904
1986	-3448.136	-3619.469	171.3328	1.89374	0.590572	0.409428	1.10003
1992	-3451.03	-3622.234	171.2042	1.885643	0.596001	0.403999	1.220255
1998	-3440.533	-3611.753	171.2197	1.870169	0.700032	0.299968	1.220255
2004	-3435.514	-3606.876	171.3624	1.870169	0.683437	0.316563	1.094499
2010	-3430.111	-3601.474	171.363	1.893937	0.572671	0.427329	1.071844
2016	-3449.084	-3620.521	171.4374	1.95353	0.746306	0.253694	0.9383543
2022	-3444.176	-3615.503	171.3265	2.151852	0.609344	0.390656	0.8382556
2028	-3437.99	-3609.301	171.3106	1.975393	0.703549	0.296451	1.044382
2034	-3438.108	-3609.252	171.1438	1.857764	0.624785	0.375215	1.293575
2040	-3438.553	-3609.875	171.3224	1.879168	0.631852	0.368148	1.122734
2046	-3435.137	-3606.349	171.2119	1.826382	0.522597	0.477403	1.263397
2052	-3429.084	-3600.265	171.1812	1.857133	0.469717	0.530283	1.263397
2058	-3427.335	-3598.543	171.2076	1.7496	0.567522	0.432478	1.329425
2064	-3441.949	-3613.016	171.067	1.77574	0.515659	0.484341	1.419372
2070	-3437.067	-3607.996	170.9293	1.776598	0.591369	0.408631	1.523039
2076	-3441.509	-3612.737	171.2284	1.788337	0.4912	0.5088	1.281181
2082	-3442.164	-3613.249	171.0854	1.76602	0.563594	0.436406	1.412675
2088	-3437.74	-3609.048	171.3079	1.814528	0.687496	0.312504	1.192381
2094	-3439.074	-3610.406	171.3321	1.872731	0.586825	0.413175	1.119839
2100	-3454.6	-3624.772	170.1718	1.586271	0.628458	0.371542	2.175159
2106	-3441.384	-3611.83	170.4458	1.53702	0.573012	0.426988	2.02767
2112	-3435.547	-3605.511	169.964	1.499538	0.562485	0.437515	2.364039
2118	-3433.938	-3604.193	170.255	1.509695	0.646322	0.353678	2.170856
2124	-3449.112	-3619.312	170.1996	1.547971	0.606872	0.393128	2.181987
2130	-3434.44	-3605.226	170.7862	1.651429	0.53848	0.46152	1.717156
2136	-3434.517	-3605.286	170.7683	1.563173	0.565348	0.434652	1.791389
2142	-3431.047	-3601.632	170.5849	1.617318	0.584133	0.415867	1.880199
2148	-3438.19	-3608.672	170.4818	1.495769	0.587414	0.412586	2.031183
2154	-3429.514	-3600.195	170.6812	1.599826	0.638577	0.361423	1.826282
2160	-3430.619	-3601.305	170.6859	1.532745	0.547933	0.452067	1.869037
2166	-3429.766	-3600.579	170.8131	1.54022	0.46794	0.53206	1.776206
2172	-3441.11	-3612.061	170.9505	1.525243	0.60637	0.39363	1.690162
2178	-3443.674	-3614.501	170.8275	1.603531	0.601332	0.398668	1.721821
2184	-3442.881	-3613.721	170.8395	1.616472	0.492579	0.507421	1.704223
2190	-3447.927	-3619.088	171.1607	1.908167	0.551924	0.448076	1.237904
2196	-3453.061	-3624.282	171.2207	1.883665	0.598688	0.401312	1.207875
2202	-3443.839	-3615.078	171.2393	1.866235	0.593283	0.406717	1.206894
2208	-3440.213	-3611.366	171.1528	1.829382	0.494548	0.505452	1.309261
2214	-3434.831	-3606.056	171.2254	1.901704	0.463667	0.536333	1.18839
2220	-3424.29	-3595.577	171.2864	1.746124	0.463667	0.536333	1.268174
2226	-3423.504	-3594.831	171.3277	1.741309	0.644307	0.355693	1.237826
2232	-3444.412	-3615.825	171.4125	1.947759	0.513535	0.486465	0.9705359
2238	-3449.022	-3620.403	171.3808	1.9795	0.497852	0.502148	0.9705359
2244	-3465.669	-3636.875	171.2054	1.9795	0.497852	0.502148	1.13767
2250	-3450.026	-3618.311	168.2848	1.340462	0.660807	0.339193	3.475927
2256	-3444.065	-3613.979	169.914	1.400574	0.510408	0.489592	2.458015
2262	-3448.968	-3618.365	169.3969	1.441697	0.498057	0.501943	2.752589
2268	-3448.731	-3618.914	170.183	1.44866	0.480658	0.519342	2.256763
2274	-3440.314	-3610.575	170.2603	1.480706	0.496174	0.503826	2.186197
2280	-3452.836	-3624.076	171.2401	1.789634	0.442537	0.557463	1.270493
2286	-3444.332	-3615.551	171.2189	1.813076	0.567935	0.432065	1.268635
2292	-3441.123	-3612.324	171.2011	1.942734	0.522054	0.477946	1.173913
2298	-3438.711	-3610.018	171.3072	1.775787	0.526575	0.473425	1.226076
2304	-3429.722	-3600.918	171.1958	1.775787	0.526575	0.473425	1.317861
2310	-3439.311	-3610.467	171.1564	1.798309	0.598855	0.401145	1.331414
2316	-3427.978	-3599.151	171.1738	1.621039	0.595767	0.404233	1.456067
2322	-3427.459	-3598.239	170.7803	1.723547	0.516238	0.483762	1.670155
2328	-3430.1	-3600.779	170.6793	1.631908	0.537309	0.462691	1.805411
2334	-3421.398	-3592.367	170.9681	1.733578	0.553517	0.446483	1.526157
2340	-3437.704	-3608.753	171.0488	1.663429	0.676442	0.323558	1.518309
2346	-3448.074	-3619.008	170.9346	1.777688	0.637143	0.362857	1.518309
2352	-3428.955	-3599.882	170.9271	1.612988	0.581028	0.418972	1.644245
2358	-3436.189	-3606.537	170.3475	1.612993	0.478731	0.521269	2.042454
2364	-3444.239	-3614.667	170.4281	1.611559	0.686064	0.313936	1.989827
2370	-3437.652	-3607.907	170.2545	1.524859	0.686064	0.313936	2.161308
2376	-3444.637	-3614.852	170.2151	1.564313	0.638289	0.361711	2.161308
2382	-3429.348	-3599.405	170.0573	1.411907	0.542446	0.457554	2.360452
2388	-3433.215	-3602.209	168.9937	1.255379	0.634625	0.365375	3.108088
2394	-3440.445	-3609.586	169.1413	1.421156	0.619549	0.380451	2.920235
2400	-3429.585	-3598.686	169.1005	1.311727	0.549041	0.450959	3.010597
2406	-3434.573	-3603.026	168.4533	1.166563	0.492004	0.507996	3.47912
2412	-3447.582	-3618.88	171.2984	1.744176	0.649957	0.350043	1.259848
2418	-3450.566	-3621.899	171.3323	1.787332	0.673644	0.326356	1.194787
2424	-3440.435	-3609.44	169.0059	1.199947	0.616663	0.383337	3.13385
2430	-3439.828	-3607.847	168.0186	1.199947	0.582694	0.417306	3.712167
2436	-3438.617	-3607.517	168.9	1.382452	0.582694	0.417306	3.088186
2442	-3445.137	-3614.645	169.5078	1.404908	0.535303	0.464697	2.707277
2448	-3444.342	-3613.88	169.5378	1.388966	0.677542	0.322458	2.698639
2454	-3443.105	-3612.196	169.0908	1.270918	0.60016	0.39984	3.04083
2460	-3439.756	-3608.304	168.5485	1.137309	0.595875	0.404125	3.440529
2466	-3434.629	-3602.135	167.5055	1.124132	0.407995	0.592005	4.050198
2472	-3425.813	-3593.468	167.6554	1.125338	0.575307	0.424693	3.963888
2478	-3434.321	-3600.938	166.6168	1.039829	0.665982	0.334018	4.600424
2484	-3434.735	-3601.7	166.9656	1.080391	0.537909	0.462091	4.381315
2490	-3434.601	-3601.442	166.8409	1.027736	0.537909	0.462091	4.481253
2496	-3440.765	-3607.858	167.0927	1.014882	0.490712	0.509288	4.34653
2502	-3448.328	-3618.373	170.0453	1.493771	0.555409	0.444591	2.316052
2508	-3456.061	-3626.107	170.0453	1.493771	0.619647	0.380353	2.316052
2514	-3454.761	-3624.4	169.6393	1.516052	0.618408	0.381592	2.557505
2520	-3444.619	-3615.178	170.5585	1.569089	0.683706	0.316294	1.930816
2526	-3450.377	-3620.984	170.6067	1.520845	0.521498	0.478502	1.930816
2532	-3451.787	-3622.744	170.9564	1.68109	0.524918	0.475082	1.573596
2538	-3455.148	-3626.267	171.1186	1.68109	0.70028	0.29972	1.452416
2544	-3446.781	-3613.707	166.9262	1.024751	0.704893	0.295107	4.434936
2550	-3436.332	-3603.352	167.0195	1.12098	0.637699	0.362301	4.327928
2556	-3438.594	-3605.595	167.0016	1.13895	0.564392	0.435608	4.327928
2562	-3440.831	-3607.206	166.3748	1.027904	0.564392	0.435608	4.742562
2568	-3453.256	-3620.03	166.7746	1.062382	0.564392	0.435608	4.499113
2574	-3441.067	-3609.786	168.7184	1.24549	0.659532	0.340468	3.27718
2580	-3436.024	-3605.076	169.0515	1.282922	0.567245	0.432755	3.057204
2586	-3430.04	-3598.824	168.7836	1.169855	0.477553	0.522447	3.283362
2592	-3432.419	-3601.332	168.9122	1.293244	0.527719	0.472281	3.134067
2598	-3435.064	-3604.646	169.5821	1.310914	0.553725	0.446275	2.719314
2604	-3438.661	-3605.886	167.2252	1.018772	0.549886	0.450114	4.269415
2610	-3431.6	-3598.766	167.1664	1.077544	0.634696	0.365304	4.269415
2616	-3441.851	-3609.445	167.5938	1.09772	0.665511	0.334489	4.014888
2622	-3444.999	-3612.6	167.6017	1.072559	0.514567	0.485433	4.024757
2628	-3433.356	-3601.037	167.6809	0.9933178	0.443267	0.556733	4.024757
2634	-3435.672	-3603.951	168.2792	1.152912	0.536633	0.463367	3.588466
2640	-3439.633	-3607.5	167.8672	1.160811	0.444701	0.555299	3.822019
2646	-3451.915	-3620.211	168.2963	1.083316	0.58495	0.41505	3.618897
2652	-3436.253	-3604.416	168.1638	1.200473	0.488167	0.511833	3.627796
2658	-3432.427	-3600.837	168.41	1.223596	0.659429	0.340571	3.471102
2664	-3429.835	-3598.727	168.8924	1.297586	0.488271	0.511729	3.143281
2670	-3434.676	-3604.719	170.043	1.546612	0.685979	0.314021	2.283758
2676	-3429.053	-3598.775	169.7215	1.384476	0.604059	0.395941	2.58814
2682	-3431.238	-3600.842	169.6039	1.35952	0.656173	0.343827	2.676099
2688	-3438.574	-3608.418	169.8443	1.437166	0.754651	0.245349	2.478767
2694	-3453.64	-3623.84	170.1997	1.496051	0.679181	0.320819	2.215527
2700	-3440.765	-3610.273	169.5071	1.452147	0.623684	0.376316	2.678683
2706	-3445.08	-3615.274	170.1944	1.580416	0.633874	0.366126	2.164273
2712	-3456.302	-3622.484	166.1828	1.139897	0.645464	0.354536	4.787295
2718	-3445.798	-3613.763	167.9644	1.12127	0.520736	0.479264	3.788862
2724	-3442.606	-3612.657	170.0504	1.387825	0.583891	0.416109	2.380088
2730	-3447.668	-3616.835	169.167	1.2272	0.645794	0.354206	3.021409
2736	-3439.809	-3608.914	169.1049	1.289265	0.58494	0.41506	3.021409
2742	-3437.41	-3606.237	168.8265	1.274244	0.58494	0.41506	3.196238
2748	-3438.612	-3607.249	168.6374	1.268512	0.58494	0.41506	3.311383
2754	-3437.019	-3607.3	170.2811	1.434434	0.568175	0.431825	2.202724
2760	-3434.121	-3603.374	169.2534	1.211116	0.613382	0.386618	2.979206
2766	-3433.58	-3601.844	168.2636	1.202735	0.75028	0.24972	3.568581
2772	-3437.272	-3604.539	167.267	1.200832	0.529424	0.470576	4.142333
2778	-3435.23	-3602.633	167.403	0.9760468	0.529424	0.470576	4.192805
2784	-3434.827	-3603.095	168.2678	1.12516	0.669488	0.330512	3.611171
2790	-3433.319	-3602.104	168.7847	1.20543	0.691421	0.308579	3.261724
2796	-3439.881	-3609.23	169.3487	1.303766	0.638842	0.361158	2.86585
2802	-3448.472	-3617.76	169.2883	1.386576	0.548469	0.451531	2.852247
2808	-3453.786	-3623.675	169.8888	1.450351	0.616751	0.383249	2.442609
2814	-3451.272	-3620.414	169.1417	1.226801	0.636842	0.363158	3.036766
2820	-3445.093	-3614.235	169.1425	1.33472	0.655148	0.344852	2.971576
2826	-3429.979	-3599.149	169.1701	1.33472	0.604577	0.395423	2.954981
2832	-3445.149	-3614.545	169.3963	1.449444	0.593411	0.406589	2.748246
2838	-3442.597	-3611.901	169.304	1.355634	0.515202	0.484798	2.861468
2844	-3444.811	-3614.665	169.8548	1.373298	0.534672	0.465328	2.512181
2850	-3432.633	-3602.013	169.3801	1.416974	0.519039	0.480961	2.777951
2856	-3439.794	-3609.229	169.4352	1.425737	0.490147	0.509853	2.738973
2862	-3448.324	-3617.492	169.1687	1.292814	0.460832	0.539168	2.981037
2868	-3437.397	-3607.087	169.6896	1.31815	0.594433	0.405567	2.648831
2874	-3443.91	-3613.936	170.0262	1.324729	0.493163	0.506837	2.435172
2880	-3445.546	-3615.735	170.1889	1.402107	0.563657	0.436343	2.282865
2886	-3433.511	-3603.975	170.4641	1.476418	0.634246	0.365754	2.055717
2892	-3433.67	-3603.742	170.0716	1.419333	0.57367	0.42633	2.346682
2898	-3436.723	-3606.464	169.7406	1.202855	0.597489	0.402511	2.688371
2904	-3431.394	-3600.92	169.5253	1.348904	0.562538	0.437462	2.73083
2910	-3433.658	-3602.675	169.0171	1.294161	0.562538	0.437462	3.071045
2916	-3432.008	-3601.969	169.9612	1.306464	0.589292	0.410708	2.487441
2922	-3430.947	-3600.907	169.9603	1.428384	0.58997	0.41003	2.411408
2928	-3433.048	-3604.089	171.041	1.616534	0.569016	0.430984	1.558849
2934	-3436.939	-3608.117	171.1779	1.716294	0.535628	0.464372	1.37933
2940	-3440.97	-3612.044	171.0736	1.769564	0.57347	0.42653	1.419024
2946	-3437.552	-3608.727	171.175	1.769564	0.524319	0.475681	1.339525
2952	-3436.818	-3606.971	170.1531	1.417135	0.675336	0.324664	2.296162
2958	-3437.301	-3607.757	170.456	1.484842	0.69517	0.30483	2.055453
2964	-3447.185	-3617.419	170.2337	1.474437	0.673592	0.326408	2.207484
2970	-3454.154	-3623.842	169.6877	1.514746	0.605286	0.394714	2.528142
2976	-3438.122	-3607.443	169.3212	1.343467	0.6397	0.3603	2.858447
2982	-3434.036	-3603.502	169.4657	1.367432	0.654309	0.345691	2.755985
2988	-3446.656	-3616.768	170.1119	1.320842	0.654309	0.345691	2.383591
2994	-3434.973	-3603.824	168.8509	1.273239	0.650883	0.349117	3.182387
3000	-3437.681	-3605.952	168.2715	1.161853	0.64199	0.35801	3.587733
3006	-3432.844	-3601.116	168.2728	1.16056	0.684523	0.315477	3.587733
3012	-3442.571	-3610.629	168.0578	1.225983	0.684523	0.315477	3.674474
3018	-3443.845	-3611.065	167.2193	1.06699	0.709401	0.290599	4.245409
3024	-3438.953	-3607.066	168.1122	1.224305	0.607113	0.392887	3.643901
3030	-3433.202	-3602.902	169.6998	1.325233	0.596857	0.403143	2.638141
3036	-3439.715	-3609.396	169.6811	1.344001	0.494861	0.505139	2.638141
3042	-3445.461	-3615.491	170.03	1.475053	0.587411	0.412589	2.337727
3048	-3447.355	-3616.934	169.579	1.407744	0.681074	0.318926	2.661774
3054	-3428.845	-3598.592	169.7475	1.394212	0.572773	0.427227	2.565922
3060	-3432.663	-3602.434	169.7715	1.605853	0.702615	0.297385	2.418537
3066	-3416.961	-3587.983	171.022	1.663577	0.668303	0.331697	1.538117
3072	-3420.25	-3591.184	170.9347	1.765257	0.705814	0.294186	1.527464
3078	-3430.259	-3601.421	171.1618	1.78115	0.599083	0.400917	1.340792
3084	-3435.586	-3606.502	170.9156	1.698561	0.579118	0.420882	1.590659
3090	-3444.458	-3615.256	170.7982	1.66802	0.826218	0.173782	1.696954
3096	-3436.923	-3607.852	170.9294	1.712866	0.618499	0.381501	1.570062
3102	-3434.887	-3605.885	170.9979	1.712866	0.714315	0.285685	1.519436
3108	-3440.475	-3611.327	170.8522	1.716675	0.502012	0.497988	1.623494
3114	-3440.699	-3611.626	170.9268	1.642071	0.682231	0.317769	1.623494
3120	-3434.976	-3605.7	170.7241	1.513108	0.630817	0.369183	1.856343
3126	-3432.566	-3602.951	170.3852	1.5158	0.593865	0.406135	2.08173
3132	-3432.769	-3603.204	170.4358	1.498205	0.534772	0.465228	2.05998
3138	-3443.25	-3614.068	170.8184	1.611365	0.701399	0.298601	1.722726
3144	-3436.458	-3607.587	171.1291	1.659159	0.591824	0.408176	1.461097
3150	-3439.591	-3610.502	170.9109	1.630907	0.597906	0.402094	1.642995
3156	-3440.817	-3611.549	170.7312	1.580936	0.639206	0.360794	1.80483
3162	-3437.171	-3608.145	170.9738	1.619717	0.61742	0.38258	1.605635
3168	-3433.405	-3604.359	170.9542	1.63936	0.620158	0.379842	1.605635
3174	-3437.408	-3608.236	170.8271	1.618373	0.620158	0.379842	1.711615
3180	-3427.695	-3598.757	171.0626	1.659487	0.651491	0.348509	1.510973
3186	-3425.605	-3596.893	171.288	1.81347	0.661167	0.338833	1.210354
3192	-3430.903	-3601.746	170.8433	1.675227	0.661167	0.338833	1.65972
3198	-3439.006	-3610.374	171.3675	1.839818	0.65054	0.34946	1.117556
3204	-3437.85	-3609.206	171.3562	1.851072	0.645063	0.354937	1.117556
3210	-3437.473	-3608.841	171.3684	1.71126	0.662922	0.337078	1.228827
3216	-3435.898	-3607.014	171.116	1.646991	0.445082	0.554918	1.480264
3222	-3433.127	-3603.847	170.72	1.661134	0.502669	0.497331	1.756808
3228	-3431.071	-3601.685	170.614	1.606255	0.644257	0.355743	1.867917
3234	-3430.69	-3601.634	170.9447	1.656924	0.60265	0.39735	1.599733
3240	-3423.987	-3594.682	170.6958	1.522468	0.60265	0.39735	1.869306
3246	-3423.961	-3594.202	170.2407	1.505487	0.530076	0.469924	2.18289
3252	-3424.608	-3595.121	170.5134	1.479839	0.707413	0.292587	2.020748
3258	-3433.832	-3604.224	170.3917	1.4774	0.524803	0.475197	2.102703
3264	-3440.215	-3610.405	170.19	1.505999	0.68664	0.31336	2.21533
3270	-3440.573	-3610.71	170.1368	1.402252	0.705706	0.294294	2.316021
3276	-3449.495	-3620.024	170.5286	1.427217	0.594917	0.405083	2.045583
3282	-3442.529	-3613.161	170.6314	1.555398	0.493719	0.506281	1.890688
3288	-3440.487	-3611.117	170.6303	1.555398	0.537572	0.462428	1.891438
3294	-3437.877	-3608.308	170.4315	1.524346	0.600933	0.399067	2.045559
3300	-3434.183	-3603.059	168.8765	1.316125	0.600933	0.399067	3.141715
3306	-3430.453	-3599.994	169.5402	1.281794	0.615249	0.384751	2.762751
3312	-3446.487	-3616.057	169.5695	1.330143	0.489371	0.510629	2.715244
3318	-3447.519	-3617.705	170.1858	1.425072	0.614283	0.385717	2.270145
3324	-3444.465	-3614.961	170.4969	1.506668	0.518172	0.481828	2.013916
3330	-3457.196	-3628.105	170.9092	1.719069	0.506292	0.493708	1.580356
3336	-3442.495	-3613.448	170.9531	1.628141	0.625153	0.374847	1.614556
3342	-3433.231	-3604.265	171.0334	1.694007	0.548075	0.451925	1.506989
3348	-3434.107	-3605.419	171.3115	1.722961	0.660342	0.339658	1.26655
3354	-3444.393	-3615.735	171.3427	1.691764	0.611274	0.388726	1.26655
3360	-3422.919	-3594.031	171.1123	1.708783	0.650351	0.349649	1.436035
3366	-3439.609	-3610.601	170.9918	1.784734	0.590692	0.409308	1.469999
3372	-3439.513	-3610.435	170.9213	1.722696	0.628716	0.371284	1.568804
3378	-3436.822	-3607.96	171.1385	1.667195	0.628716	0.371284	1.447837
3384	-3436.331	-3607.001	170.6698	1.497742	0.617004	0.382996	1.903795
3390	-3445.273	-3616.456	171.1832	1.602146	0.731266	0.268734	1.463295
3396	-3433.964	-3604.659	170.695	1.523314	0.666599	0.333401	1.86925
3402	-3446.624	-3616.519	169.8948	1.497161	0.597977	0.402023	2.409332
3408	-3453.548	-3623.531	169.9831	1.422529	0.531248	0.468752	2.40072
3414	-3467.95	-3637.888	169.9383	1.392324	0.726247	0.273753	2.44795
3420	-3464.291	-3632.913	168.6221	1.205392	0.628923	0.371077	3.357504
3426	-3452.364	-3620.232	167.8683	1.203747	0.737928	0.262072	3.796676
3432	-3446.885	-3613.828	166.943	1.03964	0.625091	0.374909	4.417037
3438	-3460.872	-3626.758	165.8856	1.060572	0.682323	0.317677	4.996961
3444	-3450.347	-3616.228	165.8816	1.064615	0.729498	0.270502	4.996961
3450	-3448.755	-3615.756	167.0011	1.069003	0.658295	0.341705	4.367713
3456	-3447.079	-3615.652	168.5735	1.195482	0.640537	0.359463	3.391844
3462	-3451.64	-3619.895	168.2549	1.323725	0.744472	0.255528	3.503165
3468	-3452.138	-3621.632	169.4944	1.287268	0.529353	0.470647	2.787357
3474	-3446.257	-3616.315	170.0576	1.454514	0.695148	0.304852	2.333203
3480	-3445.11	-3615.822	170.7119	1.690516	0.659955	0.340045	1.741926
3486	-3441.687	-3612.17	170.4836	1.610856	0.751316	0.248684	1.95311
3492	-3450.266	-3620.838	170.5719	1.610856	0.710345	0.289655	1.893456
3498	-3445.076	-3615.773	170.6971	1.571972	0.654659	0.345341	1.834458
3504	-3440.393	-3610.39	169.997	1.502203	0.654659	0.345341	2.341411
3510	-3442.448	-3612.273	169.8243	1.47136	0.701458	0.298542	2.469906
3516	-3432.518	-3602.758	170.2407	1.447467	0.615127	0.384873	2.220401
3522	-3442.69	-3612.924	170.2335	1.463824	0.541866	0.458134	2.214505
3528	-3441.157	-3611.469	170.3127	1.369329	0.691554	0.308446	2.224354
3534	-3445.813	-3615.3	169.4869	1.425332	0.566387	0.433613	2.707548
3540	-3439.447	-3609.421	169.9739	1.439385	0.576093	0.423907	2.395856
3546	-3442.28	-3612.155	169.8756	1.43745	0.576093	0.423907	2.459009
3552	-3454.946	-3623.962	169.0166	1.255971	0.576093	0.423907	3.094089
3558	-3450.395	-3619.256	168.8607	1.213764	0.555237	0.444763	3.211846
3564	-3442.108	-3612.257	170.1486	1.298186	0.636849	0.363151	2.374693
3570	-3442.468	-3612.39	169.9223	1.384777	0.742172	0.257828	2.462741
3576	-3436.949	-3606.406	169.4563	1.385555	0.653181	0.346819	2.750647
3582	-3448.336	-3617.657	169.3207	1.311753	0.612491	0.387509	2.877952
3588	-3443.916	-3613.312	169.3965	1.29136	0.535752	0.464248	2.844355
3594	-3452.426	-3622.373	169.9479	1.375328	0.599444	0.400556	2.452591
3600	-3444.522	-3615.082	170.5604	1.486219	0.600583	0.399417	1.985187
3606	-3440.185	-3610.661	170.4761	1.598074	0.550793	0.449207	1.966759
3612	-3440.944	-3612.037	171.0925	1.630329	0.614087	0.385913	1.510393
3618	-3438.298	-3609.55	171.2524	1.658278	0.596716	0.403284	1.36639
3624	-3439.294	-3610.163	170.8692	1.633989	0.541367	0.458633	1.670652
3630	-3446.715	-3617.488	170.7729	1.622202	0.585336	0.414664	1.747091
3636	-3452.314	-3623.015	170.7015	1.628874	0.537774	0.462226	1.7922
3642	-3439.358	-3610.514	171.1565	1.642166	0.653799	0.346201	1.453209
3648	-3430.929	-3601.875	170.9457	1.661058	0.64655	0.35345	1.59601
3654	-3436.913	-3607.734	170.821	1.527565	0.706946	0.293054	1.779518
3660	-3430.389	-3600.808	170.4191	1.513822	0.657733	0.342267	2.060712
3666	-3428.247	-3599.221	170.9746	1.703615	0.679238	0.320762	1.54361
3672	-3426.839	-3597.258	170.4182	1.546539	0.620521	0.379479	2.039649
3678	-3431.902	-3602.344	170.4422	1.623259	0.652961	0.347039	1.972573
3684	-3445.675	-3615.979	170.3035	1.450461	0.616651	0.383349	2.177843
3690	-3436.261	-3606.39	170.1287	1.430348	0.541424	0.458576	2.303273
3696	-3437.431	-3607.864	170.4337	1.532286	0.616533	0.383467	2.038835
3702	-3448.21	-3618.618	170.4082	1.557744	0.686779	0.313221	2.038835
3708	-3431.836	-3602.203	170.3662	1.582551	0.605846	0.394154	2.050249
3714	-3433.895	-3604.798	170.9026	1.643534	0.659266	0.340734	1.639912
3720	-3436.336	-3607.194	170.8586	1.687521	0.659266	0.340734	1.639912
3726	-3452.787	-3623.869	171.083	1.712307	0.600495	0.399505	1.455782
3732	-3451.326	-3622.403	171.0773	1.603094	0.64473	0.35527	1.541991
3738	-3440.462	-3611.397	170.935	1.637908	0.551151	0.448849	1.620547
3744	-3433.184	-3604.289	171.1049	1.707854	0.626132	0.373868	1.442393
3750	-3441.394	-3612.498	171.1034	1.660815	0.643093	0.356907	1.479319
3756	-3437.267	-3608.508	171.241	1.633616	0.589078	0.410922	1.394636
3762	-3436.491	-3607.154	170.6628	1.633756	0.604934	0.395066	1.815585
3768	-3440.021	-3611.005	170.9839	1.654523	0.579798	0.420202	1.572898
3774	-3443.539	-3614.381	170.8421	1.70344	0.616199	0.383801	1.640303
3780	-3436.609	-3607.087	170.4784	1.591174	0.602655	0.397345	1.969835
3786	-3430.139	-3600.641	170.5027	1.46309	0.627933	0.372067	2.038977
3792	-3430.348	-3600.527	170.1796	1.46451	0.636521	0.363479	2.248787
3798	-3428.005	-3597.969	169.9637	1.302169	0.661532	0.338468	2.488579
3804	-3436.626	-3606.545	169.919	1.346793	0.595004	0.404996	2.488579
3810	-3434.934	-3604.266	169.3328	1.332376	0.581869	0.418131	2.858134
3816	-3440.276	-3609.057	168.7804	1.330365	0.581869	0.418131	3.19033
3822	-3438.272	-3607.456	169.1832	1.243903	0.636291	0.363709	3.001681
3828	-3433.282	-3602.457	169.1749	1.268715	0.63188	0.36812	2.991768
3834	-3426.397	-3593.914	167.5168	1.154674	0.569227	0.430773	4.026324
3840	-3438.44	-3607.065	168.6249	1.270766	0.636901	0.363099	3.317405
3846	-3436.571	-3605.578	169.0078	1.212276	0.683961	0.316039	3.125369
3852	-3428.61	-3597.159	168.5489	1.221242	0.572753	0.427247	3.391146
3858	-3428.84	-3598.079	169.2389	1.337168	0.55179	0.44821	2.912036
3864	-3427.485	-3597.864	170.379	1.43534	0.665328	0.334672	2.138505
3870	-3432.594	-3602.843	170.2484	1.400477	0.702629	0.297371	2.245705
3876	-3439.272	-3609.228	169.9558	1.410254	0.614635	0.385365	2.425691
3882	-3435.695	-3604.103	168.4071	1.221112	0.614635	0.385365	3.474197
3888	-3440.14	-3609.387	169.2475	1.313059	0.749775	0.250225	2.921396
3894	-3429.724	-3599.048	169.3237	1.337122	0.627457	0.372543	2.860759
3900	-3438.317	-3608.09	169.7727	1.328081	0.49443	0.50557	2.591325
3906	-3438.707	-3608.544	169.8365	1.365917	0.678782	0.321218	2.52819
3912	-3442.011	-3611.934	169.9228	1.522464	0.678782	0.321218	2.375664
3918	-3438.006	-3608.913	170.9072	1.531068	0.600339	0.399661	1.716736
3924	-3440.531	-3611.697	171.1659	1.722581	0.602905	0.397095	1.383797
3930	-3439.316	-3610.56	171.2443	1.765062	0.566891	0.433109	1.287174
3936	-3442.545	-3613.411	170.8665	1.791932	0.512023	0.487977	1.55819
3942	-3426.31	-3597.279	170.969	1.604712	0.613035	0.386965	1.620012
3948	-3437.741	-3608.194	170.4526	1.554321	0.689721	0.310279	2.011689
3954	-3449.77	-3620.27	170.4996	1.58858	0.689721	0.310279	1.957362
3960	-3445.401	-3615.049	169.6483	1.377311	0.638519	0.361481	2.637808
3966	-3451.852	-3621.817	169.9657	1.310256	0.605001	0.394999	2.482244
3972	-3441.455	-3611.669	170.2137	1.359739	0.549627	0.450373	2.294097
3978	-3444.946	-3614.243	169.2966	1.394971	0.549627	0.450373	2.842128
3984	-3453.8	-3623.432	169.6318	1.258585	0.580753	0.419247	2.720915
3990	-3444.788	-3615.402	170.6144	1.580744	0.674268	0.325732	1.885079
3996	-3436.244	-3606.94	170.6958	1.630235	0.593988	0.406012	1.795194
4002	-3429.104	-3599.96	170.8559	1.687434	0.613763	0.386237	1.641897
4008	-3440.884	-3611.278	170.394	1.454448	0.608527	0.391473	2.116242
4014	-3444.824	-3615.269	170.4446	1.491091	0.605143	0.394857	2.058855
4020	-3437.009	-3607.7	170.6911	1.581938	0.536232	0.463768	1.831787
4026	-3452.38	-3623.3	170.9205	1.553222	0.56709	0.43291	1.691602
4032	-3445.292	-3615.54	170.2479	1.416215	0.590071	0.409929	2.235902
4038	-3447.326	-3617.555	170.2286	1.435496	0.606071	0.393929	2.235902
4044	-3446.472	-3616.166	169.6944	1.369541	0.683419	0.316581	2.61415
4050	-3444.671	-3614.928	170.2571	1.531993	0.622271	0.377729	2.155005
4056	-3434.65	-3605.012	170.3623	1.426756	0.573506	0.426494	2.155005
4062	-3434.353	-3604.563	170.2105	1.538817	0.534028	0.465972	2.180825
4068	-3437.364	-3607.999	170.6347	1.562179	0.602231	0.397769	1.883856
4074	-3435.289	-3605.761	170.4725	1.50582	0.560825	0.439175	2.03068
4080	-3431.626	-3602.469	170.8422	1.674687	0.571614	0.428386	1.660852
4086	-3431.12	-3601.421	170.3009	1.489115	0.533767	0.466233	2.154377
4092	-3442.927	-3613.531	170.6049	1.484988	0.65522	0.34478	1.956232
4098	-3454.11	-3624.772	170.662	1.492355	0.598663	0.401337	1.91272
4104	-3441.128	-3611.376	170.248	1.487435	0.580739	0.419261	2.189848
4110	-3436.623	-3606.916	170.2937	1.483443	0.666131	0.333869	2.16279
4116	-3438.286	-3608.497	170.2116	1.477913	0.587783	0.412217	2.219537
4122	-3442.47	-3612.911	170.4412	1.463093	0.677444	0.322556	2.079566
4128	-3433.997	-3603.984	169.9878	1.498665	0.737785	0.262215	2.349536
4134	-3436.694	-3606.623	169.9294	1.43081	0.562287	0.437713	2.429358
4140	-3429.732	-3600.09	170.3582	1.474053	0.69826	0.30174	2.126862
4146	-3434.909	-3604.654	169.7446	1.458727	0.528104	0.471896	2.527613
4152	-3452.234	-3621.816	169.5821	1.300956	0.574412	0.425588	2.725414
4158	-3443.166	-3612.645	169.479	1.416182	0.681559	0.318441	2.717995
4164	-3443.324	-3612.335	169.0107	1.230779	0.554757	0.445243	3.112642
4170	-3430.884	-3599.288	168.404	1.221537	0.63202	0.36798	3.475794
4176	-3437.067	-3605.743	168.6762	1.306792	0.63202	0.36798	3.265919
4182	-3444.006	-3613.384	169.3782	1.319498	0.63202	0.36798	2.838421
4188	-3440.341	-3609.995	169.654	1.405244	0.554671	0.445329	2.617028
4194	-3443.967	-3613.652	169.6853	1.341601	0.54271	0.45729	2.637042
4200	-3435.266	-3605.294	170.0282	1.56854	0.615807	0.384193	2.279205
4206	-3440.063	-3610.71	170.6468	1.658703	0.592756	0.407244	1.80939
4212	-3433.204	-3604.25	171.0453	1.675558	0.636053	0.363947	1.511922
4218	-3428.621	-3599.523	170.9023	1.653237	0.80426	0.19574	1.633149
4224	-3429.731	-3600.605	170.8742	1.681323	0.689088	0.310912	1.633149
4230	-3429.863	-3600.808	170.9448	1.642952	0.648597	0.351403	1.609846
4236	-3434.634	-3605.424	170.7893	1.642952	0.5858	0.4142	1.720948
4242	-3430.349	-3601.346	170.9978	1.617923	0.645748	0.354252	1.589496
4248	-3424.765	-3595.596	170.8313	1.646158	0.636235	0.363765	1.689
4254	-3429.009	-3600.386	171.3774	1.959136	0.712063	0.287937	0.9947762
4260	-3428.282	-3599.714	171.4322	1.888932	0.658151	0.341849	1.010143
4266	-3432.925	-3604.374	171.4489	1.788142	0.619813	0.380187	1.090374
4272	-3418.169	-3589.479	171.3098	1.793345	0.577014	0.422986	1.208951
4278	-3432.754	-3603.925	171.1714	1.768941	0.714639	0.285361	1.342869
4284	-3429.568	-3600.797	171.2291	1.711261	0.709282	0.290718	1.342869
4290	-3437.156	-3608.345	171.1888	1.694013	0.576689	0.423311	1.388238
4296	-3429.69	-3600.844	171.154	1.716809	0.462055	0.537945	1.397595
4302	-3426.923	-3598.175	171.2519	1.681797	0.593633	0.406367	1.348194
4308	-3430.932	-3602.214	171.2821	1.751193	0.728241	0.271759	1.267511
4314	-3438.867	-3610.049	171.1825	1.67621	0.543142	0.456858	1.407043
4320	-3443.839	-3615.066	171.2271	1.618797	0.609128	0.390872	1.416981
4326	-3438.672	-3609.145	170.4733	1.503358	0.572382	0.427618	2.031755
4332	-3438.894	-3609.378	170.4842	1.503358	0.63298	0.36702	2.02456
4338	-3439.494	-3609.947	170.4531	1.445465	0.647928	0.352072	2.083363
4344	-3433.11	-3603.176	170.0658	1.469279	0.614999	0.385001	2.318569
4350	-3436.492	-3606.769	170.2765	1.469279	0.79845	0.20155	2.183112
4356	-3433.993	-3604.843	170.8499	1.572896	0.621923	0.378077	1.72763
4362	-3426	-3596.741	170.7405	1.68227	0.586339	0.413661	1.72763
4368	-3431.267	-3602.16	170.8933	1.734337	0.621357	0.378643	1.580812
4374	-3429.36	-3600.416	171.0563	1.654333	0.515067	0.484933	1.519492
4380	-3439.379	-3610.173	170.7945	1.51537	0.490049	0.509951	1.806352
4386	-3451.82	-3622.27	170.4508	1.643877	0.439944	0.560056	1.952982
4392	-3456.532	-3626.765	170.2323	1.57371	0.728831	0.271169	2.143959
4398	-3439.064	-3609.568	170.5043	1.531444	0.581598	0.418402	1.992457
4404	-3439.608	-3609.903	170.2957	1.429204	0.625457	0.374543	2.196627
4410	-3451.454	-3620.535	169.0814	1.12185	0.692028	0.307972	3.135412
4416	-3444.375	-3613.783	169.4084	1.210232	0.690974	0.309026	2.886321
4422	-3446.811	-3616.503	169.6915	1.452858	0.555826	0.444174	2.564333
4428	-3438.699	-3608.806	170.107	1.382527	0.539585	0.460415	2.347568
4434	-3443.148	-3613.532	170.3841	1.549399	0.554857	0.445143	2.060332
4440	-3442.388	-3612.63	170.2427	1.520545	0.621637	0.378363	2.171778
4446	-3446.508	-3616.186	169.6786	1.351385	0.592494	0.407506	2.635101
4452	-3440.369	-3609.612	169.2423	1.335127	0.603813	0.396187	2.911233
4458	-3441.336	-3610.343	169.0066	1.347447	0.682092	0.317908	3.04542
4464	-3433.983	-3603.706	169.7238	1.471219	0.632394	0.367606	2.532772
4470	-3439.711	-3609.411	169.7	1.456361	0.542235	0.457765	2.556842
4476	-3431.148	-3600.951	169.8031	1.289778	0.542235	0.457765	2.596205
4482	-3434.263	-3604.382	170.1192	1.359258	0.692958	0.307042	2.354567
4488	-3443.703	-3612.963	169.2598	1.277233	0.618556	0.381444	2.935554
4494	-3432.766	-3601.019	168.2538	1.136655	0.616068	0.383932	3.612632
4500	-3442.877	-3612.836	169.9584	1.373594	0.635434	0.364566	2.447107
4506	-3440.558	-3610.931	170.3734	1.389166	0.539418	0.460582	2.172244
4512	-3432.112	-3602.828	170.7166	1.546703	0.634025	0.365975	1.838422
4518	-3434.363	-3604.978	170.6146	1.526451	0.579018	0.420982	1.921706
4524	-3436.714	-3607.246	170.5319	1.595013	0.624128	0.375872	1.931295
4530	-3446.053	-3616.761	170.7076	1.496161	0.683659	0.316341	1.879193
4536	-3436.138	-3606.474	170.3356	1.525444	0.709612	0.290388	2.107997
4542	-3441.293	-3611.586	170.2932	1.347066	0.709612	0.290388	2.251266
4548	-3443.585	-3613.746	170.1609	1.344675	0.546931	0.453069	2.337356
4554	-3445.699	-3615.525	169.8264	1.523088	0.547283	0.452717	2.436084
4560	-3456.275	-3626.203	169.9279	1.424292	0.561864	0.438136	2.434396
4566	-3446.77	-3616.495	169.7252	1.259606	0.655291	0.344709	2.662959
4572	-3431.108	-3599.792	168.6837	1.183684	0.670033	0.329967	3.334043
4578	-3431.48	-3600.572	169.0926	1.205846	0.671863	0.328137	3.078637
4584	-3438.718	-3606.055	167.3369	1.184451	0.677908	0.322092	4.111924
4590	-3453.28	-3621.848	168.5685	1.224415	0.520586	0.479414	3.37781
4596	-3461.734	-3630.898	169.164	1.33276	0.537807	0.462193	2.959844
4602	-3449.974	-3617.952	167.9773	1.18459	0.667646	0.332354	3.744864
4608	-3440.321	-3609.17	168.848	1.29104	0.554282	0.445718	3.173518
4614	-3451.059	-3619.311	168.2522	1.194752	0.501725	0.498275	3.579848
4620	-3443.864	-3612.771	168.9067	1.255212	0.592338	0.407662	3.15999
4626	-3439.271	-3607.637	168.3662	1.243256	0.586853	0.413147	3.485174
4632	-3436.757	-3604.438	167.6818	1.273396	0.58797	0.41203	3.863871
4638	-3445.712	-3614.623	168.9114	1.334236	0.449649	0.550351	3.110147
4644	-3446.999	-3615.976	168.9772	1.185819	0.588208	0.411792	3.159293
4650	-3437.615	-3606.956	169.3415	1.295208	0.559281	0.440719	2.875392
4656	-3447.363	-3616.207	168.8443	1.211582	0.533173	0.466827	3.222852
4662	-3443.344	-3611.201	167.8565	1.074903	0.451449	0.548551	3.877548
4668	-3441.228	-3609.108	167.8805	1.14231	0.594109	0.405891	3.825034
4674	-3447.923	-3616.93	169.0067	1.145045	0.516715	0.483285	3.166007
4680	-3457.596	-3625.42	167.8242	1.134247	0.565337	0.434663	3.862008
4686	-3454.897	-3622.854	167.9569	1.127173	0.565337	0.434663	3.789772
4692	-3451.529	-3619.502	167.9736	1.110486	0.644465	0.355535	3.789772
4698	-3440.015	-3608.37	168.3543	1.126448	0.61311	0.38689	3.560174
4704	-3445.119	-3614.422	169.3033	1.256939	0.590482	0.409518	2.921562
4710	-3442.706	-3612.437	169.7315	1.323292	0.587748	0.412252	2.619798
4716	-3453.748	-3623.206	169.4579	1.366565	0.65585	0.34415	2.761228
4722	-3444.129	-3613.218	169.0891	1.277651	0.470857	0.529143	3.037861
4728	-3437.967	-3607.51	169.5429	1.290176	0.711751	0.288249	2.755991
4734	-3427.346	-3597.111	169.7655	1.38859	0.589519	0.410481	2.558291
4740	-3432.501	-3601.542	169.0409	1.321355	0.556548	0.443452	3.040544
4746	-3435.126	-3604.313	169.1868	1.322129	0.556548	0.443452	2.952506
4752	-3428.012	-3597.367	169.355	1.334959	0.627235	0.372765	2.843104
4758	-3430.187	-3599.646	169.4589	1.23549	0.638608	0.361392	2.840396
4764	-3442.335	-3611.613	169.2781	1.416319	0.660204	0.339796	2.840396
4770	-3436.329	-3606.01	169.6802	1.331711	0.646282	0.353718	2.646268
4776	-3429.513	-3598.802	169.2884	1.263044	0.584263	0.415737	2.92686
4782	-3436.032	-3606.922	170.89	1.625669	0.555725	0.444275	1.66173
4788	-3447.185	-3617.979	170.7943	1.727978	0.588188	0.411812	1.657019
4794	-3436.142	-3606.687	170.5449	1.598315	0.571942	0.428058	1.920241
4800	-3441.851	-3612.392	170.5414	1.529702	0.575539	0.424461	1.96881
4806	-3430.685	-3600.895	170.2095	1.419796	0.503066	0.496934	2.258268
4812	-3440.6	-3610.737	170.1373	1.334447	0.51128	0.48872	2.358864
4818	-3441.916	-3611.988	170.0719	1.399853	0.525004	0.474996	2.358864
4824	-3456.898	-3625.88	168.9827	1.257758	0.525004	0.474996	3.113251
4830	-3440.828	-3610.705	169.8776	1.27996	0.616357	0.383643	2.55611
4836	-3445.68	-3614.77	169.0897	1.30558	0.654462	0.345538	3.020778
4842	-3449.912	-3619.211	169.299	1.23715	0.654462	0.345538	2.936114
4848	-3442.125	-3611.029	168.9037	1.200816	0.582321	0.417679	3.194013
4854	-3435.682	-3604.468	168.7864	1.215568	0.582321	0.417679	3.25468
4860	-3438.939	-3607.96	169.0209	1.232397	0.57477	0.42523	3.105574
4866	-3452.612	-3622.18	169.5678	1.314163	0.615357	0.384643	2.726073
4872	-3443.029	-3612.809	169.7805	1.393926	0.600081	0.399919	2.545588
4878	-3440.601	-3610.335	169.7335	1.348098	0.621002	0.378998	2.603233
4884	-3453.859	-3621.364	167.5053	0.9945336	0.674304	0.325696	4.124151
4890	-3440.86	-3609.508	168.6485	1.261566	0.578776	0.421224	3.308913
4896	-3449.17	-3618.332	169.1612	1.261566	0.51364	0.48636	3.00427
4902	-3444.687	-3614.219	169.5323	1.35268	0.518001	0.481999	2.724227
4908	-3432.95	-3603.307	170.3567	1.414484	0.617928	0.382072	2.166617
4914	-3434.595	-3605.308	170.7137	1.653755	0.466287	0.533713	1.766363
4920	-3434.756	-3605.513	170.7563	1.611188	0.545392	0.454608	1.766363
4926	-3436.957	-3607.641	170.6841	1.56702	0.650035	0.349965	1.846787
4932	-3444.009	-3614.288	170.2784	1.609197	0.586188	0.413812	2.090571
4938	-3444.716	-3614.806	170.0899	1.426192	0.456287	0.543713	2.330671
4944	-3450.935	-3620.984	170.0489	1.369518	0.441856	0.558144	2.392637
4950	-3438.284	-3607.546	169.2629	1.299139	0.397196	0.602804	2.920479
4956	-3438.907	-3608.404	169.497	1.255457	0.636361	0.363639	2.805146
4962	-3446.848	-3617.276	170.4279	1.50939	0.667671	0.332329	2.057846
4968	-3434.928	-3605.51	170.5814	1.504131	0.537885	0.462115	1.95912
4974	-3429.699	-3600.208	170.5095	1.568934	0.507256	0.492744	1.963895
4980	-3436.345	-3606.813	170.4679	1.447529	0.467434	0.532566	2.072243
4986	-3433.592	-3604.305	170.713	1.528391	0.714702	0.285298	1.853454
4992	-3440.021	-3610.65	170.6299	1.623009	0.483215	0.516785	1.845612
4998	-3442.324	-3613.294	170.97	1.643829	0.573508	0.426492	1.590896
5004	-3434.384	-3605.306	170.9223	1.633698	0.611972	0.388028	1.632794
5010	-3438.001	-3608.657	170.6561	1.633698	0.533527	0.466473	1.820255
5016	-3439.146	-3609.899	170.7536	1.536175	0.547624	0.452376	1.820255
5022	-3440.622	-3611.035	170.4131	1.394379	0.605283	0.394717	2.143
5028	-3435.425	-3605.625	170.2007	1.390801	0.559255	0.440745	2.282552
5034	-3438.892	-3609.11	170.2178	1.489508	0.607749	0.392251	2.208069
5040	-3440.702	-3610.943	170.2409	1.479973	0.538273	0.461727	2.199281
5046	-3438.03	-3608.443	170.4129	1.605177	0.530713	0.469287	2.004202
5052	-3434.615	-3605.137	170.522	1.496148	0.548622	0.451378	2.004202
5058	-3439.569	-3610.49	170.9211	1.637383	0.538625	0.461375	1.631025
5064	-3443.637	-3614.554	170.9175	1.645072	0.543549	0.456451	1.628075
5070	-3431.787	-3602.654	170.8669	1.695674	0.579276	0.420724	1.628075
5076	-3440.84	-3611.721	170.8815	1.741749	0.704382	0.295618	1.584014
5082	-3430.841	-3602.175	171.3338	1.847756	0.523506	0.476494	1.140657
5088	-3437.42	-3608.706	171.2864	1.89129	0.573936	0.426064	1.144138
5094	-3425.615	-3597.022	171.4063	1.89129	0.662977	0.337023	1.033188
5100	-3426.774	-3598.103	171.3293	1.999162	0.674987	0.325013	1.002862
5106	-3429.533	-3600.907	171.3744	1.90097	0.616707	0.383293	1.054446
5112	-3431.085	-3602.557	171.4719	1.836925	0.680769	0.319231	1.022227
5118	-3430.495	-3601.874	171.3789	1.885319	0.56479	0.43521	1.065043
5124	-3436.67	-3608.062	171.3924	1.937902	0.540891	0.459109	1.000988
5130	-3438.552	-3609.738	171.1861	1.812757	0.563808	0.436192	1.295734
5136	-3429.764	-3601.037	171.2724	1.841969	0.563808	0.436192	1.199334
5142	-3442.914	-3612.153	169.2382	1.23241	0.464039	0.535961	2.97553
5148	-3436.263	-3604.455	168.192	1.078041	0.568797	0.431203	3.682405
5154	-3443.851	-3610.778	166.9264	0.9570933	0.491622	0.508378	4.472907
5160	-3434.299	-3602.859	168.5601	1.159827	0.588549	0.411451	3.420591
5166	-3429.257	-3598.183	168.9259	1.277839	0.61309	0.38691	3.1351
5172	-3449.687	-3618.613	168.9259	1.277839	0.664614	0.335386	3.1351
5178	-3440.239	-3609.823	169.5843	1.371081	0.610456	0.389544	2.681086
5184	-3446.116	-3615.455	169.3384	1.284844	0.718282	0.281718	2.883518
5190	-3443.242	-3611.8	168.5578	1.178991	0.670558	0.329442	3.410715
5196	-3447.526	-3616.081	168.5552	1.178991	0.674453	0.325547	3.412247
5202	-3455.494	-3622.047	166.5529	1.168032	0.589867	0.410133	4.564286
5208	-3441.689	-3609.743	168.0544	1.046484	0.611808	0.388192	3.780047
5214	-3439.515	-3607.529	168.0145	1.158719	0.508867	0.491133	3.738331
5220	-3441.134	-3609.19	168.0563	1.116926	0.577592	0.422408	3.738331
5226	-3438.054	-3606.074	168.0195	1.153784	0.555625	0.444375	3.738331
5232	-3438.8	-3607.478	168.6782	1.257116	0.643318	0.356682	3.29404
5238	-3443.332	-3612.861	169.5294	1.318606	0.667006	0.332994	2.746849
5244	-3449.8	-3619.157	169.3571	1.399852	0.62006	0.37994	2.802434
5250	-3446.505	-3616.381	169.876	1.308878	0.735003	0.264997	2.539085
5256	-3452.299	-3622.054	169.7544	1.351689	0.649363	0.350637	2.588018
5262	-3451.561	-3621.341	169.7804	1.412929	0.682343	0.317657	2.53384
5268	-3442.954	-3612.719	169.7652	1.428157	0.570985	0.429015	2.53384
5274	-3449.853	-3619.308	169.455	1.245064	0.723529	0.276471	2.836972
5280	-3455.453	-3624.604	169.1504	1.183363	0.550101	0.449899	3.057598
5286	-3457.437	-3626.777	169.3399	1.303043	0.498208	0.501792	2.871579
5292	-3452.448	-3621.246	168.7989	1.242166	0.667426	0.332574	3.231619
5298	-3447.413	-3616.211	168.7989	1.242166	0.62243	0.37757	3.231619
5304	-3437.918	-3605.852	167.9345	1.231041	0.704657	0.295343	3.742758
5310	-3447.742	-3615.604	167.8627	1.144332	0.6149	0.3851	3.834075
5316	-3442.791	-3611.004	168.2124	1.088287	0.543052	0.456948	3.664677
5322	-3449.501	-3617.525	168.0237	1.276956	0.508578	0.491422	3.664677
5328	-3438.604	-3607.628	169.0245	1.225657	0.599202	0.400798	3.107465
5334	-3439.133	-3607.749	168.6167	1.268721	0.619963	0.380037	3.32345
5340	-3434.014	-3601.934	167.9208	1.187175	0.61484	0.38516	3.776009
5346	-3436.602	-3605.729	169.1275	1.228067	0.684559	0.315441	3.044514
5352	-3442.734	-3611.927	169.1932	1.21492	0.664413	0.335587	3.013058
5358	-3453.976	-3621.479	167.5029	1.069689	0.649786	0.350214	4.082754
5364	-3437.758	-3606.772	169.0141	1.15625	0.706696	0.293304	3.15494
5370	-3442.479	-3611.021	168.5415	1.2192	0.447967	0.552033	3.39667
5376	-3443.847	-3611.382	167.5352	1.14055	0.578778	0.421222	4.02389
5382	-3441.369	-3610.126	168.7567	1.208229	0.693596	0.306404	3.276606
5388	-3437.323	-3605.296	167.9736	1.08594	0.633635	0.366365	3.803901
5394	-3438.748	-3606.766	168.0185	1.141432	0.673326	0.326674	3.745997
5400	-3438.945	-3606.583	167.6375	1.144587	0.63473	0.36527	3.963092
5406	-3429.915	-3598.967	169.0521	1.16151	0.667645	0.332355	3.129204
5412	-3431.753	-3600.978	169.2254	1.262943	0.667645	0.332355	2.964902
5418	-3430.353	-3600.916	170.563	1.521947	0.511014	0.488986	1.959503
5424	-3430.874	-3601.516	170.6421	1.602027	0.583728	0.416272	1.851589
5430	-3426.565	-3597.121	170.5561	1.428421	0.6382	0.3618	2.026538
5436	-3430.65	-3601.382	170.7315	1.51642	0.533131	0.466869	1.849036
5442	-3420.893	-3591.79	170.8977	1.654937	0.559326	0.440674	1.635229
5448	-3421.708	-3592.783	171.0753	1.654937	0.740381	0.259619	1.504879
5454	-3424.255	-3595.114	170.8586	1.654937	0.6762	0.3238	1.663244
5460	-3425.213	-3595.817	170.6041	1.487097	0.651482	0.348518	1.95531
5466	-3436.031	-3606.719	170.6873	1.490551	0.739454	0.260546	1.896827
5472	-3432.235	-3602.882	170.6469	1.436522	0.618951	0.381049	1.960533
5478	-3440.048	-3610.457	170.4092	1.550715	0.606923	0.393077	2.042868
5484	-3439.396	-3609.693	170.2963	1.480214	0.768431	0.231569	2.163183
5490	-3428.076	-3597.739	169.6627	1.336734	0.715718	0.284282	2.653954
5496	-3425.746	-3595.241	169.4956	1.267621	0.608992	0.391008	2.798603
5502	-3431.497	-3600.912	169.4145	1.288108	0.695695	0.304305	2.835426
5508	-3425.527	-3594.548	169.0211	1.288108	0.74207	0.25793	3.072242
5514	-3430.775	-3599.201	168.4261	1.230678	0.65568	0.34432	3.457527
5520	-3435.706	-3604.961	169.2549	1.307115	0.635193	0.364807	2.920516
5526	-3440.595	-3610.155	169.5603	1.263299	0.52522	0.47478	2.761795
5532	-3440.807	-3609.304	168.4966	1.207888	0.463985	0.536015	3.429598
5538	-3434.951	-3604.532	169.5805	1.238922	0.671815	0.328185	2.764308
5544	-3428.173	-3598.03	169.8573	1.277042	0.571168	0.428832	2.570542
5550	-3427.988	-3597.557	169.5685	1.246928	0.52513	0.47487	2.766737
5556	-3455.392	-3625.355	169.9635	1.354449	0.664823	0.335177	2.455902
5562	-3435.745	-3605.686	169.9405	1.281114	0.721335	0.278665	2.516193
5568	-3431.369	-3600.549	169.18	1.254154	0.601518	0.398482	2.997435
5574	-3433.891	-3601.888	167.9973	1.210861	0.699166	0.300834	3.718182
5580	-3443.518	-3611.561	168.0428	1.122651	0.646364	0.353636	3.742819
5586	-3433.539	-3603.705	170.1666	1.433315	0.657476	0.342524	2.277157
5592	-3440.102	-3610.575	170.4731	1.514081	0.728645	0.271355	2.02479
5598	-3431.219	-3601.543	170.3245	1.501842	0.669415	0.330585	2.130724
5604	-3441.14	-3611.837	170.697	1.618364	0.684599	0.315401	1.802579
5610	-3436.903	-3608.089	171.1869	1.618364	0.708167	0.291833	1.448163
5616	-3444.022	-3614.992	170.9695	1.592995	0.614564	0.385436	1.628082
5622	-3447.886	-3619.108	171.2223	1.758385	0.68447	0.31553	1.310529
5628	-3444.635	-3615.901	171.2665	1.905404	0.638082	0.361918	1.149243
5634	-3452.807	-3624.094	171.2876	1.884309	0.575533	0.424467	1.149243
5640	-3447.245	-3618.621	171.3754	1.87297	0.575533	0.424467	1.079891
5646	-3439.927	-3611.243	171.3164	1.936739	0.632027	0.367973	1.075479
5652	-3443.316	-3614.784	171.4682	2.026983	0.656953	0.343047	0.8170128
5658	-3437.935	-3609.376	171.4411	1.929796	0.620395	0.379605	0.9595738
5664	-3438.051	-3609.284	171.2336	1.989617	0.620649	0.379351	1.103123
5670	-3430.389	-3601.775	171.3861	1.989617	0.557223	0.442777	0.9544532
5676	-3436.516	-3607.89	171.3738	2.011766	0.557223	0.442777	0.9440637
5682	-3443.1	-3614.426	171.3255	1.934796	0.567863	0.432137	1.068774
5688	-3438.916	-3610.389	171.4724	1.969326	0.523322	0.476678	0.8820047
5694	-3439.766	-3611.237	171.4709	1.885557	0.647752	0.352248	0.9744734
5700	-3439.935	-3611.328	171.3931	1.995479	0.651597	0.348403	0.9408733
5706	-3435.283	-3606.657	171.3737	1.898169	0.69133	0.30867	1.057839
5712	-3437.159	-3608.51	171.351	1.884965	0.584048	0.415952	1.091383
5718	-3443.428	-3614.817	171.3888	2.076361	0.644042	0.355958	0.8543738
5724	-3438.904	-3610.363	171.4584	2.006713	0.565348	0.434652	0.8543738
5730	-3439.263	-3610.656	171.3924	2.185752	0.693859	0.306141	0.6936969
5736	-3439.748	-3611.116	171.3681	2.168111	0.749684	0.250316	0.7609783
5742	-3446.744	-3618.233	171.4891	2.045681	0.623033	0.376967	0.7630575
5748	-3430.108	-3601.536	171.4282	2.012904	0.623033	0.376967	0.8826985
5754	-3429.657	-3601.016	171.3597	1.994643	0.615582	0.384418	0.9766596
5760	-3436.934	-3608.343	171.409	1.892854	0.534548	0.465452	1.029019
5766	-3443.484	-3614.82	171.3361	1.942056	0.667538	0.332462	1.051837
5772	-3444.505	-3615.873	171.3685	1.909649	0.66213	0.33787	1.051837
5778	-3435.813	-3607.256	171.443	1.981154	0.680113	0.319887	0.9019388
5784	-3436.84	-3608.227	171.3874	1.926796	0.766756	0.233244	1.01693
5790	-3435.69	-3607.016	171.3258	1.926796	0.655708	0.344292	1.07595
5796	-3443.246	-3614.643	171.3969	1.989567	0.669586	0.330414	0.9430946
5802	-3435.212	-3606.561	171.3488	1.870644	0.68504	0.31496	1.106521
5808	-3436.573	-3607.738	171.1642	1.817314	0.646971	0.353029	1.30986
5814	-3433.782	-3604.751	170.9687	1.832449	0.616487	0.383513	1.451261
5820	-3434.775	-3605.454	170.6795	1.633779	0.650032	0.349968	1.804027
5826	-3441.524	-3611.92	170.3963	1.492595	0.595553	0.404447	2.089715
5832	-3440.063	-3610.251	170.1874	1.489192	0.567813	0.432187	2.227866
5838	-3439.153	-3610.247	171.0945	1.717199	0.593362	0.406638	1.443239
5844	-3458.565	-3629.492	170.9264	1.762093	0.566927	0.433073	1.535964
5850	-3448.63	-3619.645	171.0152	1.706681	0.578886	0.421114	1.511142
5856	-3438.357	-3609.609	171.2524	1.69805	0.598397	0.401603	1.33485
5862	-3427.226	-3598.435	171.209	1.741353	0.669648	0.330352	1.33485
5868	-3432.789	-3603.994	171.2047	1.830541	0.504563	0.495437	1.265928
5874	-3434.668	-3605.481	170.8132	1.68314	0.516875	0.483125	1.675553
5880	-3437.331	-3608.371	171.04	1.64388	0.729262	0.270738	1.539423
5886	-3433.279	-3602.828	169.5483	1.3537	0.63387	0.36613	2.713802
5892	-3437.98	-3607.615	169.6353	1.448372	0.564959	0.435041	2.601956
5898	-3430.34	-3600.855	170.5154	1.525215	0.620764	0.379236	1.989186
5904	-3435.393	-3606.056	170.6631	1.6843	0.64188	0.35812	1.780375
5910	-3438.166	-3608.92	170.7546	1.592714	0.677174	0.322826	1.780375
5916	-3439.823	-3610.585	170.7622	1.585152	0.528335	0.471665	1.780375
5922	-3433.975	-3604.834	170.8591	1.588481	0.608147	0.391853	1.710164
5928	-3435.861	-3606.283	170.4215	1.420806	0.480621	0.519379	2.120258
5934	-3434.171	-3604.972	170.8007	1.520002	0.532822	0.467178	1.798844
5940	-3444.467	-3614.547	170.0801	1.481196	0.528856	0.471144	2.30182
5946	-3442.154	-3613.18	171.0257	1.694156	0.573043	0.426957	1.512629
5952	-3440.317	-3611.186	170.8688	1.63027	0.499565	0.500435	1.673576
5958	-3430.981	-3601.844	170.8622	1.464282	0.541805	0.458195	1.794854
5964	-3434.1	-3604.174	170.074	1.505804	0.614095	0.385905	2.290034
5970	-3437.423	-3606.996	169.5732	1.288097	0.530244	0.469756	2.73875
5976	-3440.617	-3610.596	169.9789	1.447525	0.530244	0.469756	2.387578
5982	-3448.471	-3618.825	170.354	1.438519	0.598941	0.401059	2.152738
5988	-3436.506	-3607.156	170.6499	1.498688	0.630613	0.369387	1.916635
5994	-3431.861	-3602.213	170.3519	1.391116	0.638626	0.361374	2.184924
6000	-3435.15	-3605.399	170.2492	1.407158	0.546262	0.453738	2.240888
6006	-3444.443	-3614.779	170.3361	1.527852	0.593047	0.406953	2.106109
6012	-3444.641	-3615.503	170.8624	1.496315	0.561324	0.438676	1.772447
6018	-3438.48	-3608.66	170.1798	1.473421	0.539395	0.460605	2.242911
6024	-3435.419	-3605.672	170.2532	1.400039	0.587461	0.412539	2.242911
6030	-3430.597	-3600.872	170.2748	1.436622	0.530025	0.469975	2.20536
6036	-3439.787	-3610.055	170.2679	1.392286	0.708237	0.291763	2.238428
6042	-3438.848	-3609.265	170.4168	1.446285	0.50972	0.49028	2.106625
6048	-3433.76	-3602.943	169.1826	1.293281	0.587402	0.412598	2.972411
6054	-3437.488	-3606.908	169.4198	1.308897	0.586595	0.413405	2.819562
6060	-3435.65	-3605.186	169.5368	1.318128	0.541	0.459	2.742655
6066	-3440.23	-3609.778	169.5478	1.307115	0.621819	0.378181	2.742655
6072	-3453.302	-3622.152	168.8502	1.304988	0.605145	0.394855	3.163957
6078	-3446.768	-3615.784	169.016	1.139164	0.556042	0.443958	3.163957
6084	-3443.1	-3612.583	169.4836	1.251868	0.703964	0.296036	2.815474
6090	-3431.466	-3600.889	169.4222	1.313246	0.672725	0.327275	2.815474
6096	-3430.86	-3601.475	170.6158	1.454615	0.604943	0.395057	1.969296
6102	-3431.068	-3601.76	170.6918	1.478893	0.604943	0.395057	1.901649
6108	-3437.701	-3607.781	170.08	1.40782	0.589426	0.410574	2.348669
6114	-3435.274	-3603.961	168.687	1.276159	0.561304	0.438696	3.277616
6120	-3441.873	-3610.262	168.3895	1.142461	0.623807	0.376193	3.530387
6126	-3438.421	-3607.807	169.3861	1.156339	0.50813	0.49187	2.932292
6132	-3436.668	-3606.404	169.7363	1.35438	0.645198	0.354802	2.597574
6138	-3446.854	-3615.235	168.3818	1.122009	0.600561	0.399439	3.546746
6144	-3443.709	-3612.018	168.3096	1.295938	0.484462	0.515538	3.487485
6150	-3444.327	-3613.955	169.6275	1.467828	0.635198	0.364802	2.594696
6156	-3445.76	-3614.291	168.5315	1.17281	0.569893	0.430107	3.429729
6162	-3447.561	-3617.767	170.2062	1.541688	0.556912	0.443088	2.181751
6168	-3446.658	-3616.744	170.0863	1.62266	0.577744	0.422256	2.20696
6174	-3435.808	-3606.17	170.3621	1.469762	0.539384	0.460616	2.127091
6180	-3437.999	-3608.178	170.1788	1.335615	0.552526	0.447474	2.331756
6186	-3425.75	-3594.944	169.1933	1.284593	0.746983	0.253017	2.971179
6192	-3439.34	-3606.74	167.4004	1.003017	0.801639	0.198361	4.178969
6198	-3444.806	-3612.115	167.3094	1.094057	0.567511	0.432489	4.178969
6204	-3437.246	-3605.921	168.6748	1.080281	0.567511	0.432489	3.399983
6210	-3425.955	-3595.125	169.1699	1.359873	0.524614	0.475386	2.939941
6216	-3424.074	-3593.935	169.8604	1.406657	0.783315	0.216685	2.487789
6222	-3445.763	-3614.978	169.2145	1.296499	0.583887	0.416113	2.951235
6228	-3446.277	-3615.736	169.4588	1.3348	0.587903	0.412097	2.780064
6234	-3446.815	-3617.264	170.4487	1.383142	0.702711	0.297289	2.127091
6240	-3465.596	-3632.595	166.999	1.053298	0.677991	0.322009	4.377769
6246	-3450.915	-3617.082	166.167	1.055573	0.625109	0.374891	4.843155
6252	-3445.824	-3614.061	168.2373	1.175055	0.718644	0.281356	3.599933
6258	-3443.591	-3612.417	168.8264	1.230295	0.557894	0.442106	3.222377
6264	-3432.917	-3601.279	168.3614	1.228537	0.667919	0.332081	3.496563
6270	-3439.029	-3608.413	169.3838	1.227897	0.57993	0.42007	2.890521
6276	-3432.987	-3601.797	168.8103	1.349107	0.620222	0.379778	3.161454
6282	-3435.142	-3604.655	169.5123	1.356669	0.684914	0.315086	2.734035
6288	-3429.581	-3599.11	169.5289	1.319541	0.660585	0.339415	2.746591
6294	-3442.065	-3611.595	169.5303	1.253134	0.617089	0.382911	2.786266
6300	-3438.964	-3607.505	168.5417	1.263196	0.564328	0.435672	3.37074
6306	-3437.837	-3606.291	168.4537	1.144942	0.564328	0.435672	3.491475
6312	-3442.456	-3611.627	169.171	1.13418	0.561926	0.438074	3.07465
6318	-3430.281	-3598.596	168.3147	1.286265	0.579977	0.420023	3.49012
6324	-3429.704	-3599.248	169.5447	1.406073	0.497482	0.502518	2.683895
6330	-3434.894	-3605.208	170.3137	1.476354	0.651845	0.348155	2.154376
6336	-3441.757	-3611.889	170.1314	1.516224	0.557488	0.442512	2.246509
6342	-3445.716	-3615.491	169.775	1.492764	0.618024	0.381976	2.487365
6348	-3433.524	-3603.826	170.3016	1.514196	0.593501	0.406499	2.137611
6354	-3444.679	-3614.922	170.2428	1.569419	0.579674	0.420326	2.139902
6360	-3440.606	-3610.848	170.2412	1.472681	0.652504	0.347496	2.203789
6366	-3441.131	-3611.43	170.2989	1.441903	0.695792	0.304208	2.186337
6372	-3438.774	-3609.304	170.5294	1.589629	0.65286	0.34714	1.936582
6378	-3427.535	-3598.22	170.6849	1.654659	0.6605	0.3395	1.785789
6384	-3449.707	-3620.567	170.8602	1.642285	0.582431	0.417569	1.671122
6390	-3454.426	-3625.473	171.0472	1.681996	0.58643	0.41357	1.505639
6396	-3457.77	-3628.519	170.7485	1.63071	0.66795	0.33205	1.758147
6402	-3442.217	-3612.953	170.7365	1.541238	0.727145	0.272855	1.828511
6408	-3449.641	-3620.392	170.7509	1.526868	0.617472	0.382528	1.828511
6414	-3450.507	-3618.063	167.5561	1.109068	0.649114	0.350886	4.029945
6420	-3452.271	-3619.748	167.4776	1.115149	0.509175	0.490825	4.071227
6426	-3445.458	-3613.469	168.0116	1.155944	0.572256	0.427744	3.741617
6432	-3448.629	-3617.333	168.7043	1.243821	0.593025	0.406975	3.286467
6438	-3438.511	-3607.581	169.0703	1.299215	0.544549	0.455451	3.036159
6444	-3442.208	-3611.571	169.3625	1.183416	0.740387	0.259613	2.930235
6450	-3429.97	-3597.792	167.8216	1.130113	0.542377	0.457623	3.865887
6456	-3441.702	-3609.872	168.1703	1.21691	0.498249	0.501751	3.614527
6462	-3448.871	-3617.798	168.9271	1.152388	0.58308	0.41692	3.20886
6468	-3443.849	-3612.171	168.3217	1.096646	0.592012	0.407988	3.596454
6474	-3452.045	-3621.454	169.4092	1.248	0.578718	0.421282	2.862972
6480	-3444.893	-3615.936	171.0438	1.706499	0.726862	0.273138	1.489803
6486	-3453.948	-3625.248	171.2998	1.764647	0.741231	0.258769	1.241608
6492	-3446.888	-3617.347	170.4594	1.521092	0.52115	0.47885	2.029221
6498	-3445.37	-3615.568	170.1978	1.556875	0.527266	0.472734	2.177381
6504	-3431.595	-3603.003	171.4083	1.92957	0.582774	0.417226	0.9933854
6510	-3444.763	-3616.196	171.4334	1.962022	0.689088	0.310912	0.9335085
6516	-3439.044	-3610.475	171.4307	1.919451	0.568056	0.431944	0.98095
6522	-3448.014	-3619.387	171.3728	1.977354	0.550953	0.449047	0.98095
6528	-3447.846	-3619.218	171.3728	1.977354	0.550953	0.449047	0.98095
6534	-3440.655	-3612.096	171.4405	1.922664	0.637159	0.362841	0.9675662
6540	-3437.764	-3609.118	171.3535	1.871051	0.638967	0.361033	1.101885
6546	-3438.045	-3609.254	171.2094	1.692373	0.627257	0.372743	1.373383
6552	-3445.181	-3616.079	170.8982	1.519364	0.70079	0.29921	1.731288
6558	-3430.888	-3601.525	170.6367	1.529665	0.599279	0.400721	1.904607
6564	-3436.713	-3607.227	170.5144	1.507615	0.581841	0.418159	2.00164
6570	-3443.835	-3614.384	170.5492	1.615732	0.636233	0.363767	1.905535
6576	-3446.683	-3617.335	170.6525	1.494421	0.636233	0.363767	1.91776
6582	-3451.299	-3621.571	170.2716	1.440296	0.632781	0.367219	2.205095
6588	-3449.299	-3619.614	170.3153	1.396549	0.590859	0.409141	2.205095
6594	-3460.188	-3630.558	170.3699	1.502162	0.511263	0.488737	2.100761
6600	-3451.977	-3621.36	169.3832	1.425606	0.561006	0.438994	2.770827
6606	-3452.231	-3622.486	170.2551	1.474168	0.690955	0.309045	2.193817
6612	-3434.454	-3603.887	169.4331	1.458011	0.639913	0.360087	2.720494
6618	-3437.38	-3607.345	169.9656	1.398663	0.64784	0.35216	2.426807
6624	-3447.588	-3617.02	169.4324	1.413805	0.70569	0.29431	2.747948
6630	-3441.411	-3610.773	169.3622	1.315638	0.582218	0.417782	2.85048
6636	-3448.456	-3617.16	168.7041	1.264648	0.582218	0.417782	3.274319
6642	-3441.311	-3610.191	168.8805	1.296556	0.648527	0.351473	3.150963
6648	-3432.898	-3601.78	168.8819	1.255533	0.648527	0.351473	3.174494
6654	-3442.245	-3611.031	168.7866	1.255533	0.641066	0.358934	3.230961
6660	-3439.198	-3608.386	169.1874	1.273959	0.544715	0.455285	2.981137
6666	-3439.449	-3607.587	168.1383	1.119927	0.534298	0.465702	3.689213
6672	-3448.176	-3618.362	170.1858	1.432912	0.497255	0.502745	2.265102
6678	-3437.946	-3608.449	170.5029	1.470395	0.481765	0.518235	2.03397
6684	-3436.613	-3606.646	170.0333	1.37534	0.47362	0.52638	2.39883
6690	-3429.827	-3599.651	169.8244	1.384731	0.588347	0.411653	2.524022
6696	-3430.821	-3600.323	169.5014	1.416067	0.572029	0.427971	2.704316
6702	-3432.974	-3602.179	169.2049	1.356518	0.633062	0.366938	2.920863
6708	-3438.205	-3607.236	169.0311	1.355911	0.475641	0.524359	3.025721
6714	-3437.383	-3605.887	168.504	1.122129	0.590782	0.409218	3.47543
6720	-3431.556	-3599.837	168.2814	1.25609	0.480588	0.519412	3.527112
6726	-3435.156	-3602.445	167.2897	1.162663	0.573579	0.426421	4.151141
6732	-3433.976	-3602.495	168.5182	1.146688	0.538233	0.461767	3.452774
6738	-3430.933	-3598.674	167.7409	1.041003	0.523678	0.476322	3.963195
6744	-3433.473	-3601.78	168.3066	1.053914	0.513793	0.486207	3.629989
6750	-3430.291	-3598.35	168.0591	1.136468	0.548806	0.451194	3.725478
6756	-3431.863	-3599.385	167.522	1.254373	0.521157	0.478843	3.966382
6762	-3436.064	-3604.919	168.8546	1.315242	0.68307	0.31693	3.155232
6768	-3431.604	-3601.401	169.7969	1.356133	0.678048	0.321952	2.558937
6774	-3432.892	-3602.693	169.8004	1.388609	0.568428	0.431572	2.536527
6780	-3438.482	-3608.548	170.0654	1.492045	0.649968	0.350032	2.304299
6786	-3443.982	-3613.63	169.6479	1.449978	0.510088	0.489912	2.593126
6792	-3444.853	-3614.571	169.7179	1.379952	0.60292	0.39708	2.593126
6798	-3436.01	-3605.914	169.9039	1.398158	0.53667	0.46333	2.465902
6804	-3441.308	-3611.136	169.8285	1.374968	0.623171	0.376829	2.52754
6810	-3451.379	-3621.194	169.816	1.387495	0.599499	0.400501	2.52754
6816	-3448.251	-3617.177	168.9265	1.131423	0.548822	0.451178	3.22162
6822	-3444.255	-3612.946	168.6917	1.156031	0.525529	0.474471	3.345575
6828	-3453.898	-3622.461	168.5629	1.284867	0.475261	0.524739	3.345575
6834	-3438.221	-3606.601	168.38	1.235522	0.546699	0.453301	3.481643
6840	-3431.973	-3600.299	168.3259	1.106659	0.640813	0.359187	3.588157
6846	-3436.691	-3605.982	169.2911	1.360937	0.570204	0.429796	2.866082
6852	-3430.577	-3600.186	169.6093	1.388157	0.556608	0.443392	2.655191
6858	-3423.98	-3594.152	170.1717	1.478905	0.556608	0.443392	2.244592
6864	-3434.895	-3605.082	170.1866	1.484006	0.571606	0.428394	2.231736
6870	-3438.479	-3609.143	170.6641	1.472615	0.479694	0.520306	1.924679
6876	-3439.31	-3609.654	170.3449	1.580756	0.46321	0.53679	2.065522
6882	-3440.291	-3610.115	169.8236	1.361761	0.600778	0.399222	2.538808
6888	-3433.453	-3602.183	168.7292	1.374953	0.550383	0.449617	3.19423
6894	-3436.321	-3606.01	169.689	1.459736	0.588412	0.411588	2.561566
6900	-3439.064	-3609.198	170.1341	1.447025	0.594201	0.405799	2.289156
6906	-3434.17	-3603.856	169.6854	1.436536	0.552434	0.447566	2.578222
6912	-3432.766	-3602.994	170.228	1.456236	0.6609	0.3391	2.22294
6918	-3444.765	-3615.745	170.9804	1.739782	0.48162	0.51838	1.512436
6924	-3440.029	-3610.901	170.8728	1.649561	0.56996	0.43004	1.656959
6930	-3441.393	-3612.146	170.7532	1.567784	0.636863	0.363137	1.798703
6936	-3430.451	-3601.411	170.9609	1.592599	0.584686	0.415314	1.634618
6942	-3437.658	-3608.131	170.473	1.592599	0.542992	0.457008	1.972507
6948	-3444.942	-3615.347	170.4045	1.550437	0.524526	0.475474	2.046165
6954	-3435.293	-3605.215	169.9211	1.477389	0.438223	0.561777	2.405195
6960	-3449.909	-3619.348	169.4382	1.375612	0.564833	0.435167	2.767728
6966	-3437.896	-3607.901	170.0048	1.416692	0.583528	0.416472	2.390702
6972	-3446.52	-3616.381	169.8615	1.410099	0.664428	0.335572	2.484948
6978	-3445.266	-3615.564	170.2979	1.544102	0.628988	0.371012	2.12047
6984	-3449.713	-3620.035	170.3213	1.544102	0.591218	0.408782	2.105145
6990	-3438.663	-3608.96	170.2966	1.448925	0.595527	0.404473	2.183322
6996	-3441.769	-3611.29	169.5204	1.428994	0.57279	0.42721	2.684729
7002	-3440.628	-3610.511	169.8827	1.343663	0.639789	0.360211	2.513259
7008	-3432.126	-3601.498	169.3723	1.41036	0.639789	0.360211	2.786773
7014	-3439.017	-3607.819	168.8017	1.282017	0.473341	0.526659	3.206326
7020	-3442.905	-3611.563	168.6574	1.284117	0.623926	0.376074	3.290398
7026	-3433.099	-3600.657	167.5579	1.117038	0.591793	0.408207	4.024351
7032	-3431.181	-3599.06	167.8785	1.130814	0.582587	0.417413	3.83279
7038	-3439.707	-3608.088	168.3818	1.133029	0.49127	0.50873	3.540321
7044	-3436.634	-3606.49	169.8555	1.304481	0.574336	0.425664	2.554608
7050	-3441.481	-3610.31	168.8291	1.219928	0.608078	0.391922	3.226872
7056	-3446.856	-3616.864	170.0083	1.495287	0.595768	0.404232	2.338627
7062	-3440.444	-3610.59	170.1467	1.427181	0.541679	0.458321	2.293795
7068	-3443.372	-3613.839	170.4675	1.480612	0.574991	0.425009	2.050684
7074	-3442.555	-3612.798	170.2434	1.453656	0.514206	0.485794	2.214685
7080	-3445.574	-3615.862	170.2877	1.408222	0.514206	0.485794	2.215382
7086	-3444.044	-3614.073	170.0287	1.408306	0.51906	0.48094	2.380883
7092	-3435.006	-3605.461	170.4545	1.467458	0.408319	0.591681	2.067954
7098	-3431.112	-3601.617	170.5053	1.527417	0.607673	0.392327	1.994477
7104	-3427.188	-3597.599	170.411	1.621692	0.555984	0.444016	1.994477
7110	-3426.503	-3596.93	170.4263	1.460077	0.688581	0.311419	2.091368
7116	-3440.326	-3610.364	170.0378	1.390643	0.512956	0.487044	2.386272
7122	-3434.11	-3604.503	170.3931	1.495881	0.552169	0.447831	2.089675
7128	-3430.57	-3600.053	169.4835	1.425601	0.596368	0.403632	2.709493
7134	-3443.85	-3613.973	170.1225	1.308569	0.451427	0.548573	2.384651
7140	-3440.768	-3608.858	168.0903	1.186464	0.49478	0.50522	3.678488
7146	-3442.771	-3611.182	168.411	1.265972	0.535237	0.464763	3.445698
7152	-3440.084	-3608.834	168.7499	1.220734	0.53168	0.46832	3.273218
7158	-3451.298	-3619.234	167.9355	1.220734	0.558458	0.441542	3.748183
7164	-3445.96	-3615.815	169.8546	1.387171	0.553089	0.446911	2.50362
7170	-3444.408	-3614.602	170.1943	1.458778	0.570828	0.429172	2.243015
7176	-3436.606	-3606.567	169.9614	1.39594	0.468902	0.531098	2.431139
7182	-3433.651	-3603.659	170.0081	1.500456	0.624436	0.375564	2.335469
7188	-3429.374	-3599.892	170.5171	1.575801	0.605184	0.394816	1.954204
7194	-3431.273	-3598.785	167.5122	1.094803	0.645333	0.354667	4.06313
7200	-3435.029	-3604.492	169.4628	1.339895	0.532036	0.467964	2.774527
7206	-3437.878	-3607.332	169.4541	1.339895	0.501008	0.498992	2.779858
7212	-3437.429	-3607.04	169.6112	1.428715	0.583149	0.416851	2.629011
7218	-3438.189	-3607.304	169.1146	1.354489	0.661219	0.338781	2.976479
7224	-3448.933	-3619.162	170.2285	1.42722	0.641839	0.358161	2.241308
7230	-3448.66	-3619.565	170.9053	1.64331	0.558728	0.441272	1.638112
7236	-3445.58	-3616.585	171.0055	1.589951	0.653664	0.346336	1.604276
7242	-3437.306	-3607.846	170.5396	1.680584	0.647769	0.352231	1.868002
7248	-3436.903	-3607.576	170.6732	1.546966	0.560692	0.439308	1.868002
7254	-3431.308	-3602.015	170.7063	1.58078	0.60955	0.39045	1.822087
7260	-3430.616	-3601.152	170.536	1.504863	0.616364	0.383636	1.98906
7266	-3425.525	-3595.777	170.2516	1.46777	0.5654	0.4346	2.200218
7272	-3443.351	-3613.677	170.3261	1.412169	0.635118	0.364882	2.187987
7278	-3439.23	-3609.736	170.5064	1.468239	0.580234	0.419766	2.033098
7284	-3436.019	-3606.087	170.0681	1.426374	0.556879	0.443121	2.344404
7290	-3432.821	-3602.487	169.666	1.301377	0.598206	0.401794	2.6737
7296	-3434.218	-3603.242	169.0241	1.287187	0.577085	0.422915	3.071008
7302	-3437.935	-3607.034	169.0997	1.283475	0.674966	0.325034	3.028025
7308	-3439.313	-3609.253	169.9397	1.344519	0.594982	0.405018	2.477072
7314	-3429.064	-3598.866	169.8022	1.388798	0.665455	0.334545	2.535327
7320	-3431.852	-3601.858	170.006	1.399665	0.576752	0.423248	2.400707
7326	-3439.864	-3609.584	169.7201	1.454736	0.782833	0.217167	2.545382
7332	-3454.006	-3624.068	170.0615	1.4683	0.581904	0.418096	2.321955
7338	-3453.012	-3622.266	169.2532	1.421214	0.581904	0.418096	2.852552
7344	-3449.134	-3616.711	167.5769	1.382688	0.656004	0.343996	3.861331
7350	-3457.468	-3626.782	169.314	1.277121	0.471047	0.528953	2.902972
7356	-3452.456	-3620.337	167.8803	1.216512	0.615985	0.384015	3.782402
7362	-3445.931	-3614.901	168.9698	1.277089	0.587987	0.412013	3.109388
7368	-3452.462	-3621.072	168.6093	1.304949	0.607885	0.392115	3.306436
7374	-3435.385	-3604.847	169.4614	1.3562	0.546509	0.453491	2.765417
7380	-3434.931	-3605.483	170.5528	1.463442	0.546509	0.453491	2.005473
7386	-3433.033	-3603.471	170.4387	1.485859	0.534189	0.465811	2.066238
7392	-3439.607	-3609.962	170.3557	1.529015	0.54587	0.45413	2.092475
7398	-3447.534	-3617.557	170.0227	1.522613	0.575839	0.424161	2.312072
7404	-3445.951	-3615.727	169.7759	1.443193	0.544078	0.455922	2.517793
7410	-3448.297	-3617.072	168.7754	1.18046	0.582087	0.417913	3.28193
7416	-3445.753	-3613.987	168.2338	1.35331	0.546607	0.453393	3.49821
7422	-3457.514	-3627.612	170.0977	1.447193	0.526742	0.473258	2.312309
7428	-3462.896	-3633.205	170.3093	1.526422	0.544249	0.455751	2.124574
7434	-3447.168	-3615.131	167.9633	1.296818	0.549539	0.450461	3.68817
7440	-3438.342	-3607.581	169.2393	1.296818	0.605559	0.394441	2.936136
7446	-3433.789	-3602.557	168.7683	1.298858	0.522631	0.477369	3.216177
7452	-3437.858	-3606.629	168.7707	1.233278	0.508055	0.491945	3.253504
7458	-3434.296	-3603.605	169.3093	1.290707	0.465672	0.534328	2.89757
7464	-3446.662	-3614.41	167.7483	1.245073	0.607346	0.392654	3.841971
7470	-3435.596	-3604.234	168.6379	1.276902	0.607346	0.392654	3.306135
7476	-3448.807	-3616.62	167.813	1.227544	0.594864	0.405136	3.814843
7482	-3445.964	-3614.835	168.8708	1.211922	0.539269	0.460731	3.206915
7488	-3449.295	-3619.03	169.7357	1.316226	0.516419	0.483581	2.621581
7494	-3451.424	-3620.529	169.1054	1.259257	0.590507	0.409493	3.039108
7500	-3440.286	-3610.082	169.7955	1.458054	0.603398	0.396602	2.496246
7506	-3433.032	-3602.807	169.7757	1.413418	0.603398	0.396602	2.536487
7512	-3445.611	-3616.299	170.6873	1.5318	0.484352	0.515648	1.86873
7518	-3444.185	-3614.883	170.6973	1.593935	0.506678	0.493322	1.819248
7524	-3443.941	-3614.918	170.9769	1.550445	0.657967	0.342033	1.653404
7530	-3441.853	-3612.306	170.4528	1.565874	0.522224	0.477776	2.003858
7536	-3436.609	-3607.214	170.6052	1.601321	0.510739	0.489261	1.877314
7542	-3433.252	-3603.813	170.5611	1.527649	0.577987	0.422013	1.956953
7548	-3435.252	-3605.79	170.5374	1.573675	0.495384	0.504616	1.941967
7554	-3428.887	-3599.583	170.6961	1.570689	0.600029	0.399971	1.836063
7560	-3444.256	-3614.946	170.6903	1.576496	0.512577	0.487423	1.836063
7566	-3439.068	-3610.061	170.9926	1.712417	0.561436	0.438564	1.523741
7572	-3435.287	-3605.932	170.6447	1.576316	0.561436	0.438564	1.86741
7578	-3435.695	-3606.531	170.836	1.609496	0.602097	0.397903	1.711584
7584	-3439.006	-3609.909	170.9036	1.637064	0.612442	0.387558	1.643846
7590	-3436.307	-3607.131	170.8237	1.589438	0.63002	0.36998	1.734426
7596	-3433.528	-3604.396	170.8687	1.544449	0.468489	0.531511	1.734426
7602	-3434.404	-3603.953	169.5489	1.326833	0.63697	0.36303	2.729885
7608	-3433.313	-3602.523	169.2103	1.32463	0.581297	0.418703	2.936834
7614	-3440.358	-3608.685	168.3277	1.328041	0.535023	0.464977	3.458148
7620	-3442.793	-3611.046	168.2528	1.2456	0.535023	0.464977	3.549883
7626	-3450.389	-3620.307	169.9183	1.318095	0.613188	0.386812	2.506996
7632	-3449.237	-3619.37	170.1335	1.361307	0.646371	0.353629	2.344215
7638	-3445.786	-3616.127	170.3412	1.613463	0.615738	0.384262	2.046333
7644	-3445.353	-3615.835	170.4824	1.497162	0.517838	0.482162	2.029845
7650	-3444.168	-3614.088	169.9199	1.368585	0.55678	0.44322	2.474418
7656	-3453.144	-3623.004	169.8604	1.354437	0.51726	0.48274	2.520422
7662	-3459.539	-3629.458	169.919	1.379325	0.525212	0.474788	2.468204
7668	-3446.815	-3616.843	170.0282	1.334071	0.574614	0.425386	2.42808
7674	-3444.363	-3614.483	170.1201	1.522796	0.53244	0.46756	2.249532
7680	-3455.619	-3626.025	170.4055	1.473959	0.541042	0.458958	2.095914
7686	-3452.941	-3623.312	170.3705	1.565596	0.645208	0.354792	2.058578
7692	-3447.115	-3618.124	171.0096	1.697085	0.581564	0.418436	1.522487
7698	-3450.212	-3621.134	170.9224	1.784249	0.581564	0.418436	1.522487
7704	-3438.495	-3609.677	171.1819	1.839867	0.709744	0.290256	1.276992
7710	-3433.717	-3604.811	171.0934	1.740979	0.570893	0.429107	1.425857
7716	-3440.331	-3610.929	170.5981	1.63206	0.486526	0.513474	1.861182
7722	-3444.38	-3613.846	169.466	1.368622	0.623361	0.376639	2.755067
7728	-3444.015	-3613.68	169.6651	1.388322	0.55243	0.44757	2.620611
7734	-3455.329	-3626.425	171.0958	1.725355	0.630333	0.369667	1.435972
7740	-3454.619	-3624.062	169.4435	1.320531	0.585592	0.414408	2.798086
7746	-3452.337	-3621.032	168.695	1.228809	0.751095	0.248905	3.300816
7752	-3443.518	-3612.173	168.6552	1.15818	0.623484	0.376516	3.365805
7758	-3437.115	-3605.742	168.6272	1.186094	0.708152	0.291848	3.365805
7764	-3456.721	-3625.842	169.1207	1.259283	0.685556	0.314444	3.029939
7770	-3451.847	-3623.102	171.2551	1.870101	0.439877	0.560123	1.190066
7776	-3442.749	-3613.969	171.2196	1.864912	0.496301	0.503699	1.224719
7782	-3447.581	-3618.879	171.2977	1.786871	0.561793	0.438207	1.224719
7788	-3437.247	-3608.306	171.059	1.71092	0.526377	0.473623	1.475045
7794	-3446.08	-3616.872	170.7917	1.780265	0.613994	0.386006	1.621244
7800	-3431.389	-3602.38	170.9911	1.684069	0.551668	0.448332	1.545813
7806	-3429.031	-3599.722	170.6904	1.731305	0.572112	0.427888	1.72839
7812	-3438.998	-3609.645	170.6471	1.423784	0.572112	0.427888	1.968955
7818	-3427.921	-3598.029	170.1075	1.489598	0.585212	0.414788	2.278963
7824	-3433.577	-3603.781	170.2037	1.395171	0.585212	0.414788	2.277798
7830	-3442.067	-3612.403	170.3355	1.462459	0.589337	0.410663	2.149233
7836	-3436.654	-3606.74	170.0861	1.452068	0.589337	0.410663	2.316592
7842	-3434.823	-3604.824	170.0011	1.466403	0.464746	0.535254	2.361537
7848	-3437.345	-3607.025	169.6807	1.384131	0.681285	0.318715	2.613558
7854	-3438.472	-3608.551	170.0789	1.479778	0.646205	0.353795	2.303533
7860	-3434.333	-3604.858	170.5248	1.436647	0.558792	0.441208	2.041821
7866	-3440.533	-3609.537	169.0037	1.260539	0.616089	0.383911	3.099077
7872	-3434.727	-3603.406	168.679	1.214262	0.579903	0.420097	3.318815
7878	-3445.393	-3614.553	169.1602	1.405349	0.640365	0.359635	2.918398
7884	-3444.369	-3613.12	168.7516	1.148525	0.559216	0.440784	3.314749
7890	-3437.418	-3605.681	168.2634	1.120243	0.544172	0.455828	3.616578
7896	-3444.852	-3612.632	167.7801	1.169414	0.58604	0.41396	3.867145
7902	-3443.563	-3611.775	168.2124	1.24408	0.636549	0.363451	3.574295
7908	-3452.074	-3621.627	169.5531	1.39073	0.582566	0.417434	2.688151
7914	-3442.742	-3612.413	169.671	1.329578	0.640126	0.359874	2.653255
7920	-3436.674	-3606.277	169.6034	1.424851	0.585681	0.414319	2.636207
7926	-3440.248	-3610.114	169.8655	1.367015	0.580273	0.419727	2.509381
7932	-3441.222	-3611.07	169.8489	1.395316	0.559741	0.440259	2.502105
7938	-3445.944	-3615.307	169.3625	1.284309	0.559741	0.440259	2.869237
7944	-3444.027	-3613.105	169.0782	1.228201	0.577062	0.422938	3.073898
7950	-3440.057	-3608.877	168.8201	1.189312	0.595586	0.404414	3.250295
7956	-3446.67	-3615.36	168.6893	1.320134	0.553711	0.446289	3.250295
7962	-3437.385	-3607.44	170.0543	1.445722	0.644876	0.355124	2.340914
7968	-3425.385	-3595.335	169.9503	1.331941	0.621	0.379	2.478281
7974	-3432.249	-3600.932	168.6833	1.185851	0.474744	0.525256	3.333028
7980	-3440.603	-3609.356	168.7534	1.192778	0.587984	0.412016	3.287615
7986	-3448.431	-3616.53	168.0993	1.119127	0.614096	0.385904	3.712259
7992	-3439.102	-3606.606	167.5045	1.089271	0.52184	0.47816	4.070686
7998	-3443.962	-3612.811	168.8489	1.220536	0.638448	0.361552	3.214816
8004	-3430.746	-3599.805	169.0591	1.197933	0.638448	0.361552	3.103346
8010	-3429.368	-3598.973	169.6052	1.272995	0.636577	0.363423	2.728412
8016	-3422.988	-3592.048	169.0601	1.163989	0.632984	0.367016	3.122981
8022	-3436.403	-3606.145	169.7424	1.359498	0.505636	0.494364	2.590625
8028	-3423.774	-3593.941	170.1672	1.413908	0.543964	0.456036	2.289175
8034	-3433.761	-3603.752	169.9919	1.313394	0.471082	0.528918	2.463867
8040	-3441.052	-3610.724	169.6718	1.237119	0.64517	0.35483	2.709585
8046	-3446.67	-3616.003	169.3331	1.242908	0.601912	0.398088	2.912076
8052	-3450.458	-3619.716	169.2577	1.359846	0.595646	0.404354	2.886959
8058	-3441.167	-3609.815	168.6479	1.234893	0.595646	0.404354	3.324951
8064	-3435.313	-3603.924	168.611	1.21177	0.624951	0.375049	3.360242
8070	-3439.578	-3608.204	168.6258	1.196975	0.529642	0.470358	3.360242
8076	-3426.261	-3595.896	169.6348	1.338021	0.529642	0.470358	2.670353
8082	-3431.931	-3601.057	169.1269	1.207497	0.619106	0.380894	3.057218
8088	-3443.338	-3612.955	169.6171	1.259855	0.624724	0.375276	2.72917
8094	-3430.729	-3599.174	168.4451	1.110371	0.631981	0.368019	3.516668
8100	-3436.227	-3603.557	167.3299	1.006355	0.733176	0.266824	4.217079
8106	-3431.875	-3599.598	167.722	1.104271	0.61371	0.38629	3.937803
8112	-3428.759	-3596.65	167.8911	1.057364	0.609282	0.390718	3.867723
8118	-3427.489	-3595.966	168.4777	1.139665	0.581895	0.418105	3.480564
8124	-3442.087	-3610.699	168.6113	1.270527	0.729621	0.270379	3.325529
8130	-3446.124	-3615.026	168.9013	1.227361	0.540394	0.459606	3.179704
8136	-3446.688	-3614.512	167.8242	1.149547	0.554025	0.445975	3.853232
8142	-3452.21	-3619.754	167.5443	1.109798	0.592302	0.407698	4.036259
8148	-3450.449	-3617.781	167.3325	1.190896	0.621512	0.378488	4.110757
8154	-3436.244	-3605.336	169.0925	1.141395	0.605215	0.394785	3.11717
8160	-3441.789	-3611.659	169.8696	1.29827	0.63025	0.36975	2.549673
8166	-3435.75	-3606.207	170.4568	1.534295	0.461957	0.538043	2.022209
8172	-3422.996	-3593.91	170.9146	1.603934	0.461957	0.538043	1.659676
8178	-3438.258	-3609.301	171.0427	1.737791	0.461957	0.538043	1.467039
8184	-3449.903	-3621.041	171.1378	1.742978	0.573833	0.426167	1.389842
8190	-3451.606	-3621.811	170.2051	1.570786	0.513908	0.486092	2.163594
8196	-3456.077	-3626.664	170.5874	1.64406	0.5056	0.4944	1.860296
8202	-3450.607	-3620.941	170.3335	1.64406	0.597538	0.402462	2.03119
8208	-3444.381	-3614.944	170.563	1.66958	0.600506	0.399494	1.859474
8214	-3436.529	-3607.484	170.9557	1.601574	0.492721	0.507279	1.631877
8220	-3433.509	-3604.329	170.8196	1.735743	0.661615	0.338385	1.633261
8226	-3435.085	-3606.052	170.9676	1.733413	0.612603	0.387397	1.52671
8232	-3425.719	-3596.489	170.7704	1.60951	0.60387	0.39613	1.757713
8238	-3438.504	-3609.292	170.7877	1.609131	0.516867	0.483133	1.745866
8244	-3438.816	-3609.533	170.7174	1.552264	0.633622	0.366378	1.8341
8250	-3440.279	-3610.544	170.2645	1.554369	0.742402	0.257598	2.135549
8256	-3440.057	-3610.802	170.7451	1.658566	0.568216	0.431784	1.741023
8262	-3443.765	-3614.556	170.7909	1.630172	0.524663	0.475337	1.72882
8268	-3447.361	-3618.424	171.0636	1.739915	0.546324	0.453676	1.449489
8274	-3441.016	-3612.133	171.1166	1.739915	0.526139	0.473861	1.408714
8280	-3461.491	-3632.677	171.1859	1.611456	0.717297	0.282703	1.454224
8286	-3447.254	-3618.326	171.0726	1.737477	0.592596	0.407404	1.444446
8292	-3443.404	-3614.442	171.038	1.737477	0.646574	0.353426	1.470776
8298	-3443.98	-3615.025	171.0454	1.730161	0.703997	0.296003	1.470776
8304	-3438.621	-3609.804	171.1834	1.77618	0.551194	0.448806	1.327464
8310	-3445.451	-3616.581	171.1301	1.811494	0.551194	0.448806	1.341879
8316	-3451.348	-3622.46	171.1125	1.70785	0.574499	0.425501	1.436588
8322	-3452.321	-3623.359	171.0383	1.693675	0.509417	0.490583	1.503548
8328	-3441.652	-3612.153	170.5008	1.618737	0.509417	0.490583	1.93628
8334	-3442.613	-3613.2	170.5866	1.555011	0.633812	0.366188	1.921335
8340	-3441.531	-3612.012	170.4805	1.561725	0.61819	0.38181	1.98811
8346	-3422.525	-3592.138	169.6129	1.256225	0.569905	0.430095	2.73394
8352	-3431.288	-3600.191	168.9034	1.250946	0.536455	0.463545	3.164486
8358	-3438.096	-3607.041	168.9447	1.209602	0.475236	0.524764	3.164486
8364	-3429.77	-3598.446	168.6757	1.192651	0.599914	0.400086	3.333446
8370	-3434.321	-3601.903	167.5816	1.137317	0.600542	0.399458	3.999262
8376	-3428.365	-3596.907	168.5427	1.241994	0.565429	0.434571	3.382623
8382	-3430.126	-3598.773	168.6466	1.138136	0.57966	0.42034	3.382623
8388	-3436.213	-3605.68	169.4673	1.306505	0.621185	0.378815	2.792165
8394	-3436.947	-3607.258	170.3113	1.276228	0.627966	0.372034	2.285085
8400	-3434.275	-3604.153	169.8781	1.384924	0.547274	0.452726	2.490309
8406	-3442.589	-3612.924	170.3353	1.42138	0.44988	0.55012	2.176033
8412	-3440.397	-3610.281	169.8831	1.365009	0.433651	0.566349	2.499637
8418	-3449.921	-3618.085	168.1643	1.181656	0.53566	0.46434	3.638449
8424	-3448.2	-3617.039	168.8389	1.225185	0.53566	0.46434	3.217969
8430	-3442.43	-3613.06	170.6306	1.433954	0.637172	0.362828	1.973198
8436	-3430.619	-3600.431	169.8121	1.3062	0.703564	0.296436	2.580448
8442	-3440.463	-3611.07	170.6072	1.345702	0.726541	0.273459	2.047518
8448	-3442.703	-3612.903	170.1996	1.51982	0.654029	0.345971	2.20019
8454	-3445.919	-3616.298	170.3796	1.560899	0.654029	0.345971	2.055707
8460	-3447.344	-3617.035	169.6913	1.396382	0.670847	0.329153	2.599468
8466	-3438.602	-3607.371	168.7688	1.240949	0.474015	0.525985	3.250105
8472	-3427.55	-3596.21	168.6605	1.158236	0.669357	0.330643	3.362636
8478	-3426.388	-3595.037	168.6483	1.170469	0.623626	0.376374	3.362636
8484	-3439.164	-3608.49	169.326	1.277155	0.65302	0.34698	2.895703
8490	-3430.587	-3600.07	169.4822	1.292251	0.636949	0.363051	2.791763
8496	-3424.014	-3594.714	170.7002	1.513345	0.661281	0.338719	1.872512
8502	-3427.233	-3598.171	170.9381	1.529935	0.558425	0.441575	1.695645
8508	-3441.782	-3612.708	170.9265	1.646711	0.676034	0.323966	1.620378
8514	-3439.815	-3610.769	170.9539	1.619274	0.632478	0.367522	1.620378
8520	-3434.659	-3605.573	170.9137	1.73559	0.624042	0.375958	1.564928
8526	-3445.054	-3616.159	171.1056	1.668228	0.55032	0.44968	1.472068
8532	-3446.822	-3617.534	170.7123	1.495979	0.629941	0.370059	1.876128
8538	-3431.87	-3602.585	170.715	1.495979	0.589282	0.410718	1.874276
8544	-3430.136	-3600.686	170.5505	1.632926	0.709406	0.290594	1.893043
8550	-3431.464	-3602.052	170.588	1.595413	0.605547	0.394453	1.893043
8556	-3429.327	-3599.801	170.4743	1.556916	0.583706	0.416294	1.995467
8562	-3432.698	-3603.285	170.5872	1.436677	0.583706	0.416294	2.000397
8568	-3437.11	-3607.106	169.9954	1.432094	0.62682	0.37318	2.386916
8574	-3441.457	-3611.786	170.3288	1.508613	0.601166	0.398834	2.123487
8580	-3439.602	-3609.945	170.3433	1.414818	0.616798	0.383202	2.175155
8586	-3438.734	-3609.172	170.4371	1.522297	0.651941	0.348059	2.043197
8592	-3432.073	-3602.461	170.3878	1.70378	0.720419	0.279581	1.95503
8598	-3427.817	-3598.551	170.7337	1.632987	0.697406	0.302594	1.766929
8604	-3436.088	-3606.932	170.844	1.67343	0.594363	0.405637	1.660471
8610	-3430.128	-3600.973	170.8451	1.594101	0.553173	0.446827	1.716089
8616	-3430.179	-3600.509	170.3294	1.552222	0.624207	0.375793	2.094474
8622	-3443.004	-3613.768	170.7636	1.56136	0.628545	0.371455	1.795943
8628	-3448.705	-3618.416	169.7105	1.496305	0.630361	0.369639	2.525463
8634	-3442.9	-3613.01	170.1101	1.371022	0.609488	0.390512	2.352936
8640	-3441.504	-3612.055	170.5518	1.500404	0.639797	0.360203	1.981428
8646	-3444.389	-3614.808	170.4189	1.428043	0.639797	0.360203	2.117234
8652	-3448.569	-3618.456	169.887	1.370755	0.56966	0.43034	2.493614
8658	-3436.321	-3606.129	169.8088	1.449022	0.658491	0.341509	2.493614
8664	-3431.184	-3601.008	169.8237	1.382141	0.681397	0.318603	2.526059
8670	-3438.696	-3608.457	169.7609	1.542991	0.689902	0.310098	2.464726
8676	-3428.181	-3597.929	169.748	1.466074	0.681407	0.318593	2.520938
8682	-3435.23	-3605.153	169.9228	1.440883	0.416413	0.583587	2.427184
8688	-3436.712	-3606.143	169.4314	1.28153	0.709726	0.290274	2.829163
8694	-3430.974	-3599.85	168.8763	1.228511	0.633854	0.366146	3.193866
8700	-3435.546	-3605.024	169.478	1.315904	0.683982	0.316018	2.779901
8706	-3449.553	-3618.712	169.1595	1.328803	0.552273	0.447727	2.964928
8712	-3444.858	-3614.334	169.4762	1.258703	0.650416	0.349584	2.815841
8718	-3440.914	-3610.257	169.3428	1.351825	0.665568	0.334432	2.840289
8724	-3432.38	-3601.997	169.617	1.281003	0.7487	0.2513	2.71626
8730	-3440.206	-3610.277	170.0715	1.391699	0.66255	0.33745	2.364274
8736	-3428.83	-3598.451	169.6212	1.325701	0.577015	0.422985	2.68628
8742	-3433.336	-3602.221	168.8853	1.262804	0.56611	0.43389	3.168138
8748	-3422.726	-3591.056	168.3307	1.185874	0.615253	0.384747	3.53932
8754	-3432.327	-3600.992	168.6651	1.094699	0.615253	0.384747	3.397199
8760	-3431.547	-3600.24	168.6929	1.116006	0.664432	0.335568	3.368428
8766	-3425.629	-3594.67	169.0416	1.260802	0.689819	0.310181	3.076335
8772	-3440.922	-3610.054	169.1325	1.319327	0.659983	0.340017	2.986857
8778	-3439.324	-3609.125	169.8011	1.315786	0.569138	0.430862	2.581325
8784	-3440.103	-3610.4	170.2975	1.433109	0.569138	0.430862	2.192983
8790	-3439.469	-3609.72	170.2511	1.443281	0.580811	0.419189	2.216387
8796	-3434.812	-3605.815	171.0025	1.583252	0.654663	0.345337	1.611244
8802	-3444.11	-3615.154	171.0449	1.505405	0.614657	0.385343	1.636884
8808	-3444.02	-3615.179	171.1584	1.677813	0.644124	0.355876	1.424393
8814	-3434.628	-3605.604	170.9767	1.618769	0.699096	0.300904	1.604244
8820	-3433.337	-3603.908	170.571	1.623914	0.605252	0.394748	1.885226
8826	-3428.727	-3598.784	170.0571	1.449583	0.522408	0.477592	2.336639
8832	-3446.508	-3616.606	170.0978	1.601724	0.574839	0.425161	2.213056
8838	-3446.442	-3616.153	169.7112	1.537733	0.520621	0.479379	2.499172
8844	-3437.509	-3607.062	169.5524	1.379604	0.574602	0.425398	2.695424
8850	-3439.085	-3607.328	168.2426	1.312476	0.564981	0.435019	3.516872
8856	-3447.48	-3615.037	167.5575	1.143847	0.740165	0.259835	4.009257
8862	-3434.67	-3603.413	168.7436	1.347725	0.62811	0.37189	3.201849
8868	-3434.146	-3602.49	168.3446	1.174125	0.576533	0.423467	3.538045
8874	-3440.52	-3607.845	167.3253	1.278043	0.6224	0.3776	4.065229
8880	-3443.788	-3610.993	167.2049	1.121256	0.624812	0.375188	4.222812
8886	-3446.195	-3613.538	167.3431	1.201902	0.581981	0.418019	4.098419
8892	-3446.566	-3615.743	169.1769	1.265407	0.549959	0.450041	2.99255
8898	-3457.439	-3626.58	169.1413	1.300987	0.677005	0.322995	2.99255
8904	-3453.78	-3625.201	171.4205	1.781945	0.529981	0.470019	1.121995
8910	-3441.062	-3612.366	171.3048	1.721258	0.628387	0.371613	1.27346
8916	-3438.958	-3610.01	171.0515	1.694188	0.549426	0.450574	1.493313
8922	-3430.427	-3601.553	171.1256	1.705025	0.545319	0.454681	1.428681
8928	-3432.464	-3603.419	170.9554	1.596232	0.524187	0.475813	1.635955
8934	-3439.709	-3609.376	169.6668	1.506641	0.600761	0.399239	2.546222
8940	-3428.939	-3598.386	169.4473	1.417955	0.51312	0.48688	2.736331
8946	-3437.344	-3606.043	168.6993	1.316127	0.538664	0.461336	3.246729
8952	-3432.279	-3601.389	169.1108	1.36508	0.561357	0.438643	2.972371
8958	-3421.179	-3591.579	170.4001	1.496969	0.561357	0.438643	2.084304
8964	-3426.741	-3597.438	170.6968	1.511883	0.673605	0.326395	1.875855
8970	-3420.982	-3591.712	170.7296	1.550328	0.525272	0.474728	1.827029
8976	-3429.538	-3600.201	170.6623	1.617594	0.452673	0.547327	1.827029
8982	-3425.792	-3596.415	170.6232	1.65436	0.625892	0.374108	1.828634
8988	-3428.978	-3599.844	170.8663	1.719544	0.578202	0.421798	1.611224
8994	-3432.284	-3603.132	170.8482	1.680829	0.477929	0.522071	1.65219
9000	-3429.922	-3600.42	170.4977	1.442803	0.557971	0.442029	2.055671
9006	-3435.34	-3605.822	170.482	1.458503	0.603957	0.396043	2.055671
9012	-3445.298	-3615.327	170.0287	1.497288	0.627592	0.372408	2.324385
9018	-3441.405	-3612.256	170.8511	1.619911	0.676763	0.323237	1.693574
9024	-3432.239	-3603.022	170.7834	1.516777	0.592245	0.407755	1.813089
9030	-3437.156	-3607.996	170.8395	1.64885	0.598617	0.401383	1.68126
9036	-3434.386	-3605.061	170.675	1.688737	0.598617	0.401383	1.768984
9042	-3440.041	-3610.766	170.7255	1.592072	0.560015	0.439985	1.801025
9048	-3439.737	-3610.443	170.7068	1.610835	0.46726	0.53274	1.801025
9054	-3445.489	-3616.402	170.913	1.939382	0.651595	0.348405	1.411945
9060	-3436.178	-3607.578	171.4002	1.952592	0.651494	0.348506	0.9782972
9066	-3435.69	-3607.071	171.381	2.07965	0.615634	0.384366	0.8597741
9072	-3441.518	-3612.939	171.4208	2.075892	0.661853	0.338147	0.8150256
9078	-3443.296	-3614.692	171.3965	2.075892	0.634799	0.365201	0.8455296
9084	-3447.632	-3618.605	170.9731	1.747761	0.609706	0.390294	1.511888
9090	-3445.462	-3616.452	170.9901	1.572548	0.603542	0.396458	1.628005
9096	-3442.936	-3613.572	170.6364	1.579654	0.479874	0.520126	1.870802
9102	-3444.702	-3615.304	170.602	1.497102	0.630553	0.369447	1.950006
9108	-3447.134	-3617.362	170.2283	1.59262	0.653227	0.346773	2.134237
9114	-3432.238	-3602.28	170.0418	1.411245	0.658411	0.341589	2.370735
9120	-3436.964	-3607.005	170.0409	1.411245	0.588377	0.411623	2.371308
9126	-3435.182	-3605.064	169.8819	1.329356	0.555745	0.444255	2.522677
9132	-3436.881	-3606.153	169.2718	1.375482	0.595164	0.404836	2.868953
9138	-3447.515	-3617.923	170.4076	1.503648	0.60682	0.39318	2.074983
9144	-3440.452	-3611.706	171.2539	1.903957	0.553617	0.446383	1.161593
9150	-3438.316	-3608.896	170.5797	1.60991	0.555373	0.444627	1.88883
9156	-3430.385	-3600.985	170.5997	1.60991	0.535145	0.464855	1.875194
9162	-3436.426	-3606.94	170.5142	1.638979	0.577603	0.422397	1.913505
9168	-3432.998	-3603.969	170.9706	1.707214	0.601724	0.398276	1.543873
9174	-3434.443	-3605.279	170.836	1.727546	0.511688	0.488312	1.627359
9180	-3433.163	-3604.271	171.108	1.738262	0.630711	0.369289	1.416679
9186	-3429.267	-3600.327	171.0595	1.637352	0.58694	0.41306	1.529813
9192	-3448.102	-3618.764	170.6624	1.496239	0.601382	0.398618	1.909857
9198	-3446.767	-3616.333	169.5666	1.360286	0.606643	0.393357	2.698549
9204	-3442.577	-3611.922	169.3448	1.305498	0.657499	0.342501	2.867179
9210	-3438.456	-3607.767	169.3115	1.338793	0.46651	0.53349	2.867179
9216	-3442.333	-3612.044	169.7111	1.416969	0.690258	0.309742	2.574446
9222	-3425.895	-3595.582	169.6866	1.368517	0.595094	0.404906	2.61957
9228	-3432.515	-3601.145	168.6302	1.231435	0.592946	0.407054	3.337452
9234	-3441.397	-3609.525	168.1276	1.165964	0.493006	0.506994	3.668784
9240	-3449.97	-3620.492	170.5225	1.65291	0.561792	0.438208	1.898431
9246	-3451.094	-3621.717	170.6234	1.6711	0.480141	0.519859	1.816963
9252	-3458.391	-3629.548	171.1574	1.6361	0.520473	0.479527	1.457124
9258	-3446.555	-3617.901	171.3452	1.840301	0.596873	0.403127	1.137172
9264	-3459.828	-3631.188	171.3603	1.853945	0.613336	0.386664	1.111305
9270	-3447.035	-3618.379	171.3446	1.807779	0.589622	0.410378	1.166427
9276	-3450.243	-3621.588	171.3446	1.807779	0.668199	0.331801	1.166427
9282	-3443.839	-3614.837	170.9979	1.654297	0.597269	0.402731	1.56278
9288	-3437.937	-3608.832	170.8948	1.642511	0.605089	0.394911	1.64626
9294	-3443.269	-3614.505	171.2353	1.824067	0.563359	0.436641	1.245916
9300	-3450.286	-3621.388	171.1013	1.822084	0.552011	0.447989	1.356334
9306	-3450.836	-3622.104	171.2679	1.704684	0.449386	0.550614	1.317041
9312	-3447.622	-3618.607	170.9844	1.609223	0.613201	0.386799	1.60554
9318	-3432.711	-3603.454	170.7432	1.744891	0.639858	0.360142	1.68144
9324	-3442.318	-3613.285	170.9676	1.694765	0.603159	0.396841	1.555255
9330	-3441.846	-3612.927	171.0812	1.766677	0.636021	0.363979	1.415449
9336	-3440.721	-3611.647	170.9263	1.640531	0.620073	0.379927	1.624997
9342	-3433.746	-3604.601	170.8556	1.64483	0.503594	0.496406	1.672654
9348	-3433.672	-3604.344	170.6723	1.482396	0.503594	0.496406	1.91248
9354	-3436.778	-3606.875	170.0968	1.471089	0.594383	0.405617	2.297621
9360	-3440.411	-3610.487	170.0763	1.401757	0.506051	0.493949	2.354842
9366	-3439.23	-3607.662	168.432	1.211072	0.622008	0.377992	3.465564
9372	-3451.528	-3619.834	168.3062	1.176011	0.56932	0.43068	3.559312
9378	-3440.156	-3607.947	167.7905	1.167186	0.596282	0.403718	3.862459
9384	-3447.261	-3613.945	166.6838	1.104598	0.631697	0.368303	4.52638
9390	-3440.602	-3607.928	167.3267	1.239748	0.513142	0.486858	4.086224
9396	-3432.012	-3599.544	167.5321	1.034361	0.507217	0.492783	4.086224
9402	-3445.51	-3612.405	166.8953	1.058273	0.513032	0.486968	4.433471
9408	-3459.847	-3627.698	167.8508	1.251595	0.513032	0.486968	3.779215
9414	-3447.961	-3614.164	166.2026	1.024406	0.599064	0.400936	4.840672
9420	-3451.038	-3618.486	167.4479	1.095713	0.610237	0.389763	4.099243
9426	-3449.986	-3617.916	167.9301	1.171388	0.436968	0.563032	3.779716
9432	-3451.453	-3619.668	168.2154	1.139154	0.41884	0.58116	3.633431
9438	-3445.213	-3613.881	168.6672	1.262291	0.454449	0.545551	3.297452
9444	-3456.899	-3625.366	168.4674	1.222246	0.630814	0.369186	3.438329
9450	-3437.083	-3606.04	168.9563	1.27333	0.602639	0.397361	3.119675
9456	-3438.087	-3607.021	168.9341	1.285357	0.583953	0.416047	3.125778
9462	-3439.859	-3608.428	168.5684	1.253446	0.493179	0.506821	3.360823
9468	-3448.609	-3617.047	168.4378	1.203427	0.493179	0.506821	3.466623
9474	-3451.014	-3619.218	168.2044	1.147853	0.535925	0.464075	3.63481
9480	-3439.016	-3605.817	166.8009	0.9889136	0.505004	0.494996	4.525596
9486	-3448.291	-3614.629	166.3387	0.9838664	0.536038	0.463962	4.787355
9492	-3444.075	-3612.419	168.3445	1.15627	0.536038	0.463962	3.548497
9498	-3442.947	-3612.032	169.0844	1.364863	0.60322	0.39678	2.988357
9504	-3435.985	-3605.839	169.8534	1.354752	0.686081	0.313919	2.524607
9510	-3438.105	-3608.504	170.3994	1.405548	0.627218	0.372782	2.144628
9516	-3435.375	-3605.578	170.2039	1.507532	0.566799	0.433201	2.2054
9522	-3442.697	-3612.988	170.2902	1.484278	0.589353	0.410647	2.164508
9528	-3445.872	-3616.37	170.4981	1.400585	0.545392	0.454608	2.083258
9534	-3439.36	-3610.097	170.7366	1.568671	0.6143	0.3857	1.809548
9540	-3423.993	-3594.907	170.914	1.526839	0.562216	0.437784	1.714897
9546	-3427.47	-3598.315	170.8452	1.468579	0.529876	0.470124	1.803655
9552	-3434.901	-3605.888	170.9866	1.555461	0.529876	0.470124	1.642796
9558	-3435.74	-3606.447	170.7072	1.544198	0.570252	0.429748	1.84665
9564	-3446.009	-3616.474	170.4648	1.587172	0.485329	0.514671	1.981637
9570	-3443.101	-3613.508	170.4069	1.50054	0.612763	0.387237	2.077522
9576	-3440.609	-3610.479	169.8704	1.400912	0.615179	0.384821	2.485171
9582	-3443.755	-3613.344	169.5897	1.280107	0.615179	0.384821	2.733539
9588	-3446.892	-3614.714	167.8214	1.085954	0.6661	0.3339	3.891325
9594	-3440.066	-3609.318	169.252	1.27881	0.658702	0.341298	2.939356
9600	-3446.848	-3616.359	169.5109	1.387542	0.537234	0.462766	2.716014
9606	-3444.451	-3613.105	168.6539	1.235418	0.545691	0.454309	3.32111
9612	-3442.602	-3611.474	168.8727	1.259927	0.69021	0.30979	3.177349
9618	-3444.596	-3613.619	169.0228	1.251276	0.556007	0.443993	3.093228
9624	-3435.024	-3603.841	168.8173	1.2614	0.549281	0.450719	3.209314
9630	-3431.649	-3600.444	168.7955	1.283177	0.621082	0.378918	3.209314
9636	-3440.868	-3608.985	168.1163	1.209182	0.63882	0.36118	3.650288
9642	-3436.619	-3605.195	168.576	1.159158	0.606041	0.393959	3.41165
9648	-3432.736	-3601.329	168.5932	1.141989	0.60519	0.39481	3.41165
9654	-3438.83	-3607.934	169.1041	1.215996	0.716141	0.283859	3.06573
9660	-3429.596	-3598.063	168.4669	1.135217	0.629372	0.370628	3.489479
9666	-3435.154	-3604.582	169.4275	1.312012	0.611605	0.388395	2.813011
9672	-3429.393	-3597.234	167.841	1.087101	0.632	0.368	3.879409
9678	-3438.85	-3608.139	169.2888	1.188844	0.572648	0.427352	2.971312
9684	-3446.581	-3616.227	169.6452	1.285605	0.579012	0.420988	2.696142
9690	-3435.494	-3604.592	169.098	1.297095	0.579012	0.420988	3.020885
9696	-3441.367	-3610.284	168.9167	1.29455	0.730338	0.269662	3.130639
9702	-3441.288	-3608.794	167.5064	1.208681	0.658643	0.341357	4.001448
9708	-3431.26	-3599.862	168.6016	1.202019	0.500497	0.499503	3.371541
9714	-3435.209	-3604.544	169.3356	1.25971	0.558122	0.441878	2.900441
9720	-3442.187	-3611.315	169.1283	1.399973	0.558122	0.441878	2.940881
9726	-3449.726	-3619.689	169.9633	1.485255	0.563648	0.436352	2.373588
9732	-3447.298	-3616.969	169.6712	1.442732	0.561536	0.438464	2.5832
9738	-3441.825	-3612.227	170.4016	1.434091	0.608611	0.391389	2.124595
9744	-3437.774	-3608.387	170.6128	1.549123	0.528434	0.471566	1.907635
9750	-3440.415	-3610.766	170.3513	1.494172	0.58718	0.41282	2.118215
9756	-3446.176	-3616.26	170.0835	1.365648	0.527831	0.472169	2.373169
9762	-3436.515	-3606.46	169.9452	1.313651	0.68534	0.31466	2.49293
9768	-3447.68	-3617.381	169.7018	1.37863	0.481455	0.518545	2.603928
9774	-3442.26	-3611.698	169.4377	1.418205	0.555795	0.444205	2.742053
9780	-3439.699	-3609.718	170.0193	1.449935	0.60562	0.39438	2.36042
9786	-3435.29	-3604.098	168.8078	1.315183	0.700597	0.299403	3.183094
9792	-3445.026	-3613.891	168.865	1.228361	0.625658	0.374342	3.200624
9798	-3441.16	-3609.602	168.442	1.19021	0.476661	0.523339	3.471892
9804	-3450.107	-3618.146	168.0384	1.260758	0.612846	0.387154	3.665544
9810	-3460.61	-3628.053	167.4432	1.159614	0.581976	0.418024	4.065477
9816	-3456.309	-3624.154	167.8448	1.098586	0.521005	0.478995	3.870633
9822	-3451.054	-3619.835	168.781	1.198879	0.521005	0.478995	3.267778
9828	-3440.286	-3609.592	169.3067	1.176488	0.52596	0.47404	2.968013
9834	-3434.423	-3603.257	168.8341	1.204736	0.619421	0.380579	3.232926
9840	-3439.693	-3607.482	167.7885	1.092125	0.569481	0.430519	3.906679
9846	-3439.578	-3608.002	168.4239	1.202182	0.722049	0.277951	3.475488
9852	-3446.242	-3614.581	168.3389	1.321099	0.608466	0.391534	3.455662
9858	-3449.628	-3618.498	168.8696	1.257052	0.562236	0.437764	3.180895
9864	-3451.717	-3620.926	169.2093	1.301186	0.573758	0.426242	2.951585
9870	-3434.516	-3603.551	169.0359	1.366272	0.526917	0.473083	3.016642
9876	-3427.94	-3597.052	169.112	1.3353	0.653042	0.346958	2.989539
9882	-3435.455	-3604.448	168.993	1.346957	0.653042	0.346958	3.053889
9888	-3438.022	-3606.713	168.6911	1.26216	0.616608	0.383392	3.283485
9894	-3441.907	-3610.606	168.6994	1.240079	0.644267	0.355733	3.291575
9900	-3451.792	-3621.283	169.4904	1.319348	0.521873	0.478127	2.770247
9906	-3442.038	-3611.391	169.3526	1.359765	0.614911	0.385089	2.829486
9912	-3454.872	-3624.066	169.1941	1.29145	0.45327	0.54673	2.966558
9918	-3444.414	-3613.35	168.9359	1.280239	0.655764	0.344236	3.127725
9924	-3447.471	-3616.918	169.4471	1.297117	0.65712	0.34288	2.810159
9930	-3432.542	-3600.7	168.1582	1.089246	0.614073	0.385927	3.695495
9936	-3440.158	-3606.993	166.8343	1.131402	0.668013	0.331987	4.426604
9942	-3455.782	-3623.707	167.9256	1.291038	0.62634	0.37366	3.713303
9948	-3450.975	-3620.211	169.2356	1.257698	0.552881	0.447119	2.961904
9954	-3443.076	-3611.496	168.4199	1.174258	0.622599	0.377401	3.494081
9960	-3441.473	-3611.077	169.6039	1.276914	0.591845	0.408155	2.726817
9966	-3441.419	-3611.195	169.7755	1.346118	0.488956	0.511044	2.578423
9972	-3451.625	-3621.421	169.7968	1.264424	0.559848	0.440152	2.615844
9978	-3440.101	-3608.842	168.7406	1.233901	0.502574	0.497426	3.270931
9984	-3450.554	-3619.768	169.2143	1.300794	0.543867	0.456133	2.948808
9990	-3436.899	-3606.061	169.1621	1.183931	0.515457	0.484543	3.050227
9996	-3437.794	-3606.844	169.05	1.296048	0.710696	0.289304	3.050227
10002	-3433.493	-3602.749	169.2558	1.351876	0.635281	0.364719	2.892919
10008	-3441.181	-3611.22	170.0391	1.408533	0.622971	0.377029	2.374135
10014	-3440.319	-3609.722	169.4029	1.35283	0.541202	0.458798	2.803132
10020	-3439.112	-3608.994	169.882	1.290599	0.541964	0.458036	2.54676
10026	-3446.93	-3616.733	169.8029	1.335245	0.499089	0.500911	2.568141
10032	-3441.157	-3610.422	169.2654	1.194066	0.575634	0.424366	2.982253
10038	-3443.675	-3613.298	169.6237	1.335076	0.640603	0.359397	2.67895
10044	-3440.901	-3611.006	170.1048	1.44883	0.588094	0.411906	2.306768
10050	-3438.384	-3608.102	169.7175	1.369015	0.599828	0.400172	2.600169
10056	-3452.23	-3620.912	168.6815	1.174775	0.516551	0.483449	3.340562
10062	-3445.534	-3615.374	169.8401	1.300554	0.565777	0.434223	2.566592
10068	-3444.358	-3613.648	169.2895	1.275091	0.621204	0.378796	2.918982
10074	-3453.707	-3621.731	168.0243	1.189562	0.700318	0.299682	3.714904
10080	-3439.962	-3609.007	169.0452	1.252288	0.615176	0.384824	3.079227
10086	-3440.609	-3609.812	169.2027	1.332201	0.547585	0.452415	2.936847
10092	-3449.486	-3618.337	168.8519	1.262971	0.567514	0.432486	3.18791
10098	-3439.056	-3607.754	168.6978	1.211691	0.603192	0.396808	3.30926
10104	-3440.198	-3608.75	168.552	1.21354	0.696061	0.303939	3.393852
10110	-3433.795	-3602.281	168.4856	1.269279	0.645169	0.354831	3.400079
10116	-3443.477	-3611.357	167.8798	1.179387	0.655931	0.344069	3.804058
10122	-3434.125	-3601.228	167.1028	1.129075	0.600688	0.399312	4.276225
10128	-3451.427	-3620.405	168.9779	1.20516	0.610103	0.389897	3.147382
10134	-3439.011	-3607.824	168.8127	1.218838	0.634483	0.365517	3.237225
10140	-3438.34	-3607.512	169.1721	1.227774	0.671666	0.328334	3.017977
10146	-3434.931	-3604.04	169.1085	1.291373	0.671666	0.328334	3.017977
10152	-3440.485	-3609.089	168.6041	1.27979	0.562514	0.437486	3.324328
10158	-3441.993	-3612.407	170.4139	1.463607	0.562514	0.437486	2.097182
10164	-3437.418	-3607.683	170.2648	1.558915	0.614526	0.385474	2.132436
10170	-3448.332	-3616.978	168.6452	1.289963	0.532125	0.467875	3.294123
10176	-3433.031	-3602.733	169.7015	1.28916	0.53859	0.46141	2.659353
10182	-3438.011	-3608.119	170.1075	1.373223	0.48109	0.51891	2.353187
10188	-3441.975	-3611.776	169.8006	1.471477	0.493565	0.506435	2.484655
10194	-3442.246	-3612.144	169.8978	1.374317	0.602689	0.397311	2.484655
10200	-3441.582	-3611.484	169.9015	1.396595	0.570105	0.429895	2.468384
10206	-3437.879	-3608.178	170.2985	1.468909	0.570105	0.429895	2.169086
10212	-3459.07	-3628.908	169.8387	1.546179	0.690265	0.309735	2.413794
10218	-3448.369	-3617.556	169.1871	1.246975	0.481748	0.518252	2.99751
10224	-3456.011	-3625.068	169.0563	1.313441	0.577782	0.422218	3.036021
10230	-3457.226	-3626.563	169.337	1.206238	0.578266	0.421734	2.931862
10236	-3455.094	-3624.358	169.2637	1.278459	0.579505	0.420495	2.932459
10242	-3443.736	-3613.712	169.9762	1.337818	0.667992	0.332008	2.458399
10248	-3466.156	-3636.062	169.9059	1.464969	0.481549	0.518451	2.422618
10254	-3447.402	-3618.11	170.7074	1.506103	0.557804	0.442196	1.872534
10260	-3443.631	-3613.344	169.7137	1.441645	0.500517	0.499483	2.557477
10266	-3452.93	-3623.004	170.0739	1.384588	0.580866	0.419134	2.36728
10272	-3441.028	-3610.464	169.4367	1.370519	0.593344	0.406656	2.771781
10278	-3444.082	-3612.635	168.5526	1.267191	0.593344	0.406656	3.361992
10284	-3435.441	-3604.96	169.5192	1.305871	0.575215	0.424785	2.760907
10290	-3440.019	-3609.596	169.5775	1.304991	0.53561	0.46439	2.725758
10296	-3439.003	-3608.34	169.3373	1.318223	0.582969	0.417031	2.863986
10302	-3439.153	-3609.378	170.2253	1.459421	0.619433	0.380567	2.222634
10308	-3450.498	-3619.988	169.4901	1.346387	0.430553	0.569447	2.753915
10314	-3465.698	-3635.033	169.3346	1.357792	0.430553	0.569447	2.841658
10320	-3443.864	-3612.682	168.8183	1.202757	0.544266	0.455734	3.243432
10326	-3440.106	-3609.066	168.9597	1.162257	0.481434	0.518566	3.183664
10332	-3443.827	-3612.864	169.0369	1.209685	0.481434	0.518566	3.10959
10338	-3444.639	-3613.649	169.0101	1.236504	0.574174	0.425826	3.10959
10344	-3434.228	-3603.366	169.1382	1.164825	0.574174	0.425826	3.075926
10350	-3433.062	-3603.016	169.9546	1.302701	0.574174	0.425826	2.493928
10356	-3440.795	-3610.471	169.6759	1.254426	0.669071	0.330929	2.696474
10362	-3437.888	-3607.23	169.3417	1.314583	0.671068	0.328932	2.863538
10368	-3441.192	-3609.127	167.935	1.15867	0.656103	0.343897	3.784224
10374	-3436.066	-3605.485	169.4191	1.286971	0.547485	0.452515	2.833309
10380	-3440.044	-3609.001	168.9567	1.324446	0.618293	0.381707	3.088973
10386	-3429.913	-3599.07	169.157	1.256061	0.52603	0.47397	3.010111
10392	-3442.318	-3611.753	169.4346	1.290062	0.491246	0.508754	2.82207
10398	-3443.224	-3612.244	169.02	1.340309	0.501649	0.498351	3.041718
10404	-3450.413	-3619.25	168.8366	1.304156	0.44644	0.55356	3.17252
10410	-3447.767	-3616.629	168.8616	1.195168	0.660299	0.339701	3.222324
10416	-3447.556	-3616.513	168.9572	1.381506	0.538828	0.461172	3.054592
10422	-3438.531	-3608.485	169.9536	1.431009	0.508307	0.491693	2.413959
10428	-3446.361	-3616.412	170.0508	1.426824	0.508307	0.491693	2.355141
10434	-3450.722	-3621.313	170.5908	1.513978	0.570018	0.429982	1.946193
10440	-3452.048	-3621.854	169.8064	1.557807	0.604725	0.395275	2.426835
10446	-3448.983	-3619.268	170.2853	1.48897	0.65399	0.34601	2.164636
10452	-3457.661	-3627.934	170.2729	1.50135	0.69332	0.30668	2.164636
10458	-3458.206	-3628.468	170.2618	1.586768	0.532333	0.467667	2.116189
10464	-3449.898	-3620.818	170.9201	1.599099	0.485796	0.514204	1.659249
10470	-3446.976	-3618.041	171.0642	1.717251	0.564968	0.435032	1.466308
10476	-3452.294	-3623.331	171.0366	1.688748	0.686266	0.313734	1.508523
10482	-3449.302	-3620.609	171.3073	1.929155	0.465374	0.534626	1.090922
10488	-3437.967	-3609.266	171.2995	1.936974	0.549314	0.450686	1.090922
10494	-3440.147	-3611.214	171.0665	1.627192	0.643157	0.356843	1.532151
10500	-3440.474	-3611.548	171.0749	1.771507	0.554517	0.445483	1.41652
10506	-3438.391	-3609.291	170.8999	1.728832	0.668126	0.331874	1.579976
10512	-3431.368	-3602.113	170.7453	1.585963	0.611454	0.388546	1.791551
10518	-3439.258	-3609.843	170.5853	1.58659	0.612006	0.387994	1.900827
10524	-3436.485	-3606.342	169.8572	1.440228	0.687779	0.312221	2.468807
10530	-3447.11	-3616.567	169.4574	1.45217	0.69507	0.30493	2.709193
10536	-3432.165	-3602.189	170.0244	1.351752	0.69507	0.30493	2.419318
10542	-3424.127	-3594.062	169.9351	1.441075	0.616514	0.383486	2.419318
10548	-3427.336	-3597.278	169.9424	1.299432	0.570197	0.429803	2.503565
10554	-3438.545	-3608.979	170.4339	1.508662	0.764883	0.235117	2.054331
10560	-3430.611	-3600.274	169.6627	1.403438	0.508699	0.491301	2.612771
10566	-3427.771	-3596.709	168.938	1.217125	0.561683	0.438317	3.164018
10572	-3421.577	-3590.342	168.765	1.239799	0.638292	0.361708	3.253043
10578	-3431.29	-3599.838	168.5485	1.225976	0.556562	0.443438	3.388598
10584	-3428.882	-3598.506	169.6238	1.249267	0.755055	0.244945	2.73157
10590	-3430.587	-3599.02	168.4331	1.225761	0.710078	0.289922	3.456319
10596	-3440.131	-3608.748	168.617	1.303491	0.586251	0.413749	3.302797
10602	-3442.263	-3610.963	168.7004	1.220025	0.549661	0.450339	3.302797
10608	-3433.224	-3602.611	169.3863	1.304809	0.658064	0.341936	2.8424
10614	-3423.44	-3592.942	169.5019	1.330651	0.556579	0.443421	2.756287
10620	-3431.829	-3600.534	168.7052	1.339769	0.498302	0.501698	3.229289
10626	-3434.92	-3604.948	170.0283	1.370586	0.494377	0.505623	2.404947
10632	-3454.179	-3623.054	168.8745	1.245808	0.626468	0.373532	3.184689
10638	-3439.204	-3609.003	169.7982	1.47283	0.624228	0.375772	2.485306
10644	-3438.481	-3607.722	169.2411	1.376854	0.569182	0.430818	2.886706
10650	-3431.282	-3601.64	170.3585	1.526655	0.569182	0.430818	2.092188
10656	-3426.499	-3596.449	169.9496	1.446297	0.547278	0.452722	2.406845
10662	-3430.52	-3599.998	169.4789	1.383568	0.59108	0.40892	2.738021
10668	-3439.506	-3609.41	169.9046	1.312729	0.583474	0.416526	2.518879
10674	-3428.44	-3597.979	169.5384	1.282105	0.706958	0.293042	2.76364
10680	-3427.775	-3596.152	168.3771	1.267685	0.574187	0.425813	3.464561
10686	-3433.387	-3602.375	168.9881	1.224615	0.603282	0.396718	3.129753
10692	-3434.075	-3602.43	168.3548	1.08701	0.603282	0.396718	3.582822
10698	-3437.323	-3605.072	167.7489	1.1179	0.603282	0.396718	3.914621
10704	-3442.258	-3610.033	167.7756	1.091206	0.66451	0.33549	3.914621
10710	-3439.976	-3608.808	168.8323	1.311808	0.733902	0.266098	3.170545
10716	-3438.476	-3607.827	169.3507	1.299074	0.648101	0.351899	2.867442
10722	-3441.971	-3611.765	169.7944	1.433793	0.675336	0.324664	2.512082
10728	-3439.491	-3609.327	169.8367	1.391567	0.686885	0.313115	2.512082
10734	-3432.484	-3602.632	170.1471	1.591613	0.654327	0.345673	2.18773
10740	-3429.911	-3599.99	170.0786	1.431316	0.59205	0.40795	2.334578
10746	-3434.078	-3602.221	168.143	1.098637	0.630899	0.369101	3.698836
10752	-3445.518	-3612.705	167.1875	1.052167	0.619051	0.380949	4.271818
10758	-3450.321	-3617.202	166.881	1.114252	0.550762	0.449238	4.40996
10764	-3468.534	-3635.443	166.9092	1.086027	0.63265	0.36735	4.40996
10770	-3444.819	-3612.701	167.8814	1.052858	0.633159	0.366841	3.875927
10776	-3439.763	-3608.259	168.4962	1.207637	0.633159	0.366841	3.430014
10782	-3435.314	-3605.018	169.7039	1.318484	0.67161	0.32839	2.639807
10788	-3447.608	-3616.715	169.1067	1.234139	0.412204	0.587796	3.053345
10794	-3441.064	-3608.952	167.8884	1.097773	0.651372	0.348628	3.846077
10800	-3443.582	-3611.486	167.9043	1.173946	0.677321	0.322679	3.793094
10806	-3441.562	-3610.293	168.7309	1.196945	0.564815	0.435185	3.298444
10812	-3432.176	-3600.424	168.2484	1.160821	0.519909	0.480091	3.601757
10818	-3439.54	-3607.188	167.648	1.15188	0.668883	0.331117	3.952945
10824	-3443.005	-3609.2	166.1951	0.9382941	0.668883	0.331117	4.892805
10830	-3444.013	-3610.113	166.0996	1.033858	0.521084	0.478916	4.892805
10836	-3442.064	-3608.288	166.2239	1.005299	0.629724	0.370276	4.839428
10842	-3441.237	-3608.471	167.2348	1.069674	0.630338	0.369662	4.235113
10848	-3442.233	-3609.862	167.6287	1.126259	0.630338	0.369662	3.978651
10854	-3439.535	-3607.821	168.2865	1.128746	0.584993	0.415007	3.598231
10860	-3437.477	-3605.617	168.1401	1.225386	0.597094	0.402906	3.627142
10866	-3431.774	-3600.519	168.745	1.167039	0.59569	0.40431	3.307757
10872	-3435.027	-3602.925	167.898	1.322843	0.525061	0.474939	3.710824
10878	-3451.129	-3618.895	167.7658	1.220245	0.612335	0.387665	3.846176
10884	-3456.448	-3625.037	168.5891	1.135628	0.620345	0.379655	3.417796
10890	-3454.601	-3621.952	167.3508	1.138105	0.542539	0.457461	4.130362
10896	-3446.462	-3614.967	168.5054	1.170444	0.647055	0.352945	3.446373
10902	-3446.561	-3615.245	168.6839	1.079738	0.647055	0.352945	3.394976
10908	-3444.712	-3613.962	169.2496	1.164614	0.621141	0.378859	3.009401
10914	-3433.702	-3601.018	167.316	1.153207	0.533871	0.466129	4.141591
10920	-3435.241	-3603.137	167.8958	1.191354	0.549804	0.450196	3.788009
10926	-3444.862	-3613.523	168.6611	1.235728	0.676454	0.323546	3.316743
10932	-3438.657	-3607.816	169.1588	1.207634	0.5508	0.4492	3.038002
10938	-3429.543	-3597.682	168.1392	1.154559	0.568267	0.431733	3.668661
10944	-3429.833	-3597.354	167.5205	1.0641	0.523773	0.476227	4.075888
10950	-3435.201	-3602.284	167.0836	1.046554	0.580696	0.419304	4.333781
10956	-3435.948	-3602.934	166.986	1.14642	0.663522	0.336478	4.332522
10962	-3438.659	-3606.415	167.7566	1.140158	0.59096	0.40904	3.897404
10968	-3429.689	-3597.318	167.6286	1.100394	0.635968	0.364032	3.993479
10974	-3436.456	-3605.217	168.7612	1.128893	0.586139	0.413861	3.320661
10980	-3436.614	-3605.134	168.5201	1.289106	0.615813	0.384187	3.368224
10986	-3443.344	-3611.248	167.904	1.158647	0.546436	0.453564	3.802095
10992	-3435.827	-3604.099	168.2722	1.11368	0.611939	0.388061	3.615267
10998	-3432.592	-3601.545	168.9535	1.143446	0.641052	0.358948	3.198539
11004	-3431.452	-3600.018	168.5661	1.172505	0.532528	0.467472	3.409662
11010	-3432.378	-3601.024	168.6457	1.193321	0.581349	0.418651	3.35074
11016	-3444.862	-3613.328	168.4665	1.186308	0.584548	0.415452	3.459863
11022	-3439.102	-3607.493	168.3905	1.25897	0.523387	0.476613	3.461772
11028	-3435.607	-3603.568	167.9611	1.148156	0.469052	0.530948	3.775242
11034	-3432.027	-3600.531	168.5039	1.283128	0.583406	0.416594	3.381261
11040	-3439.392	-3607.395	168.0029	1.148461	0.563186	0.436814	3.750983
11046	-3442.713	-3610.587	167.874	1.148461	0.563563	0.436437	3.825232
11052	-3438.917	-3606.063	167.1458	1.148461	0.563563	0.436437	4.240921
11058	-3435.245	-3603.997	168.7516	1.124932	0.478252	0.521748	3.328681
11064	-3434.428	-3601.526	167.0984	1.098469	0.500425	0.499575	4.296058
11070	-3420.829	-3588.404	167.5755	1.019483	0.593441	0.406559	4.069985
11076	-3427.212	-3595.332	168.1206	1.286579	0.46697	0.53303	3.602945
11082	-3430.385	-3598.824	168.439	1.244944	0.604633	0.395367	3.441655
11088	-3436.457	-3604.97	168.5133	1.170633	0.475194	0.524806	3.441655
11094	-3438.617	-3607.005	168.388	1.136398	0.448938	0.551062	3.534764
11100	-3442.728	-3611.175	168.447	1.185355	0.5736	0.4264	3.471822
11106	-3440.379	-3608.702	168.3231	1.224359	0.5736	0.4264	3.52134
11112	-3445.141	-3612.265	167.1237	0.999877	0.557048	0.442952	4.337512
11118	-3428.777	-3596.872	168.0955	1.168235	0.557048	0.442952	3.686046
11124	-3430.927	-3599.849	168.9221	1.2976	0.593329	0.406671	3.125628
11130	-3425.72	-3594.376	168.6554	1.289011	0.604023	0.395977	3.288651
11136	-3431.458	-3599.919	168.4605	1.183656	0.64168	0.35832	3.46491
11142	-3439.756	-3608.542	168.7858	1.183656	0.541759	0.458241	3.273895
11148	-3429.274	-3597.213	167.9395	1.145743	0.516138	0.483862	3.789071
11154	-3437.733	-3605.865	168.1318	1.088988	0.516796	0.483204	3.710865
11160	-3450.874	-3619.485	168.6106	1.118786	0.640273	0.359727	3.415025
11166	-3453.724	-3622.123	168.3984	1.331058	0.528306	0.471694	3.415025
11172	-3456.062	-3625.907	169.8453	1.467698	0.694743	0.305257	2.459026
11178	-3430.965	-3600.906	169.9409	1.359334	0.490449	0.509551	2.467044
11184	-3431.498	-3600.816	169.3181	1.306402	0.559955	0.440045	2.882758
11190	-3430.6	-3599.956	169.356	1.278216	0.606892	0.393108	2.876861
11196	-3441.292	-3609.655	168.3631	1.198528	0.606892	0.393108	3.513079
11202	-3445.708	-3613.687	167.9783	1.125352	0.564537	0.435463	3.778474
11208	-3444.131	-3611.759	167.6281	1.063058	0.564537	0.435463	4.015075
11214	-3441.313	-3608.851	167.5381	1.110465	0.524982	0.475018	4.03942
11220	-3448.172	-3616.623	168.4512	1.227905	0.545913	0.454087	3.444461
11226	-3447.2	-3615.802	168.6022	1.303734	0.529971	0.470029	3.311336
11232	-3445.599	-3614.153	168.5539	1.138201	0.507654	0.492346	3.436895
11238	-3429.512	-3598.344	168.8321	1.189658	0.582652	0.417348	3.242986
11244	-3440.984	-3609.667	168.6826	1.200237	0.498619	0.501381	3.324947
11250	-3433.984	-3601.449	167.4653	1.023294	0.643165	0.356835	4.130524
11256	-3431.76	-3598.944	167.1837	1.081742	0.513607	0.486393	4.257227
11262	-3425.807	-3594.207	168.4006	1.180677	0.665831	0.334169	3.501631
11268	-3443.092	-3612.428	169.3361	1.288275	0.669938	0.330062	2.88286
11274	-3435.322	-3603.989	168.6671	1.255767	0.638047	0.361953	3.301405
11280	-3429.757	-3598.176	168.4192	1.092101	0.608717	0.391283	3.542419
11286	-3431.358	-3601.352	169.9944	1.313316	0.632548	0.367452	2.462355
11292	-3437.643	-3607.304	169.6615	1.261677	0.648952	0.351048	2.700833
11298	-3439.47	-3608.479	169.0084	1.291053	0.681728	0.318272	3.078051
11304	-3429.141	-3598.517	169.3758	1.230536	0.667557	0.332443	2.89376
11310	-3432.022	-3601.533	169.5113	1.329006	0.615143	0.384857	2.751587
11316	-3438.172	-3607.695	169.5227	1.317618	0.67173	0.32827	2.751587
11322	-3432.635	-3601.956	169.3213	1.319875	0.706353	0.293647	2.872648
11328	-3427.723	-3598.177	170.454	1.460637	0.559761	0.440239	2.07279
11334	-3423.429	-3593.569	170.14	1.404451	0.592847	0.407153	2.312584
11340	-3428.015	-3598.032	170.0173	1.36073	0.438275	0.561725	2.418153
11346	-3428.855	-3599.335	170.4799	1.426715	0.554842	0.445158	2.078035
11352	-3430.739	-3601.144	170.4049	1.524261	0.554842	0.445158	2.063197
11358	-3433.458	-3604.086	170.6287	1.434479	0.55509	0.44491	1.974078
11364	-3442.142	-3612.761	170.619	1.446994	0.58652	0.41348	1.972196
11370	-3431.003	-3601.406	170.4029	1.502322	0.553671	0.446329	2.078946
11376	-3430.055	-3600.737	170.6826	1.587054	0.562809	0.437191	1.834121
11382	-3419.993	-3590.523	170.53	1.537614	0.512373	0.487627	1.971125
11388	-3423.302	-3594.081	170.7784	1.667459	0.555725	0.444275	1.711351
11394	-3427.401	-3598.348	170.9462	1.551495	0.442787	0.557213	1.67457
11400	-3433.036	-3603.771	170.735	1.442558	0.630152	0.369848	1.896978
11406	-3439.639	-3610.148	170.509	1.485263	0.486637	0.513363	2.02011
11412	-3433.796	-3603.574	169.7783	1.384746	0.582337	0.417663	2.552666
11418	-3433.89	-3603.794	169.9035	1.365498	0.580924	0.419076	2.486606
11424	-3430.556	-3600.275	169.7189	1.352177	0.52821	0.47179	2.609695
11430	-3432.86	-3602.264	169.4044	1.318431	0.547439	0.452561	2.823144
11436	-3424.972	-3593.332	168.3597	1.129768	0.501486	0.498514	3.555085
11442	-3435.407	-3603.622	168.2155	1.134306	0.571524	0.428476	3.636192
11448	-3431.524	-3599.708	168.184	1.193431	0.571524	0.428476	3.620205
11454	-3431.406	-3598.729	167.3234	1.065284	0.620753	0.379247	4.187359
11460	-3432.606	-3600.306	167.6995	1.114425	0.539033	0.460967	3.944871
11466	-3435.623	-3604.086	168.4631	1.244858	0.455863	0.544137	3.427609
11472	-3433.15	-3602.178	169.028	1.157383	0.45585	0.54415	3.146022
11478	-3436.287	-3604.773	168.4859	1.20362	0.563119	0.436881	3.438382
11484	-3436.623	-3605.749	169.1266	1.242564	0.594965	0.405035	3.036413
11490	-3435.457	-3605.011	169.5537	1.3976	0.558873	0.441127	2.683559
11496	-3437.796	-3607.585	169.7887	1.351729	0.630273	0.369727	2.566723
11502	-3438.624	-3608.22	169.596	1.391724	0.530425	0.469575	2.661134
11508	-3439.407	-3610.004	170.5968	1.619463	0.540227	0.459773	1.870666
11514	-3439.665	-3610.567	170.9015	1.649882	0.496309	0.503691	1.636113
11520	-3437.655	-3608.424	170.7684	1.553823	0.41291	0.58709	1.797785
11526	-3436.238	-3606.97	170.7325	1.589793	0.507425	0.492575	1.797785
11532	-3441.557	-3612.319	170.7619	1.604604	0.488265	0.511735	1.767055
11538	-3438.939	-3609.688	170.7495	1.693765	0.490377	0.509623	1.713203
11544	-3443.908	-3614.879	170.9712	1.693765	0.565596	0.434404	1.55336
11550	-3445.153	-3616.011	170.8574	1.785283	0.550964	0.449036	1.569764
11556	-3438.668	-3609.667	170.999	1.741685	0.614202	0.385798	1.497019
11562	-3444.702	-3615.753	171.0511	1.756375	0.439796	0.560204	1.446476
11568	-3437.722	-3608.28	170.558	1.721873	0.471611	0.528389	1.827065
11574	-3442.118	-3612.982	170.8637	1.837822	0.543987	0.456013	1.526285
11580	-3433.898	-3605.114	171.2159	1.837822	0.572758	0.427242	1.250563
11586	-3434.687	-3605.686	170.9988	1.757934	0.524818	0.475182	1.484956
11592	-3446.55	-3617.652	171.1021	1.752824	0.643291	0.356709	1.409943
11598	-3436.524	-3607.367	170.8434	1.646772	0.568936	0.431064	1.679926
11604	-3446.676	-3617.581	170.9041	1.600191	0.57985	0.42015	1.669879
11610	-3448.677	-3619.581	170.9041	1.600191	0.682338	0.317662	1.669879
11616	-3438.632	-3609.501	170.8689	1.674034	0.633728	0.366272	1.642175
11622	-3444.788	-3615.65	170.8623	1.564936	0.569749	0.430251	1.724505
11628	-3447.792	-3618.801	171.0091	1.665799	0.610628	0.389372	1.546045
11634	-3433.335	-3603.957	170.6226	1.628382	0.443952	0.556048	1.846906
11640	-3438.616	-3609.029	170.4132	1.511946	0.51881	0.48119	2.065834
11646	-3428.204	-3598.863	170.6592	1.515347	0.51881	0.48119	1.899014
11652	-3434.833	-3604.74	169.907	1.424568	0.51881	0.48119	2.447361
11658	-3425.727	-3595.069	169.3421	1.384234	0.576841	0.423159	2.821016
11664	-3436.202	-3606.556	170.3537	1.385825	0.588735	0.411265	2.187219
11670	-3433.293	-3603.137	169.8447	1.407994	0.388005	0.611995	2.496801
11676	-3442.136	-3611.346	169.2102	1.24331	0.660456	0.339544	2.985842
11682	-3437.171	-3606.801	169.6304	1.375011	0.614971	0.385029	2.650277
11688	-3438.81	-3608.085	169.2749	1.297834	0.490208	0.509792	2.914023
11694	-3442.105	-3610.76	168.6551	1.245677	0.651149	0.348851	3.314373
11700	-3449.417	-3619.062	169.6456	1.275683	0.481764	0.518236	2.702006
11706	-3437.448	-3606.767	169.3185	1.205129	0.653374	0.346626	2.943652
11712	-3449.38	-3618.309	168.9285	1.313569	0.570243	0.429757	3.112268
11718	-3438.328	-3608.087	169.7589	1.335324	0.570243	0.429757	2.595418
11724	-3441.033	-3610.735	169.7018	1.375998	0.525763	0.474237	2.605556
11730	-3439.807	-3609.497	169.6892	1.260322	0.555317	0.444683	2.684675
11736	-3453.98	-3622.807	168.8271	1.23341	0.659111	0.340889	3.220106
11742	-3449.156	-3618.108	168.9511	1.263297	0.543099	0.456901	3.128742
11748	-3439.752	-3609.035	169.283	1.291492	0.481034	0.518966	2.912956
11754	-3444.854	-3613.786	168.9324	1.222644	0.566757	0.433243	3.164058
11760	-3441.111	-3610.12	169.0087	1.261654	0.590723	0.409277	3.095432
11766	-3450.365	-3619.382	169.0168	1.262151	0.570223	0.429777	3.090324
11772	-3442.706	-3611.74	169.0337	1.245195	0.618771	0.381229	3.090324
11778	-3436.703	-3605.737	169.034	1.228128	0.605676	0.394324	3.100329
11784	-3438.846	-3607.766	168.9203	1.341815	0.552747	0.447253	3.100329
11790	-3430.303	-3599.273	168.9697	1.292419	0.552747	0.447253	3.100329
11796	-3425.916	-3595.739	169.8237	1.343168	0.592787	0.407213	2.550344
11802	-3435.121	-3604.587	169.4665	1.421816	0.448643	0.551357	2.722204
11808	-3444.38	-3614.573	170.1939	1.626847	0.520176	0.479824	2.134332
11814	-3460.748	-3631.612	170.8632	1.628933	0.441555	0.558445	1.678522
11820	-3450.628	-3621.005	170.3766	1.56547	0.673629	0.326371	2.054654
11826	-3437.732	-3608.557	170.8247	1.664639	0.600426	0.399574	1.680489
11832	-3444.542	-3615.926	171.3846	1.866628	0.693628	0.306372	1.077173
11838	-3435.142	-3606.341	171.1988	1.872482	0.579967	0.420033	1.235883
11844	-3424.912	-3596.144	171.2311	1.762769	0.478248	0.521752	1.299795
11850	-3429.149	-3600.116	170.967	1.744403	0.55792	0.44208	1.518933
11856	-3440.757	-3611.567	170.8103	1.460429	0.490674	0.509326	1.833369
11862	-3437.531	-3607.62	170.0892	1.40196	0.479546	0.520454	2.346521
11868	-3429.505	-3599.623	170.118	1.428703	0.479546	0.520454	2.311168
11874	-3435.243	-3605.18	169.9366	1.454309	0.558151	0.441849	2.410023
11880	-3435.914	-3605.877	169.9627	1.435395	0.474237	0.525763	2.405463
11886	-3436.559	-3606.86	170.3013	1.529558	0.546866	0.453134	2.127769
11892	-3433.009	-3603.354	170.3447	1.47809	0.546866	0.453134	2.132993
11898	-3438.849	-3608.383	169.5338	1.498468	0.630165	0.369835	2.633718
11904	-3442.689	-3610.301	167.6119	1.253729	0.495507	0.504493	3.915254
11910	-3437.314	-3604.287	166.9735	1.077225	0.650188	0.349812	4.378641
11916	-3431.877	-3599.125	167.2477	1.131422	0.650481	0.349519	4.192737
11922	-3432.042	-3600.454	168.4121	1.119444	0.630468	0.369532	3.530613
11928	-3443.643	-3610.272	166.629	1.135384	0.464707	0.535293	4.539875
11934	-3443.973	-3613.309	169.3359	1.409186	0.623631	0.376369	2.809615
11940	-3433.78	-3603.736	169.9558	1.453885	0.547402	0.452598	2.398156
11946	-3434.415	-3604.301	169.8863	1.390396	0.550357	0.449643	2.481762
11952	-3431.294	-3600.646	169.3524	1.257467	0.658681	0.341319	2.891639
11958	-3443.028	-3612.123	169.0952	1.200345	0.477108	0.522892	3.080396
11964	-3442.685	-3611.616	168.9305	1.254923	0.560245	0.439755	3.145967
11970	-3446.886	-3615.801	168.915	1.323219	0.590455	0.409545	3.114602
11976	-3446.583	-3615.692	169.1094	1.315085	0.57404	0.42596	3.003256
11982	-3457.545	-3627.02	169.4744	1.419095	0.508194	0.491806	2.719003
11988	-3442.997	-3611.959	168.9612	1.248619	0.559307	0.440693	3.131482
11994	-3450.792	-3619.393	168.6014	1.298096	0.62323	0.37677	3.31515
12000	-3449.679	-3618.027	168.3482	1.170309	0.526248	0.473752	3.538207
12006	-3439.97	-3608.253	168.2829	1.251484	0.526248	0.473752	3.528927
12012	-3443.866	-3612.884	169.0177	1.147029	0.514167	0.485833	3.158311
12018	-3427.134	-3595.032	167.8978	1.059394	0.497015	0.502985	3.862721
12024	-3433.737	-3601.953	168.2158	1.13609	0.542071	0.457929	3.63503
12030	-3449.71	-3617.863	168.1525	1.262491	0.608724	0.391276	3.598362
12036	-3442.539	-3610.365	167.8263	1.24322	0.620153	0.379847	3.798126
12042	-3441.585	-3608.949	167.3636	1.130908	0.519789	0.480211	4.127162
12048	-3438.657	-3607.382	168.725	1.149664	0.566361	0.433639	3.329762
12054	-3442.967	-3611.047	168.0798	1.146174	0.504183	0.495817	3.707898
12060	-3443.213	-3610.757	167.5434	1.077947	0.558762	0.441238	4.054954
12066	-3439.769	-3608.3	168.5309	1.283795	0.61632	0.38368	3.365004
12072	-3442.333	-3611.502	169.1685	1.162668	0.61632	0.38368	3.059097
12078	-3438.339	-3606.764	168.4257	1.229674	0.574669	0.425331	3.45836
12084	-3436.152	-3604.952	168.7996	1.26184	0.570816	0.429184	3.219527
12090	-3437.533	-3606.9	169.3664	1.308486	0.482515	0.517485	2.852261
12096	-3438.53	-3607.143	168.6128	1.208875	0.591276	0.408724	3.360921
12102	-3448.66	-3617.111	168.4512	1.185511	0.511904	0.488096	3.46927
12108	-3445.333	-3613.784	168.4512	1.185511	0.620597	0.379403	3.46927
12114	-3449.864	-3618.357	168.4934	1.135604	0.529813	0.470187	3.473731
12120	-3435.022	-3603.349	168.3264	1.200746	0.55109	0.44891	3.533163
12126	-3440.243	-3608.421	168.178	1.253015	0.496321	0.503679	3.589072
12132	-3450.383	-3617.154	166.7709	1.032713	0.613456	0.386544	4.517835
12138	-3443.802	-3610.59	166.7884	1.015216	0.662365	0.337635	4.517835
12144	-3435.442	-3602.837	167.3947	0.9653649	0.738162	0.261838	4.203566
12150	-3446.992	-3614.265	167.2727	1.087719	0.56451	0.43549	4.203364
12156	-3443.36	-3609.897	166.5368	1.162985	0.663563	0.336437	4.576163
12162	-3454.737	-3621.935	167.1981	1.051662	0.666202	0.333798	4.266138
12168	-3451.92	-3620.241	168.3217	1.111863	0.580648	0.419352	3.587574
12174	-3448.933	-3618.009	169.0763	1.195417	0.677456	0.322544	3.094601
12180	-3440.525	-3609.057	168.532	1.27973	0.553762	0.446238	3.366762
12186	-3440.735	-3610.495	169.7607	1.288579	0.577852	0.422148	2.623223
12192	-3440.194	-3610.216	170.0217	1.459495	0.577852	0.422148	2.35286
12198	-3438.521	-3608.701	170.1807	1.474672	0.653359	0.346641	2.241537
12204	-3441.237	-3611.117	169.8804	1.377999	0.467469	0.532531	2.493216
12210	-3443.698	-3613.732	170.0339	1.320502	0.564094	0.435906	2.433001
12216	-3439.701	-3609.004	169.3038	1.379405	0.541123	0.458877	2.847218
12222	-3442.98	-3611.592	168.6119	1.161361	0.511571	0.488429	3.389299
12228	-3451.675	-3620.545	168.8704	1.228328	0.485315	0.514685	3.197476
12234	-3444.664	-3613.496	168.832	1.231085	0.531362	0.468638	3.218578
12240	-3451.908	-3621.588	169.6793	1.336021	0.491916	0.508084	2.644186
12246	-3456.815	-3626.533	169.7178	1.351654	0.472043	0.527957	2.610719
12252	-3440.078	-3609.763	169.685	1.384469	0.562455	0.437545	2.610719
12258	-3437.459	-3607.372	169.913	1.402949	0.676894	0.323106	2.457165
12264	-3440.764	-3610.033	169.2688	1.352967	0.67688	0.32312	2.884448
12270	-3441.159	-3610.03	168.8707	1.115944	0.549843	0.450157	3.263757
12276	-3441.987	-3610.529	168.5415	1.167191	0.593294	0.406706	3.427171
12282	-3445.357	-3613.166	167.8091	1.255339	0.685272	0.314728	3.80106
12288	-3435.163	-3602.646	167.4829	1.107221	0.49636	0.50364	4.072717
12294	-3439.151	-3607.606	168.4551	1.224956	0.514829	0.485171	3.443927
12300	-3441.247	-3608.62	167.3736	1.026532	0.604253	0.395747	4.180809
12306	-3444.592	-3612.708	168.1162	1.256952	0.501283	0.498717	3.622658
12312	-3438.906	-3607.302	168.3955	1.283729	0.532642	0.467358	3.444423
12318	-3445.491	-3614.095	168.6036	1.19238	0.532642	0.467358	3.376019
12324	-3434.165	-3602.274	168.1092	1.104309	0.558608	0.441392	3.715064
12330	-3442.492	-3610.807	168.3154	1.179208	0.574387	0.425613	3.552099
12336	-3438.783	-3607.465	168.6813	1.109409	0.605185	0.394815	3.379089
12342	-3445.014	-3612.87	167.8554	1.111797	0.456953	0.543047	3.856969
12348	-3444.247	-3612.119	167.8721	1.210266	0.483827	0.516173	3.790762
12354	-3442.108	-3611.346	169.2377	1.270247	0.476343	0.523657	2.953118
12360	-3439.454	-3608.728	169.2733	1.237698	0.51791	0.48209	2.951276
12366	-3442.552	-3612.156	169.6044	1.239674	0.610222	0.389778	2.749277
12372	-3443.522	-3613.109	169.5868	1.269027	0.462384	0.537616	2.742072
12378	-3443.71	-3613.905	170.1949	1.383447	0.462384	0.537616	2.290927
12384	-3437.48	-3607.229	169.7485	1.431781	0.585847	0.414153	2.541962
12390	-3436.353	-3606.791	170.4375	1.454623	0.437685	0.562315	2.087558
12396	-3434.152	-3604.415	170.2632	1.382745	0.461283	0.538717	2.247618
12402	-3443.117	-3612.126	169.0092	1.249063	0.591509	0.408491	3.10264
12408	-3440.954	-3610.665	169.7103	1.336633	0.760424	0.239576	2.62462
12414	-3436.881	-3607.603	170.7214	1.585711	0.545492	0.454508	1.808249
12420	-3432.654	-3602.76	170.1067	1.525957	0.565001	0.434999	2.25616
12426	-3446.258	-3616.901	170.6429	1.614438	0.521757	0.478243	1.842564
12432	-3437.449	-3605.692	168.2432	1.22812	0.625301	0.374699	3.565673
12438	-3438.375	-3605.383	167.0083	1.104343	0.625301	0.374699	4.343672
12444	-3434.701	-3604.744	170.0428	1.442858	0.519974	0.480026	2.350045
12450	-3447.257	-3616.838	169.5805	1.389265	0.465624	0.534376	2.672228
12456	-3449.041	-3618.58	169.539	1.430771	0.551657	0.448343	2.672228
12462	-3457.278	-3626.899	169.6212	1.350791	0.551657	0.448343	2.670842
12468	-3456.103	-3625.548	169.4446	1.350791	0.44989	0.55011	2.77898
12474	-3447.26	-3616.373	169.1128	1.360296	0.43803	0.56197	2.974048
12480	-3446.71	-3614.9	168.1904	1.214646	0.670835	0.329165	3.604186
12486	-3434.095	-3603.202	169.1078	1.130528	0.555324	0.444676	3.114529
12492	-3430.342	-3597.774	167.4321	1.097335	0.550946	0.449054	4.107335
12498	-3440.754	-3609.402	168.6488	1.242133	0.594573	0.405427	3.320182
12504	-3443.562	-3613.016	169.4539	1.298858	0.44348	0.55652	2.804982
12510	-3441.482	-3610.892	169.4102	1.251821	0.44348	0.55652	2.860069
12516	-3438.502	-3607.909	169.4075	1.307045	0.470378	0.529622	2.828171
12522	-3441.915	-3611.273	169.3583	1.305166	0.515818	0.484182	2.859163
12528	-3443.392	-3612.618	169.2257	1.285619	0.508304	0.491696	2.951064
12534	-3443.517	-3613.404	169.8867	1.398102	0.619607	0.380393	2.476692
12540	-3447.986	-3617.772	169.7861	1.498712	0.604464	0.395536	2.476692
12546	-3434.481	-3604.654	170.1731	1.446322	0.561884	0.438116	2.264612
12552	-3444.375	-3614.009	169.634	1.399284	0.49676	0.50324	2.633081
12558	-3446.214	-3616.824	170.6101	1.677818	0.482418	0.517582	1.821523
12564	-3430.642	-3601.677	171.0347	1.679931	0.56635	0.43365	1.516575
12570	-3433.487	-3604.543	171.0562	1.65838	0.62789	0.37211	1.516575
12576	-3431.69	-3603.032	171.3415	1.606514	0.568493	0.431507	1.336742
12582	-3423.69	-3594.611	170.9213	1.606514	0.613956	0.386044	1.653034
12588	-3430.29	-3600.793	170.5037	1.606514	0.602739	0.397261	1.942509
12594	-3439.433	-3610.454	171.0208	1.628845	0.745539	0.254461	1.564655
12600	-3450.937	-3621.863	170.9262	1.628231	0.633804	0.366196	1.633903
12606	-3441.796	-3613.016	171.2197	1.713177	0.568097	0.431903	1.34881
12612	-3448.423	-3619.136	170.7133	1.666063	0.707905	0.292095	1.758085
12618	-3442.233	-3612.874	170.6415	1.519693	0.550325	0.449675	1.908073
12624	-3446.244	-3616.556	170.3111	1.588801	0.62447	0.37553	2.08248
12630	-3444.487	-3615.684	171.1968	1.668227	0.62815	0.37185	1.402142
12636	-3441.594	-3612.246	170.6518	1.476877	0.621773	0.378227	1.930109
12642	-3442.766	-3612.352	169.5858	1.425197	0.603252	0.396748	2.646854
12648	-3442.89	-3612.261	169.3705	1.310302	0.716202	0.283798	2.848669
12654	-3448.724	-3619.055	170.3315	1.513128	0.70902	0.29098	2.118721
12660	-3438.55	-3609.171	170.6214	1.616543	0.762449	0.237551	1.855817
12666	-3435.333	-3606.126	170.7925	1.497157	0.665836	0.334164	1.820289
12672	-3446.05	-3616.382	170.3326	1.519315	0.619052	0.380948	2.113972
12678	-3447.508	-3618.067	170.5589	1.563223	0.744286	0.255714	1.934479
12684	-3453.015	-3623.366	170.3507	1.512018	0.537258	0.462742	2.106881
12690	-3446.733	-3617.266	170.5337	1.43199	0.586828	0.413172	2.039015
12696	-3449.441	-3619.979	170.5377	1.566538	0.586828	0.413172	1.94658
12702	-3444.874	-3614.797	169.9224	1.590015	0.623063	0.376937	2.333016
12708	-3435.749	-3606.5	170.7507	1.590015	0.646874	0.353126	1.784972
12714	-3447.409	-3617.899	170.4899	1.647105	0.650433	0.349567	1.92447
12720	-3444.491	-3614.928	170.4367	1.508943	0.723017	0.276983	2.052319
12726	-3440.414	-3609.952	169.5373	1.391057	0.73446	0.26554	2.69765
12732	-3434.426	-3604.218	169.7916	1.406883	0.617403	0.382597	2.53062
12738	-3434.687	-3604.858	170.1713	1.412469	0.62087	0.37913	2.287472
12744	-3442.069	-3612.172	170.1032	1.396986	0.62087	0.37913	2.340796
12750	-3437.031	-3607.217	170.1859	1.412899	0.662078	0.337922	2.27789
12756	-3435.64	-3605.883	170.2432	1.497239	0.577	0.423	2.186614
12762	-3437.574	-3608.081	170.5063	1.547848	0.678286	0.321714	1.980164
12768	-3441.036	-3611.669	170.6328	1.616798	0.675688	0.324312	1.847884
12774	-3443.064	-3613.228	170.1635	1.498418	0.496609	0.503391	2.237332
12780	-3440.371	-3609.767	169.3957	1.378063	0.471301	0.528699	2.792192
12786	-3432.073	-3601.551	169.4784	1.295321	0.60636	0.39364	2.792192
12792	-3432.9	-3600.663	167.7626	1.01996	0.60636	0.39364	3.962852
12798	-3430.841	-3597.841	166.9998	1.109154	0.620336	0.379664	4.345743
12804	-3436.626	-3604.636	168.0098	1.103273	0.620336	0.379664	3.773051
12810	-3437.896	-3606.169	168.2722	1.054287	0.436516	0.563484	3.649739
12816	-3430.922	-3600.618	169.6957	1.418084	0.484689	0.515311	2.583284
12822	-3421.966	-3591.011	169.0452	1.279392	0.546911	0.453089	3.063028
12828	-3442.893	-3611.666	168.773	1.182667	0.538855	0.461145	3.282063
12834	-3435.871	-3603.36	167.4886	1.129444	0.648502	0.351498	4.056813
12840	-3440.254	-3607.952	167.6976	1.128192	0.542508	0.457492	3.938093
12846	-3444.003	-3612.314	168.3108	1.151847	0.559986	0.440014	3.570706
12852	-3450.314	-3618.993	168.6792	1.193656	0.617855	0.382145	3.330853
12858	-3442.331	-3610.856	168.5252	1.237855	0.617855	0.382145	3.3953
12864	-3427.4	-3596.235	168.8356	1.202817	0.655822	0.344178	3.23317
12870	-3421.029	-3589.301	168.272	1.130607	0.547645	0.452355	3.605599
12876	-3422.605	-3590.446	167.8417	1.148958	0.520241	0.479759	3.843495
12882	-3436.035	-3606.264	170.2298	1.453404	0.592778	0.407222	2.223635
12888	-3425.962	-3594.226	168.2638	1.263213	0.53135	0.46865	3.533234
12894	-3433.732	-3603.177	169.4445	1.338691	0.669177	0.330823	2.786429
12900	-3439.324	-3609.084	169.7599	1.338691	0.579555	0.420445	2.592709
12906	-3433.976	-3603.782	169.8062	1.322789	0.563676	0.436324	2.573878
12912	-3438.316	-3607.206	168.8897	1.242979	0.663537	0.336463	3.177322
12918	-3440.215	-3609.402	169.1875	1.162509	0.526302	0.473698	3.047881
12924	-3441.231	-3610.008	168.7771	1.184121	0.64077	0.35923	3.278767
12930	-3435.236	-3603.838	168.6022	1.227699	0.68731	0.31269	3.356052
12936	-3429.956	-3598.338	168.3814	1.167358	0.664119	0.335881	3.520552
12942	-3438.714	-3608.491	169.7773	1.218443	0.616278	0.383722	2.656235
12948	-3445.304	-3614.566	169.2619	1.329549	0.728532	0.271468	2.902723
12954	-3443.016	-3612.154	169.1376	1.253101	0.676231	0.323769	3.023472
12960	-3441.316	-3610.48	169.1649	1.225875	0.665641	0.334359	3.023472
12966	-3444.829	-3614.413	169.5842	1.240098	0.665641	0.334359	2.76136
12972	-3445.677	-3615.188	169.511	1.18622	0.698195	0.301805	2.838681
12978	-3446.179	-3615.701	169.5218	1.312386	0.685242	0.314758	2.755319
12984	-3447.174	-3616.906	169.7316	1.356603	0.668324	0.331676	2.599141
12990	-3459.767	-3629.363	169.5958	1.447683	0.69204	0.30796	2.62675
12996	-3447.878	-3618.109	170.2314	1.401417	0.653435	0.346565	2.256008
13002	-3447.514	-3617.708	170.1945	1.436083	0.668941	0.331059	2.257497
13008	-3448.646	-3619.2	170.554	1.516599	0.552502	0.447498	1.969126
13014	-3453.157	-3623.952	170.7954	1.599536	0.68214	0.31786	1.747143
13020	-3436.577	-3607.446	170.8687	1.635818	0.584298	0.415702	1.669693
13026	-3437.64	-3608.059	170.4192	1.590649	0.584298	0.415702	2.009722
13032	-3435.534	-3605.914	170.3802	1.48913	0.550227	0.449773	2.102572
13038	-3437.193	-3607.658	170.4649	1.564664	0.723253	0.276747	1.996548
13044	-3436.238	-3606.078	169.8399	1.317329	0.604381	0.395619	2.55634
13050	-3427.296	-3596.891	169.595	1.360326	0.604381	0.395619	2.681091
13056	-3430.563	-3600.563	170	1.330073	0.611033	0.388967	2.448287
13062	-3431.346	-3601.026	169.6795	1.300832	0.611033	0.388967	2.665735
13068	-3448.521	-3619.022	170.5005	1.40249	0.569855	0.430145	2.080436
13074	-3437.461	-3607.677	170.216	1.395335	0.569855	0.430145	2.269805
13080	-3433.711	-3604.057	170.3456	1.34552	0.569855	0.430145	2.218476
13086	-3425.258	-3595.562	170.304	1.491361	0.64397	0.35603	2.150937
13092	-3433.467	-3604.438	170.9708	1.683681	0.644542	0.355458	1.5611
13098	-3435.958	-3606.985	171.027	1.634239	0.695817	0.304183	1.556097
13104	-3443.937	-3614.755	170.8174	1.473508	0.603231	0.396769	1.819466
13110	-3438.84	-3609.177	170.3367	1.444279	0.603231	0.396769	2.160283
13116	-3438.18	-3608.445	170.2649	1.41329	0.70663	0.29337	2.226866
13122	-3434.22	-3604.416	170.1964	1.45501	0.738988	0.261012	2.244061
13128	-3438.317	-3608.804	170.4873	1.472817	0.703383	0.296617	2.04273
13134	-3460.681	-3631.404	170.7226	1.519671	0.703383	0.296617	1.852909
13140	-3444.029	-3614.678	170.649	1.561125	0.631387	0.368613	1.87485
13146	-3445.08	-3615.859	170.7795	1.651856	0.550476	0.449524	1.721568
13152	-3445.844	-3616.514	170.6703	1.497163	0.566791	0.433209	1.903869
13158	-3432.898	-3603.426	170.5279	1.540631	0.58584	0.41416	1.970503
13164	-3438.78	-3609.682	170.9024	1.603309	0.61603	0.38397	1.668864
13170	-3442.109	-3613.148	171.0388	1.754128	0.545397	0.454603	1.457592
13176	-3438.042	-3609.103	171.0612	1.738423	0.574892	0.425108	1.452438
13182	-3438.055	-3609.339	171.2834	1.747438	0.51524	0.48476	1.269535
13188	-3438.93	-3609.998	171.0679	1.663132	0.453847	0.546153	1.504307
13194	-3435.91	-3606.494	170.584	1.589206	0.565761	0.434239	1.899973
13200	-3431.992	-3602.096	170.1043	1.424053	0.633323	0.366677	2.322842
13206	-3424.975	-3595.005	170.0298	1.392474	0.593768	0.406232	2.390177
13212	-3431.18	-3601.365	170.1851	1.385503	0.542393	0.457607	2.295896
13218	-3429.559	-3599.354	169.795	1.401376	0.700942	0.299058	2.531962
13224	-3430.071	-3599.341	169.2702	1.338153	0.633595	0.366405	2.892541
13230	-3432.187	-3601.727	169.54	1.255205	0.555756	0.444244	2.779083
13236	-3438.016	-3606.785	168.7689	1.202182	0.555756	0.444244	3.272945
13242	-3442.295	-3611.064	168.7693	1.201817	0.528408	0.471592	3.272945
13248	-3452.47	-3620.897	168.4275	1.283733	0.553847	0.446153	3.425658
13254	-3445.632	-3613.66	168.028	1.026816	0.508028	0.491972	3.806597
13260	-3440.623	-3609.212	168.5887	1.207315	0.508028	0.491972	3.375965
13266	-3441.05	-3608.919	167.8687	1.12347	0.609115	0.390885	3.84261
13272	-3437.953	-3605.801	167.8481	1.144071	0.638049	0.361951	3.84261
13278	-3433.161	-3602.016	168.8555	1.293997	0.527829	0.472171	3.16732
13284	-3432.272	-3600.414	168.1415	1.110652	0.589287	0.410713	3.692772
13290	-3438.803	-3607.456	168.6527	1.186213	0.4874	0.5126	3.35077
13296	-3444.662	-3612.499	167.8369	1.150215	0.507888	0.492112	3.845565
13302	-3461.49	-3631.141	169.6507	1.328711	0.562295	0.437705	2.666251
13308	-3456.949	-3627.383	170.434	1.479405	0.588102	0.411898	2.073577
13314	-3444.511	-3615.534	171.023	1.703856	0.591281	0.408719	1.507393
13320	-3445.354	-3616.454	171.0995	1.730816	0.554728	0.445272	1.428989
13326	-3447.733	-3618.815	171.0824	1.829289	0.537111	0.462889	1.36557
13332	-3453.498	-3624.695	171.1968	1.714885	0.612108	0.387892	1.36557
13338	-3461.684	-3632.578	170.8939	1.620724	0.604273	0.395727	1.662497
13344	-3438.043	-3608.077	170.0347	1.409485	0.552082	0.447918	2.37633
13350	-3447.579	-3618.251	170.6725	1.57137	0.472537	0.527463	1.851803
13356	-3450.782	-3621.86	171.0784	1.626711	0.496485	0.503515	1.523661
13362	-3447.469	-3618.519	171.0503	1.631319	0.457626	0.542374	1.541103
13368	-3448.596	-3619.563	170.9666	1.659634	0.643571	0.356429	1.581814
13374	-3441.597	-3612.526	170.9288	1.702258	0.566108	0.433892	1.578252
13380	-3436.867	-3608.039	171.1721	1.697147	0.485178	0.514822	1.398839
13386	-3441.837	-3612.892	171.0544	1.661585	0.527313	0.472687	1.51551
13392	-3442.26	-3612.861	170.6011	1.557321	0.537398	0.462602	1.910003
13398	-3445.428	-3615.091	169.6633	1.46425	0.537398	0.462602	2.574763
13404	-3437.457	-3607.656	170.1988	1.443802	0.517545	0.482455	2.249756
13410	-3435.034	-3605.144	170.1094	1.494734	0.640036	0.359964	2.274432
13416	-3432.599	-3602.621	170.0224	1.40342	0.60102	0.39898	2.387958
13422	-3444.201	-3613.894	169.6931	1.481832	0.622433	0.377567	2.54532
13428	-3427.029	-3596.63	169.6013	1.433099	0.622433	0.377567	2.632366
13434	-3429.085	-3598.385	169.3001	1.364657	0.614934	0.385066	2.858395
13440	-3425.444	-3594.227	168.7832	1.313562	0.549016	0.450984	3.198594
13446	-3424.935	-3593.834	168.8998	1.197039	0.542249	0.457751	3.198594
13452	-3435.2	-3603.558	168.3577	1.162577	0.584935	0.415065	3.537167
13458	-3436.03	-3604.49	168.4599	1.20664	0.526238	0.473762	3.451796
13464	-3440.007	-3608.536	168.5292	1.137336	0.591027	0.408973	3.451796
13470	-3451.166	-3618.93	167.7636	1.269459	0.620686	0.379314	3.819105
13476	-3447.197	-3615.086	167.8892	1.29118	0.653342	0.346658	3.734195
13482	-3457.09	-3626.766	169.6754	1.434283	0.609216	0.390784	2.585849
13488	-3455.43	-3625.466	170.036	1.337059	0.602838	0.397162	2.421245
13494	-3449.776	-3620.29	170.5141	1.534002	0.641607	0.358393	1.98422
13500	-3444.692	-3614.94	170.2479	1.488327	0.539757	0.460243	2.189342
13506	-3441.71	-3611.86	170.1499	1.438003	0.606588	0.393412	2.284857
13512	-3445.038	-3615.419	170.3814	1.40691	0.646046	0.353954	2.155477
13518	-3448.201	-3619.215	171.0142	1.62217	0.646046	0.353954	1.574396
13524	-3444.778	-3615.533	170.7547	1.568393	0.62205	0.37795	1.797236
13530	-3453.298	-3623.905	170.607	1.573295	0.653461	0.346539	1.895136
13536	-3439.23	-3609.874	170.644	1.511079	0.52306	0.47694	1.91223
13542	-3447.563	-3617.686	170.1233	1.533017	0.574699	0.425301	2.240948
13548	-3447.903	-3618.024	170.1204	1.531648	0.602513	0.397487	2.243659
13554	-3453.194	-3622.856	169.6629	1.304145	0.529822	0.470178	2.673858
13560	-3445.566	-3615.734	170.1684	1.462752	0.509249	0.490751	2.25712
13566	-3434.873	-3605.378	170.5049	1.549839	0.53673	0.46327	1.979776
13572	-3439.581	-3610.233	170.6523	1.569086	0.459119	0.540881	1.867159
13578	-3444.294	-3614.801	170.5072	1.494123	0.565656	0.434344	2.01538
13584	-3420.108	-3590.664	170.556	1.445293	0.565656	0.434344	2.01538
13590	-3417.469	-3587.96	170.4913	1.615231	0.535857	0.464143	1.944987
13596	-3424.071	-3594.815	170.7441	1.616007	0.57641	0.42359	1.771491
13602	-3429.955	-3600.889	170.9339	1.631878	0.686801	0.313199	1.625755
13608	-3438.861	-3609.798	170.9377	1.559935	0.49049	0.50951	1.67464
13614	-3437.484	-3607.883	170.3993	1.529104	0.617015	0.382985	2.063668
13620	-3436.234	-3607.102	170.8679	1.591801	0.514136	0.485864	1.7016
13626	-3439.325	-3610.285	170.9599	1.678593	0.600522	0.399478	1.572828
13632	-3441.442	-3612.308	170.8667	1.771801	0.590117	0.409883	1.572828
13638	-3456.646	-3627.649	171.0031	1.860169	0.621	0.379	1.403466
13644	-3432.854	-3603.611	170.7568	1.633189	0.64637	0.35363	1.750642
13650	-3432.152	-3603.037	170.8848	1.648452	0.518364	0.481636	1.649138
13656	-3449.102	-3619.942	170.8401	1.646508	0.518364	0.481636	1.682443
13662	-3448.151	-3618.974	170.8232	1.663488	0.510072	0.489928	1.682443
13668	-3441.307	-3612.279	170.9719	1.695229	0.645805	0.354195	1.551741
13674	-3438.639	-3609.72	171.0809	1.760136	0.582842	0.417158	1.42066
13680	-3441.64	-3612.718	171.0784	1.741979	0.558677	0.441323	1.436594
13686	-3439.069	-3610.066	170.9971	1.693882	0.545835	0.454165	1.534141
13692	-3441.242	-3612.307	171.0655	1.754268	0.545835	0.454165	1.437033
13698	-3436.378	-3607.695	171.3174	1.781809	0.525375	0.474625	1.212259
13704	-3436.138	-3607.457	171.3194	1.927005	0.513831	0.486169	1.081744
13710	-3442.566	-3613.636	171.0699	1.927005	0.541246	0.458754	1.297337
13716	-3445.379	-3616.35	170.9711	1.734996	0.65575	0.34425	1.522895
13722	-3433.241	-3604.327	171.0869	1.766793	0.674153	0.325847	1.410903
13728	-3432.643	-3603.766	171.1225	1.810471	0.53931	0.46069	1.348742
13734	-3439.689	-3610.639	170.9495	1.658718	0.560061	0.439939	1.594939
13740	-3436.015	-3606.847	170.8326	1.649794	0.595486	0.404514	1.685492
13746	-3437.992	-3607.512	169.5204	1.36541	0.602986	0.397014	2.72373
13752	-3433.999	-3603.79	169.7908	1.394662	0.659388	0.340612	2.538733
13758	-3435.592	-3605.651	170.0595	1.357468	0.666073	0.333927	2.393528
13764	-3437.773	-3607.529	169.7557	1.331109	0.55607	0.44393	2.599991
13770	-3450.04	-3619.954	169.9142	1.427716	0.55607	0.44393	2.440853
13776	-3453.007	-3623.21	170.2033	1.417898	0.797427	0.202573	2.263512
13782	-3463.437	-3632.981	169.5438	1.377087	0.589022	0.410978	2.702263
13788	-3449.191	-3619.111	169.9202	1.423802	0.56957	0.43043	2.439556
13794	-3452.342	-3622.803	170.4614	1.533891	0.672617	0.327383	2.019417
13800	-3450.587	-3621.041	170.4533	1.558232	0.661953	0.338047	2.008561
13806	-3452.389	-3622.891	170.5013	1.555905	0.637187	0.362813	1.978083
13812	-3449.601	-3620.048	170.4469	1.610307	0.748307	0.251693	1.978083
13818	-3443.456	-3612.88	169.4234	1.393874	0.611903	0.388097	2.765671
13824	-3433.336	-3602.916	169.5795	1.285584	0.611903	0.388097	2.736448
13830	-3437.21	-3606.906	169.6962	1.256967	0.701187	0.298813	2.682447
13836	-3442.141	-3611.961	169.8201	1.48671	0.558764	0.441236	2.462881
13842	-3444.507	-3613.386	168.8792	1.283727	0.722903	0.277097	3.159358
13848	-3451.063	-3620.016	168.9534	1.209541	0.482672	0.517328	3.159358
13854	-3439.329	-3607.601	168.2727	1.173409	0.639022	0.360978	3.580296
13860	-3440.746	-3610.675	169.9295	1.463259	0.517844	0.482156	2.408855
13866	-3455.691	-3625.626	169.9351	1.342903	0.664032	0.335968	2.480951
13872	-3430.334	-3599.462	169.1278	1.220882	0.590466	0.409534	3.048646
13878	-3435.387	-3604.695	169.3087	1.19094	0.60095	0.39905	2.958111
13884	-3438.892	-3608.779	169.8868	1.40864	0.539641	0.460359	2.470043
13890	-3431.116	-3600.589	169.4728	1.411968	0.622386	0.377614	2.724406
13896	-3444.752	-3614.278	169.5261	1.358575	0.566405	0.433595	2.724406
13902	-3441.172	-3610.689	169.5169	1.350885	0.566405	0.433595	2.734782
13908	-3447.985	-3617.386	169.4016	1.342266	0.578837	0.421163	2.81038
13914	-3446.946	-3616.305	169.3594	1.302408	0.539945	0.460055	2.860183
13920	-3435.08	-3604.963	169.8836	1.477559	0.539945	0.460055	2.428724
13926	-3434.048	-3604.657	170.609	1.466891	0.593103	0.406897	1.965591
13932	-3435.005	-3605.709	170.7044	1.564957	0.460775	0.539225	1.83431
13938	-3433.98	-3604.699	170.7194	1.549956	0.743862	0.256138	1.83431
13944	-3428.177	-3599.096	170.9193	1.646105	0.592363	0.407637	1.626017
13950	-3436.366	-3607.188	170.8224	1.596248	0.592363	0.407637	1.730504
13956	-3430.295	-3601.087	170.7918	1.626854	0.560387	0.439613	1.730504
13962	-3425.188	-3596.095	170.9076	1.583999	0.638007	0.361993	1.678937
13968	-3430.53	-3601.304	170.7736	1.634025	0.53911	0.46089	1.73828
13974	-3438.339	-3609.533	171.1946	1.660104	0.614847	0.385153	1.410156
13980	-3436.868	-3607.962	171.0942	1.645212	0.622623	0.377377	1.498004
13986	-3433.625	-3604.719	171.0942	1.645212	0.580445	0.419555	1.498004
13992	-3427.162	-3598.096	170.9337	1.698403	0.641323	0.358677	1.577532
13998	-3448.46	-3619.528	171.0675	1.692697	0.580139	0.419861	1.482327
14004	-3442.018	-3613.078	171.0603	1.759098	0.580139	0.419861	1.43732
14010	-3453.03	-3622.179	169.1494	1.421335	0.540017	0.459983	2.915226
14016	-3449.075	-3617.062	167.9867	1.114043	0.700915	0.299085	3.780171
14022	-3440.302	-3608.364	168.0625	1.17468	0.642134	0.357866	3.701413
14028	-3441.808	-3611.139	169.3319	1.210643	0.644515	0.355485	2.932277
14034	-3446.864	-3616.206	169.3427	1.299244	0.541113	0.458887	2.872183
14040	-3448.205	-3616.935	168.7299	1.311725	0.533839	0.466161	3.231264
14046	-3453.712	-3621.897	168.1845	1.235867	0.533839	0.466161	3.595261
14052	-3434.227	-3603.473	169.246	1.301961	0.555977	0.444023	2.928976
14058	-3432.739	-3602.017	169.2777	1.270283	0.557412	0.442588	2.928976
14064	-3429.992	-3598.542	168.55	1.190603	0.56733	0.43267	3.408469
14070	-3438.409	-3607.298	168.8894	1.18072	0.541117	0.458883	3.214377
14076	-3441.054	-3609.401	168.3468	1.121967	0.595971	0.404029	3.567113
14082	-3431.895	-3600.413	168.5182	1.131117	0.594991	0.405009	3.461867
14088	-3432.599	-3600.605	168.0052	1.107605	0.51119	0.48881	3.773205
14094	-3438.377	-3606.424	168.0477	1.239912	0.640274	0.359726	3.67222
14100	-3432.146	-3600.86	168.7144	1.303863	0.620383	0.379617	3.245052
14106	-3436.474	-3605.982	169.5086	1.40419	0.582085	0.417915	2.707179
14112	-3443.04	-3612.547	169.507	1.307675	0.582085	0.417915	2.767231
14118	-3433.391	-3602.92	169.5292	1.285446	0.425774	0.574226	2.767231
14124	-3434.747	-3603.227	168.4792	1.270053	0.425774	0.574226	3.403409
14130	-3433.286	-3601.979	168.6924	1.295709	0.56183	0.43817	3.262873
14136	-3433.937	-3603.787	169.85	1.357387	0.532553	0.467447	2.525092
14142	-3435.242	-3605.281	170.0389	1.429957	0.646655	0.353345	2.360716
14148	-3434.754	-3604.581	169.8268	1.478936	0.657887	0.342113	2.463567
14154	-3430.329	-3600.511	170.1821	1.329892	0.657887	0.342113	2.333274
14160	-3444.827	-3614.925	170.098	1.414057	0.423334	0.576666	2.333274
14166	-3451.394	-3621.417	170.0232	1.488783	0.511763	0.488237	2.333274
14172	-3464.202	-3634.516	170.3141	1.406639	0.498365	0.501635	2.199346
14178	-3452.509	-3622.768	170.2587	1.480429	0.48479	0.51521	2.187413
14184	-3434.534	-3604.509	169.9749	1.446097	0.574417	0.425583	2.390969
14190	-3444.474	-3614.78	170.3056	1.433813	0.524884	0.475116	2.187264
14196	-3443.396	-3613.234	169.838	1.430504	0.634922	0.365078	2.48693
14202	-3430.339	-3600.426	170.0877	1.428594	0.570142	0.429858	2.330527
14208	-3438.605	-3608.614	170.0092	1.353088	0.570142	0.429858	2.428064
14214	-3442.81	-3612.526	169.7155	1.353088	0.683669	0.316331	2.611276
14220	-3443.342	-3613.777	170.4351	1.537275	0.598443	0.401557	2.034575
14226	-3435.277	-3605.011	169.7346	1.326617	0.478138	0.521862	2.615852
14232	-3450.191	-3619.884	169.6926	1.366064	0.504084	0.495916	2.617398
14238	-3446.58	-3616.511	169.9308	1.317241	0.651541	0.348459	2.499717
14244	-3440.846	-3609.577	168.7314	1.212455	0.628043	0.371957	3.289032
14250	-3445.563	-3614.256	168.6928	1.25105	0.462316	0.537684	3.289032
14256	-3443.786	-3613.979	170.1939	1.411289	0.521144	0.478856	2.273742
14262	-3444.134	-3614.676	170.5424	1.438359	0.483733	0.516267	2.029073
14268	-3441.715	-3612.476	170.7613	1.570335	0.636448	0.363552	1.791292
14274	-3435.006	-3605.53	170.5234	1.521964	0.492256	0.507744	1.986001
14280	-3430.722	-3601.284	170.5623	1.538496	0.538044	0.461956	1.948872
14286	-3435.685	-3606.438	170.753	1.590101	0.476496	0.523504	1.783326
14292	-3434.762	-3605.786	171.0239	1.653792	0.687754	0.312246	1.543974
14298	-3429.582	-3600.56	170.9778	1.627933	0.6231	0.3769	1.596788
14304	-3431.285	-3601.377	170.0922	1.358026	0.575795	0.424205	2.372487
14310	-3441.766	-3610.79	169.0239	1.317144	0.481166	0.518834	3.053227
14316	-3428.037	-3596.526	168.489	1.248984	0.659881	0.340119	3.410018
14322	-3438.449	-3607.216	168.7678	1.231132	0.646065	0.353935	3.256491
14328	-3431.881	-3600.427	168.5469	1.180087	0.668597	0.331403	3.416473
14334	-3428.22	-3595.907	167.6872	1.130979	0.531722	0.468278	3.942428
14340	-3437.537	-3606.045	168.5085	1.231654	0.514593	0.485407	3.408729
14346	-3433.41	-3601.982	168.5728	1.16738	0.674062	0.325938	3.408729
14352	-3437.082	-3606.161	169.0786	1.286167	0.631472	0.368528	3.03905
14358	-3438.99	-3608.685	169.6956	1.305294	0.631472	0.368528	2.653076
14364	-3436.27	-3604.562	168.2919	1.24322	0.568677	0.431323	3.528529
14370	-3436.423	-3604.897	168.4736	1.157655	0.555024	0.444976	3.472422
14376	-3440.644	-3608.447	167.8023	1.170753	0.51639	0.48361	3.853628
14382	-3436.906	-3605.733	168.8274	1.1808	0.603935	0.396065	3.251032
14388	-3455.168	-3624.626	169.4576	1.363669	0.704611	0.295389	2.76322
14394	-3444.95	-3614.92	169.9703	1.458501	0.654971	0.345029	2.38606
14400	-3442.327	-3611.837	169.51	1.284821	0.654971	0.345029	2.779319
14406	-3442.059	-3610.452	168.3928	1.153808	0.618241	0.381759	3.521848
14412	-3445.514	-3614.759	169.2446	1.293554	0.636876	0.363124	2.934918
14418	-3450.635	-3619.524	168.8889	1.277815	0.565837	0.434163	3.157114
14424	-3445.209	-3615.207	169.9978	1.33699	0.53638	0.46362	2.445338
14430	-3445.103	-3615.052	169.9491	1.461409	0.687493	0.312507	2.3976
14436	-3452.906	-3623.248	170.3417	1.532328	0.671751	0.328249	2.0995
14442	-3448.72	-3619.119	170.3994	1.496859	0.634654	0.365346	2.084889
14448	-3443.598	-3614.234	170.6364	1.561843	0.471992	0.528008	1.882944
14454	-3450.342	-3619.99	169.648	1.406763	0.521302	0.478698	2.619783
14460	-3445.6	-3615.518	169.9184	1.317445	0.521302	0.478698	2.507348
14466	-3445.047	-3614.288	169.2404	1.260249	0.668876	0.331124	2.957509
14472	-3442.488	-3611.752	169.2642	1.397135	0.674947	0.325053	2.860446
14478	-3454.523	-3624.104	169.581	1.334184	0.591057	0.408943	2.705734
14484	-3449.312	-3620.021	170.7082	1.611577	0.473097	0.526903	1.799504
14490	-3450.526	-3621.61	171.0835	1.599859	0.572416	0.427584	1.539816
14496	-3449.228	-3620.024	170.7964	1.595869	0.570292	0.429708	1.749059
14502	-3433.19	-3603.731	170.5415	1.595869	0.596849	0.403151	1.924228
14508	-3432.429	-3602.71	170.2808	1.487127	0.59008	0.40992	2.168758
14514	-3446.955	-3616.894	169.9395	1.463542	0.624078	0.375922	2.402363
14520	-3442.823	-3613.12	170.2973	1.470974	0.542838	0.457162	2.168556
14526	-3445.858	-3616.355	170.4971	1.504378	0.643497	0.356503	2.015291
14532	-3442.682	-3612.485	169.8035	1.338323	0.655963	0.344037	2.565871
14538	-3438.853	-3608.659	169.8064	1.221316	0.64363	0.35637	2.636492
14544	-3438.252	-3607.925	169.6731	1.334276	0.606806	0.393194	2.649033
14550	-3437.046	-3606.573	169.527	1.284129	0.581285	0.418715	2.769406
14556	-3451.303	-3621.092	169.7888	1.380267	0.624604	0.375396	2.548947
14562	-3446.596	-3616.793	170.1973	1.36091	0.781064	0.218936	2.303811
14568	-3445.581	-3614.719	169.1382	1.261498	0.640503	0.359497	3.018094
14574	-3433.917	-3602.202	168.2847	1.060122	0.602014	0.397986	3.639104
14580	-3455.448	-3624.052	168.6044	1.146537	0.742397	0.257603	3.402442
14586	-3447.065	-3615.796	168.731	1.227032	0.610043	0.389957	3.280663
14592	-3435.762	-3603.877	168.1148	1.165765	0.55622	0.44378	3.676313
14598	-3438.005	-3606.548	168.5426	1.16307	0.66146	0.33854	3.428959
14604	-3439.217	-3605.889	166.6723	1.028432	0.680881	0.319119	4.57567
14610	-3436.695	-3604.258	167.5627	0.993112	0.679785	0.320215	4.092263
14616	-3453.567	-3621.375	167.8081	0.98718	0.605543	0.394457	3.955579
14622	-3448.914	-3615.483	166.5688	1.023118	0.65126	0.34874	4.636684
14628	-3456.23	-3623.478	167.2475	1.09775	0.733711	0.266289	4.211989
14634	-3450.361	-3617.737	167.3767	1.044445	0.607364	0.392636	4.168875
14640	-3448.832	-3614.145	165.3131	0.9595368	0.607606	0.392394	5.369719
14646	-3451.716	-3619.026	167.3101	1.132729	0.522677	0.477323	4.156597
14652	-3446.684	-3617.247	170.5631	1.461089	0.524224	0.475776	2.00018
14658	-3449.262	-3619.236	169.9741	1.42083	0.524224	0.475776	2.407494
14664	-3450.507	-3620.428	169.9215	1.398845	0.524224	0.475776	2.454444
14670	-3447.805	-3617.438	169.6327	1.420782	0.655275	0.344725	2.620581
14676	-3456.052	-3626.098	170.0462	1.385509	0.614876	0.385124	2.384223
14682	-3443.637	-3612.482	168.8449	1.194063	0.526942	0.473058	3.232837
14688	-3432.074	-3601.212	169.1388	1.227306	0.616083	0.383917	3.03823
14694	-3441.236	-3610.593	169.3567	1.356821	0.519286	0.480714	2.82882
14700	-3437.934	-3608.449	170.5149	1.451477	0.53611	0.46389	2.038606
14706	-3439.488	-3609.729	170.2409	1.439786	0.48761	0.51239	2.22523
14712	-3444.699	-3613.687	168.9884	1.29177	0.44704	0.55296	3.089562
14718	-3454.567	-3623.099	168.5316	1.234366	0.275609	0.724391	3.393631
14724	-3444.998	-3612.995	167.9973	1.133351	0.619976	0.380024	3.762915
14730	-3441.932	-3609.898	167.9659	1.164706	0.688844	0.311156	3.762915
14736	-3442.624	-3611.529	168.9051	1.212648	0.649163	0.350837	3.186182
14742	-3453.033	-3621.663	168.6295	1.203662	0.497299	0.502701	3.354186
14748	-3445.32	-3613.517	168.1972	1.168767	0.481284	0.518716	3.626819
14754	-3447.818	-3616.901	169.0834	1.186058	0.704675	0.295325	3.09594
14760	-3444.313	-3612.923	168.61	1.114474	0.700275	0.299725	3.417918
14766	-3437.445	-3606.192	168.7468	1.145078	0.441716	0.558284	3.319624
14772	-3428.717	-3597.479	168.7621	1.271087	0.529625	0.470375	3.236233
14778	-3431.34	-3599.217	167.8777	1.25383	0.596557	0.403443	3.76238
14784	-3427.197	-3596.766	169.5689	1.289684	0.567055	0.432945	2.740391
14790	-3437.51	-3607.548	170.0379	1.441931	0.649501	0.350499	2.353699
14796	-3443.707	-3613.698	169.9909	1.43769	0.679142	0.320858	2.38621
14802	-3435.113	-3604.398	169.2845	1.217337	0.608959	0.391041	2.956777
14808	-3443.221	-3611.409	168.1876	1.082857	0.634681	0.365319	3.682191
14814	-3433.352	-3601.818	168.4662	1.13911	0.550971	0.449029	3.487602
14820	-3432.323	-3600.758	168.4352	1.165993	0.566354	0.433646	3.490002
14826	-3440.763	-3608.163	167.3994	1.065929	0.533504	0.466496	4.143761
14832	-3453.153	-3620.449	167.2962	1.169187	0.533504	0.466496	4.143761
14838	-3438.277	-3605.715	167.4378	1.027545	0.596988	0.403012	4.143761
14844	-3434.762	-3603.192	168.4299	1.167154	0.634488	0.365512	3.492436
14850	-3436.914	-3605.624	168.71	1.186387	0.630371	0.369629	3.316952
14856	-3429.218	-3598.573	169.355	1.316636	0.571284	0.428716	2.854204
14862	-3433.251	-3603.107	169.8561	1.404674	0.64663	0.35337	2.491751
14868	-3429.152	-3599.673	170.5212	1.466247	0.637171	0.362829	2.024594
14874	-3430.345	-3599.289	168.9444	1.322785	0.637171	0.362829	3.097321
14880	-3436.412	-3605.455	169.0439	1.381922	0.637171	0.362829	3.002442
14886	-3437.142	-3605.069	167.9261	1.183217	0.658589	0.341411	3.775192
14892	-3432.742	-3600.548	167.8065	1.15879	0.630817	0.369183	3.858091
14898	-3449.184	-3617.311	168.1279	1.145931	0.541772	0.458228	3.680198
14904	-3452.323	-3620.214	167.8914	1.106564	0.636405	0.363595	3.839333
14910	-3443.029	-3611.258	168.2293	1.138662	0.620387	0.379613	3.625709
14916	-3450.666	-3618.885	168.2188	1.179409	0.776912	0.223088	3.608153
14922	-3445.404	-3614.363	168.9587	1.243764	0.617269	0.382731	3.135886
14928	-3443.724	-3612.091	168.3674	1.282579	0.554063	0.445937	3.461529
14934	-3448.663	-3618.673	170.0096	1.289698	0.514145	0.485855	2.467606
14940	-3437.128	-3605.935	168.807	1.332066	0.561631	0.438369	3.173542
14946	-3444.642	-3614.099	169.4568	1.179582	0.566713	0.433287	2.875561
14952	-3438.401	-3609.107	170.706	1.582456	0.67815	0.32185	1.821148
14958	-3433.612	-3604.343	170.731	1.618571	0.657011	0.342989	1.778816
14964	-3435.993	-3606.743	170.7498	1.599838	0.568918	0.431082	1.778816
14970	-3441.971	-3611.254	169.2834	1.35772	0.567534	0.432466	2.87271
14976	-3432.565	-3601.382	168.8174	1.159051	0.575696	0.424304	3.269792
14982	-3429.69	-3600.319	170.6286	1.535471	0.725359	0.274641	1.906169
14988	-3423.455	-3593.742	170.2871	1.51698	0.608646	0.391354	2.145221
14994	-3424.648	-3595.117	170.4682	1.478803	0.647539	0.352461	2.051414
15000	-3422.383	-3592.885	170.5024	1.444615	0.532091	0.467909	2.051414
15006	-3426.996	-3597.422	170.4265	1.551253	0.532091	0.467909	2.031019
15012	-3435.062	-3605.501	170.4392	1.538598	0.593512	0.406488	2.031019
15018	-3441.644	-3612.274	170.6298	1.500842	0.588425	0.411575	1.928768
15024	-3447.166	-3617.984	170.818	1.598437	0.601944	0.398056	1.732086
15030	-3452.644	-3623.41	170.7658	1.58688	0.749176	0.250824	1.776673
15036	-3446.998	-3616.54	169.5418	1.377065	0.604761	0.395239	2.703493
15042	-3433.13	-3603.092	169.9626	1.452756	0.628861	0.371139	2.394584
15048	-3438.681	-3609.161	170.4797	1.580017	0.6611	0.3389	1.976421
15054	-3434.274	-3604.029	169.7552	1.411559	0.556477	0.443523	2.550408
15060	-3441.38	-3611.717	170.3364	1.398161	0.729174	0.270826	2.190412
15066	-3439.105	-3609.93	170.8251	1.645186	0.680466	0.319534	1.694042
15072	-3434.14	-3605.391	171.2509	1.746972	0.505728	0.494272	1.296587
15078	-3434.16	-3605.073	170.913	1.620111	0.530884	0.469116	1.649227
15084	-3448.623	-3616.954	168.3315	1.182055	0.593149	0.406851	3.541073
15090	-3447.266	-3615.894	168.628	1.182055	0.546866	0.453134	3.367709
15096	-3442.471	-3610.356	167.8851	1.070634	0.552885	0.447115	3.86356
15102	-3453.265	-3621.673	168.4083	1.155507	0.568324	0.431676	3.511806
15108	-3443.583	-3612.551	168.9684	1.309769	0.541532	0.458468	3.090792
15114	-3446.227	-3615.309	169.083	1.387023	0.526279	0.473721	2.975926
15120	-3444.226	-3615.611	171.3859	2.161529	0.557025	0.442975	0.7441414
15126	-3447.792	-3619.187	171.3955	2.161529	0.606431	0.393569	0.7292228
15132	-3433.906	-3603.541	169.6344	1.441329	0.481383	0.518617	2.606826
15138	-3437.822	-3608.066	170.2437	1.516081	0.587113	0.412887	2.17406
15144	-3447.051	-3618.488	171.437	2.104402	0.585662	0.414338	0.7533455
15150	-3446.071	-3617.488	171.4167	2.152405	0.567004	0.432996	0.7094266
15156	-3448.977	-3620.331	171.3541	2.223078	0.560741	0.439259	0.6955096
15162	-3448.047	-3617.468	169.421	1.320895	0.585928	0.414072	2.811589
15168	-3442.095	-3612.285	170.19	1.424602	0.450214	0.549786	2.267747
15174	-3443.25	-3614.569	171.3191	2.31635	0.677333	0.322667	0.5378816
15180	-3441.13	-3611.092	169.9613	1.363212	0.490179	0.509821	2.451783
15186	-3442.498	-3611.549	169.0515	1.271733	0.704607	0.295393	3.063878
15192	-3452.924	-3622.565	169.6407	1.344653	0.704607	0.295393	2.662597
15198	-3433.73	-3602.61	168.8795	1.281873	0.510363	0.489637	3.160267
15204	-3450.593	-3621.951	171.358	1.976189	0.569781	0.430219	0.9971306
15210	-3442.531	-3613.967	171.4358	1.988701	0.60898	0.39102	0.9015505
15216	-3434.29	-3605.681	171.391	1.961391	0.560085	0.439915	0.9786562
15222	-3454.636	-3625.776	171.1409	1.969198	0.695886	0.304114	1.203033
15228	-3437.906	-3609.255	171.3491	1.993493	0.655159	0.344841	0.9886656
15234	-3437.377	-3608.815	171.4381	1.93177	0.698001	0.301999	0.9605999
15240	-3447.58	-3618.963	171.3834	1.93177	0.674977	0.325023	1.016002
15246	-3446.306	-3617.636	171.3293	2.021701	0.548937	0.451063	0.9800446
15252	-3443.909	-3615.291	171.3822	2.057448	0.530354	0.469646	0.8844304
15258	-3434.529	-3605.909	171.3801	2.057448	0.630775	0.369225	0.8868396
15264	-3438.192	-3609.582	171.3899	2.057448	0.647186	0.352814	0.8754875
15270	-3446.941	-3618.375	171.4341	1.984574	0.631372	0.368628	0.9081437
15276	-3443.767	-3615.193	171.4264	1.994012	0.613597	0.386403	0.906201
15282	-3443.923	-3615.303	171.38	1.94962	0.638785	0.361215	1.00162
15288	-3454.165	-3625.629	171.4641	1.916282	0.555304	0.444696	0.9495668
15294	-3448.756	-3620.123	171.3669	1.884059	0.718089	0.281911	1.077455
15300	-3439.666	-3610.913	171.2465	1.817345	0.619536	0.380464	1.242147
15306	-3435.237	-3606.383	171.146	1.729891	0.637176	0.362824	1.393673
15312	-3425.367	-3596.456	171.0889	1.786987	0.652993	0.347007	1.393673
15318	-3432.647	-3603.783	171.1365	1.774204	0.638573	0.361427	1.366371
15324	-3435.329	-3606.196	170.8666	1.619226	0.602519	0.397481	1.683004
15330	-3433.269	-3604.133	170.8643	1.671571	0.591769	0.408231	1.647284
15336	-3442.099	-3612.798	170.6991	1.604125	0.632928	0.367072	1.810968
15342	-3447.847	-3618.384	170.537	1.603323	0.670144	0.329856	1.922241
15348	-3452.712	-3623.276	170.5641	1.650764	0.549566	0.450434	1.871615
15354	-3455.244	-3626.229	170.9847	1.652857	0.558836	0.441164	1.573502
15360	-3444.352	-3614.14	169.7883	1.45552	0.558836	0.441164	2.502323
15366	-3453.638	-3623.835	170.1974	1.431919	0.528154	0.471846	2.258274
15372	-3443.947	-3613.528	169.5817	1.269884	0.613437	0.386563	2.744703
15378	-3437.408	-3606.893	169.4849	1.304588	0.599235	0.400765	2.782604
15384	-3433.732	-3602.834	169.1018	1.222798	0.726733	0.273267	3.063037
15390	-3442.42	-3612.394	169.9735	1.327193	0.728131	0.271869	2.466723
15396	-3437.484	-3607.986	170.5023	1.508269	0.672586	0.327414	2.009205
15402	-3441.418	-3612.191	170.7726	1.626578	0.688863	0.311137	1.744201
15408	-3434.975	-3605.833	170.8583	1.707736	0.575756	0.424244	1.625534
15414	-3433.184	-3603.919	170.7347	1.595747	0.691175	0.308825	1.792122
15420	-3436.875	-3607.631	170.7555	1.547593	0.729024	0.270976	1.811026
15426	-3439.089	-3609.499	170.4096	1.554047	0.511517	0.488483	2.040411
15432	-3432.32	-3602.482	170.1614	1.419747	0.663061	0.336939	2.289143
15438	-3429.932	-3599.057	169.1249	1.2632	0.55781	0.44219	3.025073
15444	-3436.562	-3605.772	169.2104	1.290817	0.55781	0.44219	2.957166
15450	-3436.719	-3606.074	169.3556	1.403805	0.576787	0.423213	2.800904
15456	-3418.974	-3589.271	170.2964	1.377612	0.587213	0.412787	2.229557
15462	-3424.488	-3594.104	169.6158	1.312873	0.655426	0.344574	2.697473
15468	-3427.205	-3596.752	169.5474	1.267665	0.625837	0.374163	2.767003
15474	-3436.193	-3605.804	169.6112	1.39634	0.488005	0.511995	2.64897
15480	-3428.836	-3599.002	170.1665	1.3758	0.505036	0.494964	2.313958
15486	-3425.909	-3595.793	169.8841	1.38002	0.505036	0.494964	2.48967
15492	-3432.187	-3601.139	168.9525	1.360071	0.547169	0.452831	3.070219
15498	-3433.376	-3603.116	169.7405	1.245644	0.52181	0.47819	2.662103
15504	-3434.949	-3605.103	170.1541	1.390833	0.597024	0.402976	2.312304
15510	-3440.432	-3610.759	170.3272	1.347562	0.597024	0.402976	2.229042
15516	-3440.355	-3609.206	168.8511	1.130882	0.520372	0.479628	3.266516
15522	-3451.717	-3620.747	169.0295	1.215997	0.635677	0.364323	3.110231
15528	-3449.797	-3619.064	169.2672	1.241421	0.497805	0.502195	2.952662
15534	-3452.981	-3621.375	168.3941	1.202996	0.621531	0.378469	3.492381
15540	-3446.597	-3615.215	168.6187	1.26423	0.627881	0.372119	3.324898
15546	-3438.211	-3607.506	169.295	1.372701	0.60895	0.39105	2.856596
15552	-3447.896	-3617.16	169.2643	1.330587	0.566828	0.433172	2.900679
15558	-3440.684	-3610.578	169.8945	1.338703	0.566828	0.433172	2.508991
15564	-3431.014	-3600.33	169.3159	1.299276	0.467461	0.532539	2.888414
15570	-3428.419	-3597.721	169.3026	1.312578	0.532783	0.467217	2.888414
15576	-3442.646	-3611.864	169.2186	1.335314	0.619924	0.380076	2.925421
15582	-3436.327	-3606.215	169.8879	1.420305	0.641744	0.358256	2.462016
15588	-3433.641	-3604.422	170.781	1.578988	0.516739	0.483261	1.771556
15594	-3427.85	-3598.626	170.7752	1.640104	0.505775	0.494225	1.732856
15600	-3439.377	-3609.91	170.5333	1.640326	0.601444	0.398556	1.899637
15606	-3431.802	-3602.256	170.4545	1.566336	0.670966	0.329034	2.002367
15612	-3433.884	-3604.614	170.7302	1.591295	0.545557	0.454443	1.798332
15618	-3439.035	-3609.791	170.7563	1.526784	0.594375	0.405625	1.824866
15624	-3446.629	-3616.659	170.0302	1.445286	0.635498	0.364502	2.356458
15630	-3448.551	-3618.611	170.0603	1.546177	0.660768	0.339232	2.272916
15636	-3441.19	-3611.349	170.1585	1.448044	0.605693	0.394307	2.272916
15642	-3449.489	-3619.86	170.3713	1.64713	0.667291	0.332709	2.00399
15648	-3431.108	-3600.548	169.4403	1.452045	0.648364	0.351636	2.719731
15654	-3435.238	-3603.255	168.0169	1.283763	0.509084	0.490916	3.664653
15660	-3432.063	-3600.422	168.3587	1.301467	0.564738	0.435262	3.455531
15666	-3430.9	-3600.392	169.492	1.37026	0.583356	0.416644	2.738156
15672	-3433.121	-3602.696	169.5754	1.367686	0.609175	0.390825	2.688633
15678	-3432.495	-3601.292	168.7973	1.264648	0.540422	0.459578	3.219247
15684	-3438.359	-3607.168	168.8093	1.313903	0.659264	0.340736	3.182968
15690	-3438.271	-3606.093	167.8225	1.084066	0.467211	0.532789	3.891821
15696	-3431.195	-3599.616	168.4212	1.103564	0.515481	0.484519	3.534543
15702	-3441.898	-3609.12	167.222	1.132218	0.50294	0.49706	4.206919
15708	-3432.963	-3600.418	167.4547	1.038785	0.440125	0.559875	4.127784
15714	-3437.172	-3605.765	168.5935	1.095378	0.4802	0.5198	3.438756
15720	-3445.291	-3613.112	167.821	1.113208	0.538003	0.461997	3.875919
15726	-3441.992	-3611.05	169.0586	1.387383	0.602762	0.397238	2.990351
15732	-3439.821	-3609.874	170.0527	1.38444	0.520412	0.479588	2.380766
15738	-3440.455	-3610.276	169.8209	1.503936	0.622413	0.377587	2.451578
15744	-3444.975	-3615.046	170.071	1.508128	0.519588	0.480412	2.290431
15750	-3438.276	-3608.421	170.1454	1.481041	0.689683	0.310317	2.260122
15756	-3440.87	-3610.939	170.0686	1.457558	0.575298	0.424702	2.324246
15762	-3440.165	-3610.763	170.5978	1.476699	0.663091	0.336909	1.966541
15768	-3443.171	-3613.157	169.9855	1.363472	0.639745	0.360255	2.436389
15774	-3432.825	-3602.842	170.0164	1.569542	0.557198	0.442802	2.286083
15780	-3437.757	-3607.854	170.0978	1.476427	0.623174	0.376826	2.293585
15786	-3435.03	-3605.433	170.403	1.465643	0.64207	0.35793	2.103012
15792	-3429.223	-3599.631	170.4086	1.428849	0.64207	0.35793	2.123439
15798	-3449.406	-3619.354	169.9479	1.339491	0.526604	0.473396	2.475056
15804	-3445.235	-3615.122	169.8866	1.400856	0.562471	0.437529	2.475056
15810	-3454.908	-3624.318	169.4098	1.198038	0.52558	0.47442	2.892856
15816	-3453.105	-3622.407	169.302	1.305837	0.490011	0.509989	2.892856
15822	-3455.543	-3625.02	169.4764	1.395437	0.623393	0.376607	2.732323
15828	-3446.255	-3616.282	170.0265	1.479018	0.461203	0.538797	2.337415
15834	-3442.281	-3611.389	169.1086	1.292853	0.583156	0.416844	3.01705
15840	-3447.352	-3616.861	169.509	1.348412	0.627417	0.372583	2.741104
15846	-3425.603	-3594.477	168.8746	1.236123	0.634561	0.365439	3.190316
15852	-3428.609	-3597.168	168.5588	1.234534	0.600783	0.399217	3.37754
15858	-3431.524	-3600.76	169.2357	1.376587	0.600783	0.399217	2.890126
15864	-3438.544	-3607.278	168.7343	1.188598	0.642192	0.357808	3.301375
15870	-3434.922	-3603.101	168.1788	1.20451	0.520793	0.479207	3.616754
15876	-3435.559	-3604.017	168.458	1.170606	0.566967	0.433033	3.474016
15882	-3437.18	-3605.892	168.7128	1.207546	0.516567	0.483433	3.302859
15888	-3428.133	-3596.96	168.8271	1.299534	0.580517	0.419483	3.180916
15894	-3434.324	-3603.252	168.9275	1.216997	0.562751	0.437249	3.170311
15900	-3426.166	-3595.971	169.8049	1.280207	0.572335	0.427665	2.601022
15906	-3440.057	-3609.342	169.2854	1.231963	0.55992	0.44008	2.94745
15912	-3438.731	-3607.515	168.7838	1.22477	0.55992	0.44008	3.250795
15918	-3437.801	-3607.87	170.0688	1.291979	0.468788	0.531212	2.428961
15924	-3440.173	-3610.079	169.9059	1.487033	0.679697	0.320303	2.4087
15930	-3464.817	-3632.194	167.3769	1.195446	0.637495	0.362505	4.082847
15936	-3448.033	-3617.892	169.8588	1.305778	0.615002	0.384998	2.551734
15942	-3442.876	-3613.002	170.1259	1.429698	0.540878	0.459122	2.305462
15948	-3442.979	-3613.344	170.3654	1.427476	0.623686	0.376314	2.152524
15954	-3441.512	-3611.021	169.5087	1.235385	0.631387	0.368613	2.810249
15960	-3441.299	-3610.717	169.4183	1.282518	0.574894	0.425106	2.836512
15966	-3440.428	-3609.964	169.5363	1.27859	0.64515	0.35485	2.767086
15972	-3431.301	-3600.894	169.5925	1.222406	0.524061	0.475939	2.767086
15978	-3434.549	-3603.659	169.1101	1.269492	0.547931	0.452069	3.030125
15984	-3437.129	-3605.488	168.359	1.221753	0.556012	0.443988	3.501909
15990	-3435.13	-3604.156	169.0261	1.336859	0.552798	0.447202	3.040126
15996	-3441.511	-3610.681	169.17	1.327304	0.478236	0.521764	2.959473
16002	-3428.893	-3598.34	169.4475	1.253477	0.551628	0.448372	2.836428
16008	-3422.741	-3592.348	169.6076	1.395004	0.551628	0.448372	2.65197
16014	-3426.845	-3596.902	170.0568	1.606351	0.578525	0.421475	2.236511
16020	-3433.864	-3602.905	169.041	1.423406	0.521039	0.478961	2.979298
16026	-3432.642	-3601.852	169.2103	1.269038	0.516907	0.483093	2.9703
16032	-3434.642	-3604.058	169.4161	1.397575	0.638978	0.361022	2.767838
16038	-3439.095	-3607.702	168.6073	1.22601	0.552616	0.447384	3.354086
16044	-3431.484	-3600.834	169.35	1.335486	0.525489	0.474511	2.845819
16050	-3444.798	-3614.35	169.5515	1.355637	0.518305	0.481695	2.710649
16056	-3446.36	-3615.571	169.2117	1.368819	0.557499	0.442501	2.909322
16062	-3436.795	-3606.946	170.1505	1.43806	0.557499	0.442501	2.284428
16068	-3438.758	-3609.212	170.4535	1.44349	0.657731	0.342269	2.084352
16074	-3444.541	-3612.991	168.4497	1.260059	0.644153	0.355847	3.426511
16080	-3434.862	-3602.008	167.1454	1.129652	0.588906	0.411094	4.251769
16086	-3438.562	-3607.409	168.847	1.191456	0.497505	0.502495	3.233138
16092	-3427.185	-3596.575	169.3895	1.279994	0.529187	0.470813	2.855524
16098	-3436.895	-3605.636	168.7415	1.232685	0.550394	0.449606	3.271095
16104	-3447.271	-3614.934	167.6635	1.215071	0.615978	0.384022	3.907858
16110	-3447.32	-3615.707	168.387	1.233967	0.660208	0.339792	3.478479
16116	-3436.441	-3606.065	169.6236	1.35934	0.617756	0.382244	2.664082
16122	-3427.808	-3597.455	169.6476	1.244421	0.640638	0.359362	2.719944
16128	-3433.693	-3603.226	169.5333	1.218168	0.551553	0.448447	2.805765
16134	-3429.681	-3599.283	169.6023	1.355957	0.544449	0.455551	2.679288
16140	-3434.06	-3602.912	168.8513	1.191996	0.532661	0.467339	3.230303
16146	-3435.933	-3604.91	168.9771	1.223576	0.576088	0.423912	3.136923
16152	-3431.644	-3600.699	169.0544	1.306642	0.536976	0.463024	3.041234
16158	-3439.713	-3607.875	168.1614	1.199091	0.584877	0.415123	3.630015
16164	-3458.292	-3626.178	167.8864	1.262366	0.59064	0.40936	3.752458
16170	-3459.294	-3629.977	170.6825	1.474528	0.649157	0.350843	1.910896
16176	-3447.609	-3618.23	170.6209	1.546746	0.533449	0.466551	1.903707
16182	-3454.365	-3622.44	168.0756	1.24603	0.613123	0.386877	3.652566
16188	-3441.28	-3610.525	169.2447	1.189534	0.613123	0.386877	2.997383
16194	-3439.83	-3608.221	168.3904	1.176691	0.666902	0.333098	3.509898
16200	-3438.179	-3606.757	168.5775	1.121839	0.630416	0.369584	3.432652
16206	-3429.396	-3597.86	168.4648	1.234475	0.612398	0.387602	3.432652
16212	-3423.9	-3591.731	167.8315	1.115338	0.534067	0.465933	3.868704
16218	-3430.501	-3598.498	167.9964	1.021112	0.540909	0.459091	3.828048
16224	-3438.842	-3607.738	168.8957	1.103297	0.559845	0.440155	3.256447
16230	-3435.52	-3603.084	167.5642	0.9993818	0.526483	0.473517	4.08787
16236	-3439.819	-3607.359	167.5397	1.043016	0.526483	0.473517	4.076955
16242	-3445.093	-3613.151	168.0581	1.19444	0.584008	0.415992	3.69255
16248	-3440.525	-3608.775	168.2498	1.176554	0.578717	0.421283	3.591766
16254	-3443.27	-3610.532	167.2626	1.148018	0.58281	0.41719	4.17489
16260	-3442.009	-3610.112	168.103	1.136658	0.661165	0.338835	3.69999
16266	-3444.789	-3613.169	168.3793	1.109632	0.543404	0.456596	3.555398
16272	-3443.393	-3611.902	168.5091	1.209382	0.657625	0.342375	3.421422
16278	-3452.201	-3620.752	168.5507	1.167793	0.654065	0.345935	3.421422
16284	-3456.589	-3624.942	168.3525	1.078657	0.618795	0.381205	3.588996
16290	-3450.42	-3618.706	168.2858	1.145317	0.569797	0.430203	3.588996
16296	-3443.92	-3612.004	168.084	1.102753	0.55693	0.44307	3.730539
16302	-3443.48	-3611.116	167.6364	1.119949	0.549341	0.450659	3.97782
16308	-3446.901	-3615.469	168.5686	1.075044	0.549341	0.450659	3.465192
16314	-3454.837	-3622.864	168.0271	1.209838	0.674028	0.325972	3.701562
16320	-3449.001	-3618.091	169.0902	1.244915	0.554225	0.445775	3.056753
16326	-3442.274	-3611.974	169.7002	1.397229	0.686145	0.313855	2.593419
16332	-3443.01	-3612.335	169.325	1.201848	0.526546	0.473454	2.941701
16338	-3445.91	-3614.915	169.0046	1.249672	0.565446	0.434554	3.10501
16344	-3445.057	-3614.55	169.4932	1.35983	0.624297	0.375703	2.743826
16350	-3450.733	-3619.504	168.7713	1.250826	0.675736	0.324264	3.242824
16356	-3450.072	-3618.854	168.7813	1.231112	0.457884	0.542116	3.248511
16362	-3437.504	-3607.203	169.6987	1.440428	0.528848	0.471152	2.567524
16368	-3437.649	-3607.369	169.7198	1.470921	0.509058	0.490942	2.53544
16374	-3435.986	-3606.378	170.3913	1.521078	0.509058	0.490942	2.074274
16380	-3439.846	-3610.225	170.3785	1.509942	0.65221	0.34779	2.089984
16386	-3455.286	-3625.681	170.3957	1.500253	0.686644	0.313356	2.085094
16392	-3452.668	-3622.836	170.1683	1.464818	0.725181	0.274819	2.255843
16398	-3453.495	-3623.708	170.2127	1.354381	0.570186	0.429814	2.298175
16404	-3447.107	-3617.317	170.21	1.36558	0.575076	0.424924	2.292706
16410	-3437.404	-3607.276	169.8722	1.318067	0.525694	0.474306	2.535749
16416	-3437.049	-3606.775	169.7265	1.370941	0.581241	0.418759	2.593412
16422	-3441.385	-3610.952	169.5673	1.317318	0.662986	0.337014	2.724453
16428	-3445.011	-3614.241	169.2303	1.262538	0.585616	0.414384	2.96216
16434	-3441.95	-3611.115	169.165	1.226311	0.574868	0.425132	3.023127
16440	-3436.188	-3604.744	168.5563	1.28382	0.679992	0.320008	3.350073
16446	-3431.013	-3600.577	169.5646	1.429705	0.564801	0.435199	2.657086
16452	-3442.601	-3612.75	170.1495	1.506081	0.529004	0.470996	2.24138
16458	-3436.052	-3605.6	169.5484	1.333243	0.569849	0.430151	2.726283
16464	-3433.679	-3603.173	169.4944	1.350132	0.620974	0.379026	2.749017
16470	-3439.75	-3609.681	169.9317	1.354849	0.589149	0.410851	2.475587
16476	-3439.981	-3609.895	169.9134	1.373147	0.589149	0.410851	2.475587
16482	-3440.337	-3610.199	169.8618	1.424826	0.595834	0.404166	2.475587
16488	-3442.721	-3610.802	168.0808	1.278939	0.598795	0.401205	3.630477
16494	-3446.171	-3614.281	168.1107	1.177444	0.680726	0.319274	3.671932
16500	-3442.043	-3611.272	169.2294	1.344505	0.633893	0.366107	2.913353
16506	-3442.82	-3611.729	168.9091	1.217941	0.609286	0.390714	3.180691
16512	-3452.76	-3621.428	168.6681	1.131826	0.603297	0.396703	3.373684
16518	-3443.404	-3611.452	168.0478	1.131826	0.584774	0.415226	3.734637
16524	-3451.462	-3619.593	168.1306	1.208032	0.618304	0.381696	3.642691
16530	-3452.501	-3619.371	166.8701	1.0602	0.684784	0.315216	4.446533
16536	-3448.44	-3616.872	168.4317	1.185388	0.603617	0.396383	3.480739
16542	-3439.291	-3607.82	168.5286	1.115507	0.574932	0.425068	3.464958
16548	-3446.939	-3615.99	169.0509	1.263071	0.512566	0.487434	3.069367
16554	-3454.605	-3622.289	167.6842	1.180203	0.708139	0.291861	3.915994
16560	-3444.532	-3612.196	167.6641	1.106349	0.55574	0.44426	3.969792
16566	-3437.341	-3604.623	167.2824	1.125597	0.554968	0.445032	4.17637
16572	-3447.183	-3614.906	167.7237	1.041409	0.601817	0.398183	3.972839
16578	-3450.111	-3616.839	166.7278	1.07445	0.594801	0.405199	4.518641
16584	-3442.293	-3609.682	167.3888	0.9864869	0.585147	0.414853	4.194914
16590	-3437.683	-3605.682	167.9985	1.084012	0.551039	0.448961	3.790632
16596	-3434.763	-3603.411	168.6473	1.226864	0.646196	0.353804	3.330048
16602	-3436.746	-3604.461	167.7145	1.125693	0.626633	0.373367	3.92986
16608	-3448.502	-3616.155	167.6528	1.179589	0.495245	0.504755	3.934295
16614	-3447.963	-3615.594	167.631	1.183334	0.593714	0.406286	3.944671
16620	-3446.504	-3614.829	168.3256	1.258484	0.618827	0.381173	3.499952
16626	-3449.672	-3618.237	168.5646	1.264481	0.628082	0.371918	3.356573
16632	-3458.666	-3626.487	167.8208	1.220959	0.50664	0.49336	3.814113
16638	-3437.109	-3603.911	166.8028	1.126783	0.513187	0.486813	4.446987
16644	-3436.296	-3603.175	166.879	1.050532	0.559475	0.440525	4.446987
16650	-3447.182	-3614.694	167.5125	1.105473	0.559475	0.440525	4.056861
16656	-3438.042	-3607.67	169.6279	1.337751	0.625552	0.374448	2.674723
16662	-3436.126	-3605.546	169.4199	1.337751	0.576177	0.423823	2.801953
16668	-3456.396	-3625.593	169.1971	1.324953	0.689855	0.310145	2.944574
16674	-3445.761	-3614.919	169.1576	1.257088	0.659036	0.340964	3.009105
16680	-3451.807	-3620.947	169.1399	1.450507	0.603394	0.396606	2.903348
16686	-3437.867	-3607.098	169.2305	1.306262	0.659496	0.340504	2.935762
16692	-3442.083	-3611.759	169.676	1.300518	0.606212	0.393788	2.668065
16698	-3444.212	-3613.617	169.405	1.296631	0.422965	0.577035	2.836027
16704	-3451.521	-3620.173	168.6521	1.299181	0.7134	0.2866	3.284639
16710	-3433.045	-3602.576	169.5304	1.359744	0.603875	0.396125	2.721089
16716	-3424.157	-3592.982	168.8246	1.27135	0.723146	0.276854	3.1991
16722	-3429.863	-3598.937	169.0736	1.394343	0.575314	0.424686	2.977144
16728	-3436.41	-3605.814	169.4045	1.270431	0.566582	0.433418	2.85224
16734	-3427.441	-3596.475	169.0335	1.225606	0.566064	0.433936	3.102114
16740	-3434.099	-3602.017	167.9184	1.153827	0.660004	0.339996	3.796551
16746	-3438.86	-3608	169.1392	1.281073	0.662769	0.337231	3.005756
16752	-3446.32	-3615.636	169.3158	1.316154	0.666586	0.333414	2.878275
16758	-3448.322	-3617.007	168.6849	1.295873	0.595274	0.404726	3.267235
16764	-3441.82	-3611.543	169.7233	1.366526	0.577093	0.422907	2.598134
16770	-3453.649	-3623.499	169.8501	1.416771	0.618269	0.381731	2.48794
16776	-3456.472	-3626.056	169.584	1.315644	0.684225	0.315775	2.715289
16782	-3456.962	-3624.596	167.6343	1.090635	0.608888	0.391112	3.995788
16788	-3449.777	-3617.991	168.2139	1.083399	0.676336	0.323664	3.666651
16794	-3446.955	-3615.455	168.4998	1.116112	0.613701	0.386299	3.48142
16800	-3441.661	-3609.957	168.2959	1.157623	0.613701	0.386299	3.576019
16806	-3459.754	-3627.053	167.2991	1.143342	0.545148	0.454852	4.156764
16812	-3437.605	-3605.958	168.3524	1.164241	0.559625	0.440375	3.539259
16818	-3441.621	-3609.974	168.3524	1.164241	0.611681	0.388319	3.539259
16824	-3440.89	-3610.342	169.4521	1.217751	0.469125	0.530875	2.855305
16830	-3441.787	-3611.617	169.8301	1.378635	0.583647	0.416353	2.524244
16836	-3435.279	-3605.222	169.9428	1.311105	0.623275	0.376725	2.496024
16842	-3431.456	-3601.394	169.9382	1.299165	0.705458	0.294542	2.506393
16848	-3437.839	-3607.301	169.4622	1.314561	0.576469	0.423531	2.790322
16854	-3444.323	-3613.549	169.2262	1.343764	0.470819	0.529181	2.915729
16860	-3449.399	-3619.017	169.6178	1.328316	0.505406	0.494594	2.686721
16866	-3437.921	-3607.602	169.681	1.384758	0.711285	0.288715	2.613026
16872	-3432.483	-3602.184	169.7006	1.365146	0.581503	0.418497	2.613026
16878	-3437.007	-3605.956	168.9489	1.154102	0.598129	0.401871	3.194937
16884	-3435.291	-3603.174	167.8821	1.109647	0.605995	0.394005	3.842872
16890	-3442.192	-3610.055	167.8636	1.128203	0.605995	0.394005	3.842872
16896	-3434.443	-3601.658	167.2144	1.016613	0.538685	0.461315	4.276728
16902	-3446.746	-3614.505	167.7597	1.085565	0.651036	0.348964	3.926949
16908	-3459.356	-3626.444	167.0877	1.216955	0.461902	0.538098	4.235034
16914	-3451.495	-3619.157	167.6612	1.158141	0.505752	0.494248	3.941764
16920	-3453.288	-3621.259	167.9709	1.113232	0.46472	0.53528	3.789734
16926	-3447.346	-3616.232	168.8869	1.172014	0.495014	0.504986	3.22105
16932	-3434.209	-3604.885	170.6751	1.53509	0.550985	0.449015	1.874813
16938	-3432.456	-3603.055	170.599	1.551834	0.563371	0.436629	1.915127
16944	-3441.096	-3611.785	170.6885	1.583344	0.633585	0.366415	1.832573
16950	-3443.538	-3614.248	170.7094	1.544706	0.594411	0.405589	1.84478
16956	-3448.02	-3618.315	170.2952	1.635197	0.575599	0.424401	2.062397
16962	-3437.556	-3608.015	170.4589	1.554279	0.615532	0.384468	2.007503
16968	-3451.611	-3622.083	170.4719	1.554279	0.583273	0.416727	1.998803
16974	-3452.854	-3623.189	170.3351	1.517064	0.653977	0.346023	2.113785
16980	-3451.97	-3622.029	170.059	1.436353	0.528489	0.471511	2.343845
16986	-3445.725	-3615.637	169.9122	1.435737	0.482795	0.517205	2.437087
16992	-3435.496	-3606.362	170.8652	1.577283	0.619687	0.380313	1.713766
16998	-3432.746	-3603.424	170.6779	1.577283	0.534549	0.465451	1.844053
17004	-3433.723	-3604.568	170.8452	1.661766	0.63423	0.36577	1.667974
17010	-3436.885	-3607.41	170.5249	1.560502	0.59353	0.40647	1.95921
17016	-3433.543	-3603.909	170.3664	1.488006	0.564939	0.435061	2.112367
17022	-3421.142	-3591.132	169.9908	1.382553	0.5596	0.4404	2.421065
17028	-3427.122	-3596.388	169.2656	1.32503	0.5596	0.4404	2.903268
17034	-3431.537	-3600.859	169.3219	1.313966	0.476829	0.523171	2.875859
17040	-3440.161	-3609.438	169.2771	1.363588	0.530854	0.469146	2.872954
17046	-3441.35	-3610.654	169.3038	1.336876	0.585217	0.414783	2.872954
17052	-3441.711	-3610.823	169.1121	1.261515	0.567248	0.432752	3.033726
17058	-3450.098	-3619.3	169.202	1.296168	0.67648	0.32352	2.959007
17064	-3440.527	-3608.798	168.2712	1.203905	0.612814	0.387186	3.563441
17070	-3442.065	-3610.304	168.2391	1.236052	0.515834	0.484166	3.563441
17076	-3444.734	-3613.005	168.2717	1.144252	0.44397	0.55603	3.597857
17082	-3437.807	-3605.864	168.0563	1.280098	0.568147	0.431853	3.643965
17088	-3455.136	-3623.374	168.2381	1.219478	0.582721	0.417279	3.57367
17094	-3449.087	-3618.217	169.1297	1.290252	0.498281	0.501719	3.005946
17100	-3444.493	-3613.03	168.5367	1.235704	0.58832	0.41168	3.389809
17106	-3437.617	-3606.747	169.1302	1.292321	0.494605	0.505395	3.004448
17112	-3453.57	-3622.938	169.3678	1.392536	0.627006	0.372994	2.800319
17118	-3449.334	-3618.195	168.8618	1.310663	0.652781	0.347219	3.153712
17124	-3443.567	-3612.512	168.9457	1.210193	0.510897	0.489103	3.163547
17130	-3427.846	-3598.092	170.2457	1.372961	0.560856	0.439144	2.265107
17136	-3437.634	-3607.334	169.7004	1.380854	0.479907	0.520093	2.603459
17142	-3431.247	-3600.687	169.4405	1.288081	0.511953	0.488047	2.819631
17148	-3430.926	-3599.446	168.52	1.242448	0.500553	0.499447	3.395686
17154	-3437.31	-3605.269	167.9586	1.181731	0.629851	0.370149	3.757329
17160	-3424.723	-3593.767	169.0441	1.35095	0.549444	0.450556	3.020896
17166	-3421.673	-3591.216	169.5432	1.318764	0.617679	0.382321	2.738332
17172	-3426.939	-3596.267	169.3287	1.360919	0.550919	0.449081	2.8433
17178	-3435.941	-3605.342	169.4006	1.369552	0.649432	0.350568	2.794379
17184	-3440.409	-3611.097	170.6881	1.623993	0.49971	0.50029	1.804797
17190	-3442.25	-3612.863	170.6134	1.543507	0.567912	0.432088	1.911008
17196	-3438.45	-3608.231	169.7813	1.501576	0.553575	0.446425	2.477939
17202	-3436.493	-3606.321	169.8285	1.444352	0.591418	0.408582	2.484183
17208	-3431.876	-3601.841	169.9642	1.333726	0.52057	0.47943	2.468471
17214	-3435.436	-3604.954	169.518	1.333726	0.519198	0.480802	2.744611
17220	-3435.047	-3604.509	169.4617	1.294572	0.586455	0.413545	2.802799
17226	-3430.256	-3599.771	169.5145	1.336412	0.554234	0.445766	2.745072
17232	-3430.188	-3599.746	169.5577	1.336412	0.456827	0.543173	2.718659
17238	-3428.259	-3597.127	168.868	1.234938	0.497742	0.502258	3.194952
17244	-3425.492	-3594.809	169.3177	1.244373	0.537162	0.462838	2.920496
17250	-3425.441	-3594.407	168.9666	1.166183	0.588179	0.411821	3.177231
17256	-3423.674	-3592.977	169.3035	1.348607	0.588179	0.411821	2.866074
17262	-3437.368	-3607.127	169.7593	1.419791	0.602183	0.397817	2.542721
17268	-3431.208	-3600.234	169.0262	1.370404	0.661346	0.338654	3.019986
17274	-3429.713	-3598.997	169.2839	1.343715	0.560691	0.439309	2.880883
17280	-3435.102	-3602.277	167.1757	0.9955214	0.579291	0.420709	4.31054
17286	-3427.682	-3594.084	166.4015	1.069747	0.559977	0.440023	4.704264
17292	-3433.506	-3600.957	167.4508	1.06371	0.52555	0.47445	4.115816
17298	-3450.854	-3618.794	167.9397	1.189908	0.568835	0.431165	3.763514
17304	-3442.835	-3612.181	169.3462	1.304486	0.61459	0.38541	2.866914
17310	-3441.051	-3610.583	169.5312	1.296677	0.560069	0.439931	2.759139
17316	-3439.621	-3608.93	169.3088	1.243652	0.634971	0.365029	2.926254
17322	-3441.243	-3610.52	169.277	1.371525	0.619475	0.380525	2.868256
17328	-3440.746	-3611.182	170.4362	1.520819	0.715455	0.284545	2.044769
17334	-3450.939	-3621.745	170.8062	1.625388	0.589206	0.410794	1.721408
17340	-3433.442	-3604.105	170.6635	1.593651	0.676914	0.323086	1.842656
17346	-3438.689	-3609.357	170.6678	1.600577	0.516278	0.483722	1.834952
17352	-3428.598	-3599.355	170.757	1.600577	0.629493	0.370507	1.773298
17358	-3439.979	-3610.739	170.7597	1.597794	0.536968	0.463032	1.773298
17364	-3449.321	-3620.006	170.6851	1.540541	0.543129	0.456871	1.864262
17370	-3440.749	-3610.348	169.5992	1.376988	0.713889	0.286111	2.668268
17376	-3453.861	-3622.368	168.5069	1.285674	0.631509	0.368491	3.378017
17382	-3433.412	-3600.979	167.5671	1.144623	0.597243	0.402757	4.00333
17388	-3442.645	-3611.107	168.4628	1.125849	0.556524	0.443476	3.49734
17394	-3448.103	-3615.241	167.138	1.056494	0.670856	0.329144	4.297388
17400	-3446.018	-3614.745	168.7265	1.168414	0.625387	0.374613	3.317836
17406	-3449.267	-3618.903	169.6364	1.311539	0.591279	0.408721	2.685628
17412	-3443.889	-3612.879	168.9903	1.307465	0.566688	0.433312	3.07907
17418	-3433.015	-3602.293	169.2775	1.300971	0.566688	0.433312	2.910604
17424	-3431.85	-3601.07	169.2201	1.310987	0.583726	0.416274	2.939147
17430	-3435.876	-3606.395	170.5193	1.43932	0.49272	0.50728	2.043727
17436	-3439.863	-3610.17	170.3071	1.519549	0.49272	0.50728	2.130476
17442	-3429.543	-3599.523	169.9805	1.460974	0.549463	0.450537	2.378068
17448	-3441.82	-3611.394	169.5738	1.304554	0.597236	0.402764	2.728289
17454	-3450.056	-3619.738	169.6815	1.515968	0.616714	0.383286	2.531241
17460	-3430.998	-3601.393	170.3956	1.455027	0.55673	0.44327	2.114795
17466	-3424.68	-3594.893	170.2136	1.422346	0.445866	0.554134	2.254
17472	-3437.097	-3607.07	169.9729	1.366367	0.651069	0.348931	2.442515
17478	-3449.919	-3619.652	169.7329	1.321758	0.365182	0.634818	2.619864
17484	-3438.533	-3605.752	167.2184	1.108608	0.532582	0.467418	4.222324
17490	-3437.227	-3606.316	169.0885	1.296969	0.577026	0.422974	3.026628
17496	-3438.773	-3608.071	169.2972	1.341233	0.614557	0.385443	2.874337
17502	-3443.601	-3612.731	169.1299	1.282627	0.587791	0.412209	3.010445
17508	-3444.273	-3613.43	169.1576	1.238149	0.44283	0.55717	3.020487
17514	-3448.072	-3617.26	169.1889	1.275421	0.396659	0.603341	2.979359
17520	-3438.372	-3607.84	169.4672	1.291333	0.60254	0.39746	2.801442
17526	-3446.819	-3616.265	169.4459	1.22257	0.470573	0.529427	2.856115
17532	-3453.145	-3624.325	171.1802	1.670711	0.597348	0.402652	1.413058
17538	-3453.612	-3624.705	171.093	1.716522	0.53685	0.46315	1.444908
17544	-3450.106	-3621.261	171.1541	1.644758	0.674126	0.325874	1.453077
17550	-3444.64	-3615.906	171.266	1.780037	0.528155	0.471845	1.256979
17556	-3445.018	-3616.261	171.2435	1.802579	0.572186	0.427814	1.256979
17562	-3448.773	-3619.83	171.057	1.791294	0.698378	0.301622	1.415118
17568	-3430.98	-3602.439	171.4588	1.791294	0.651122	0.348878	1.078255
17574	-3443.567	-3615.007	171.4393	1.891005	0.710701	0.289299	1.001002
17580	-3433.32	-3604.688	171.3679	1.86904	0.497591	0.502409	1.090442
17586	-3425.059	-3596.461	171.4015	1.938223	0.653521	0.346479	0.9915143
17592	-3435.99	-3607.478	171.488	2.003918	0.68724	0.31276	0.8211594
17598	-3439.34	-3610.775	171.4348	2.057087	0.68587	0.31413	0.8211594
17604	-3443.424	-3614.883	171.4588	2.045329	0.574313	0.425687	0.8052976
17610	-3451.93	-3623.392	171.4614	1.939251	0.574937	0.425063	0.9279451
17616	-3439.273	-3610.757	171.4831	1.893262	0.574937	0.425063	0.9538025
17622	-3440.861	-3612.301	171.4403	1.963041	0.751384	0.248616	0.925002
17628	-3429.343	-3600.83	171.4866	2.039149	0.568329	0.431671	0.7759472
17634	-3438.919	-3610.293	171.3733	2.13272	0.568329	0.431671	0.8028267
17640	-3440.822	-3612.215	171.393	2.041343	0.508816	0.491184	0.890438
17646	-3429.397	-3600.822	171.4245	2.009862	0.639096	0.360904	0.890438
17652	-3429.881	-3601.069	171.1875	1.840172	0.614591	0.385409	1.272156
17658	-3438.543	-3609.667	171.1245	1.858559	0.575454	0.424546	1.308573
17664	-3431.218	-3602.387	171.1688	1.772999	0.575454	0.424546	1.341734
17670	-3438.798	-3609.946	171.1483	1.763113	0.69508	0.30492	1.365784
17676	-3437.034	-3608.17	171.1363	1.714734	0.678412	0.321588	1.41294
17682	-3444.345	-3614.981	170.6366	1.474947	0.587138	0.412862	1.941616
17688	-3446.407	-3616.293	169.8862	1.358498	0.647284	0.352716	2.501794
17694	-3442.893	-3612.032	169.1395	1.358209	0.570661	0.429339	2.959238
17700	-3441.193	-3609.768	168.5753	1.277724	0.602	0.398	3.342462
17706	-3447.31	-3615.067	167.7578	1.260199	0.602333	0.397667	3.827799
17712	-3451.894	-3622.86	170.9659	1.664673	0.569721	0.430279	1.578629
17718	-3446.102	-3616.807	170.7048	1.640315	0.549344	0.450656	1.781964
17724	-3457.941	-3627.509	169.5682	1.373619	0.583142	0.416858	2.689395
17730	-3440.389	-3610.484	170.0952	1.326822	0.740095	0.259905	2.390346
17736	-3428.916	-3598.051	169.1351	1.206667	0.607327	0.392673	3.052812
17742	-3433.064	-3601.603	168.5397	1.183063	0.607327	0.392673	3.418915
17748	-3438.398	-3605.099	166.7004	1.097758	0.567173	0.432827	4.520896
17754	-3447.596	-3614.631	167.0346	1.088026	0.484529	0.515471	4.338045
17760	-3448.043	-3614.164	166.1209	1.043227	0.567958	0.432042	4.87571
17766	-3450.907	-3619.091	168.1839	1.052143	0.567958	0.432042	3.702085
17772	-3445.237	-3613.158	167.921	1.174774	0.641114	0.358886	3.783041
17778	-3431.975	-3601.191	169.2154	1.210449	0.507735	0.492265	3.002411
17784	-3428.042	-3597.344	169.3025	1.26157	0.627314	0.372686	2.919272
17790	-3438.284	-3606.019	167.7349	1.118847	0.671243	0.328757	3.922054
17796	-3432.519	-3601.681	169.1629	1.227434	0.671243	0.328757	3.023729
17802	-3428.664	-3597.87	169.2061	1.311338	0.554468	0.445532	2.947387
17808	-3436.722	-3605.854	169.1315	1.311338	0.714528	0.285472	2.992251
17814	-3447.707	-3616.318	168.611	1.303029	0.513793	0.486207	3.306605
17820	-3441.64	-3609.71	168.0705	1.119675	0.579333	0.420667	3.72855
17826	-3444.514	-3612.525	168.0105	1.179665	0.61498	0.38502	3.72855
17832	-3445.567	-3613.198	167.6313	1.011729	0.531489	0.468511	4.04256
17838	-3435.556	-3603.888	168.3321	1.11444	0.596084	0.403916	3.580042
17844	-3445.2	-3613.527	168.3274	1.119218	0.624141	0.375859	3.580042
17850	-3446.503	-3613.934	167.4315	1.289137	0.813968	0.186032	3.998239
17856	-3426.813	-3595.833	169.0205	1.172794	0.7353	0.2647	3.141286
17862	-3432.328	-3600.849	168.5208	1.163819	0.668853	0.331147	3.441248
17868	-3439.519	-3608.308	168.7889	1.180225	0.713883	0.286117	3.274081
17874	-3433.679	-3602.035	168.3558	1.196013	0.571448	0.428552	3.518797
17880	-3431.067	-3599.411	168.3439	1.207871	0.571448	0.428552	3.518797
17886	-3435.274	-3605.219	169.9443	1.342875	0.623298	0.376702	2.47524
17892	-3436.637	-3606.698	170.0604	1.517219	0.611888	0.388112	2.291397
17898	-3444.199	-3614.63	170.431	1.501949	0.662234	0.337766	2.060658
17904	-3441.666	-3612.142	170.4757	1.596469	0.65253	0.34747	1.968081
17910	-3440.334	-3610.88	170.5459	1.480001	0.578561	0.421439	1.999047
17916	-3441.765	-3611.176	169.4108	1.302384	0.55955	0.44045	2.829012
17922	-3435.337	-3605.042	169.7049	1.452772	0.677261	0.322739	2.556057
17928	-3440.482	-3609.892	169.4104	1.415865	0.724983	0.275017	2.76014
17934	-3437.721	-3607.481	169.7599	1.48392	0.609513	0.390487	2.502333
17940	-3438.967	-3609.698	170.7318	1.594718	0.681691	0.318309	1.794809
17946	-3425.889	-3596.457	170.5679	1.568498	0.625976	0.374024	1.924898
17952	-3432.572	-3603.382	170.8099	1.549128	0.738473	0.261527	1.772238
17958	-3422.71	-3592.79	170.0792	1.485219	0.590718	0.409282	2.299848
17964	-3433.691	-3603.146	169.4549	1.458177	0.58723	0.41277	2.707045
17970	-3426.325	-3595.831	169.5067	1.33539	0.58723	0.41277	2.750503
17976	-3429.577	-3598.286	168.7097	1.178188	0.474645	0.525355	3.321984
17982	-3431.061	-3598.369	167.3079	1.123781	0.598315	0.401685	4.162909
17988	-3431.822	-3599.195	167.3726	1.059099	0.658665	0.341335	4.162909
17994	-3434.365	-3600.778	166.4136	1.16248	0.604974	0.395026	4.645578
18000	-3437.434	-3604.352	166.9176	1.104925	0.559336	0.440664	4.394587
18006	-3430.974	-3600.531	169.5569	1.454343	0.541801	0.458199	2.646687
18012	-3432.863	-3601.829	168.9655	1.216573	0.56612	0.43388	3.147982
18018	-3436.87	-3604.77	167.9008	1.172818	0.56612	0.43388	3.795787
18024	-3435.321	-3604.231	168.9104	1.196082	0.533299	0.466701	3.192852
18030	-3443.44	-3612.289	168.8494	1.355101	0.686884	0.313116	3.134654
18036	-3437.351	-3606.214	168.8633	1.275574	0.615127	0.384873	3.173625
18042	-3435.714	-3605.075	169.3609	1.355291	0.615127	0.384873	2.827203
18048	-3436.68	-3606.106	169.4253	1.391659	0.580596	0.419404	2.765805
18054	-3442.559	-3612.439	169.8799	1.474479	0.392715	0.607285	2.433
18060	-3435.103	-3605.576	170.4728	1.434722	0.474598	0.525402	2.077469
18066	-3442.393	-3613.022	170.629	1.526615	0.521306	0.478694	1.911872
18072	-3428.968	-3599.147	170.1789	1.505663	0.539437	0.460563	2.222757
18078	-3437.256	-3607.652	170.3958	1.436276	0.555078	0.444922	2.126931
18084	-3433.55	-3603.796	170.2458	1.58628	0.626178	0.373822	2.126931
18090	-3433.952	-3603.745	169.7927	1.390698	0.635533	0.364467	2.540018
18096	-3436.108	-3605.879	169.7704	1.325977	0.480208	0.519792	2.594084
18102	-3441.29	-3610.869	169.5787	1.331589	0.635442	0.364558	2.708725
18108	-3431.965	-3601.082	169.1173	1.349664	0.582922	0.417078	2.977762
18114	-3423.713	-3592.867	169.1545	1.312391	0.582922	0.417078	2.977762
18120	-3421.574	-3590.666	169.092	1.311427	0.565159	0.434841	3.015869
18126	-3429.505	-3598.034	168.529	1.308702	0.565159	0.434841	3.351467
18132	-3428.343	-3597.367	169.0238	1.372017	0.60919	0.39081	3.020432
18138	-3447.361	-3616.024	168.6635	1.11692	0.437745	0.562255	3.385143
18144	-3438.554	-3607.582	169.0283	1.214215	0.645931	0.354069	3.112048
18150	-3436.987	-3605.371	168.3842	1.227936	0.624621	0.375379	3.483631
18156	-3429.114	-3597.519	168.4049	1.207184	0.595924	0.404076	3.483631
18162	-3436.298	-3604.805	168.5069	1.136209	0.683778	0.316222	3.465517
18168	-3440.935	-3608.91	167.975	1.11015	0.590717	0.409283	3.789161
18174	-3442.822	-3610.488	167.6665	1.108568	0.571525	0.428475	3.967131
18180	-3443.386	-3610.736	167.3501	1.115931	0.707452	0.292548	4.143406
18186	-3443.101	-3609.579	166.4773	1.034712	0.66045	0.33955	4.68145
18192	-3447.435	-3614.087	166.6521	1.062819	0.498099	0.501901	4.567684
18198	-3453.867	-3622.253	168.3854	1.247878	0.472697	0.527303	3.471277
18204	-3438.875	-3607.265	168.3904	1.242816	0.467488	0.532512	3.471277
18210	-3435.648	-3604.12	168.4719	1.306517	0.555541	0.444459	3.38631
18216	-3435.434	-3604.154	168.7202	1.178414	0.351061	0.648939	3.315674
18222	-3439.628	-3609.243	169.6151	1.268512	0.441372	0.558628	2.725064
18228	-3439.039	-3608.649	169.6096	1.369417	0.565008	0.434992	2.666501
18234	-3441.762	-3611.699	169.9375	1.389405	0.544301	0.455699	2.450319
18240	-3451.182	-3621.169	169.9873	1.445112	0.648955	0.351045	2.383777
18246	-3444.135	-3614.143	170.0082	1.418645	0.562051	0.437949	2.3873
18252	-3447.06	-3616.277	169.2167	1.289079	0.56749	0.43251	2.954388
18258	-3444.546	-3613.692	169.1455	1.135997	0.475366	0.524634	3.088807
18264	-3434.818	-3602.596	167.7776	1.138059	0.402424	0.597576	3.886579
18270	-3437.044	-3605.079	168.0349	1.14636	0.474133	0.525867	3.733701
18276	-3431.648	-3599.96	168.3113	1.100256	0.552899	0.447101	3.60038
18282	-3437.041	-3605.723	168.6812	1.161407	0.557441	0.442559	3.348583
18288	-3438.61	-3606.777	168.167	1.152907	0.571021	0.428979	3.653529
18294	-3445.483	-3613.956	168.4726	1.177798	0.527561	0.472439	3.461242
18300	-3438.114	-3607.582	169.4682	1.377958	0.506041	0.493959	2.748024
18306	-3434.077	-3603.395	169.3174	1.28796	0.639534	0.360466	2.894356
18312	-3429.712	-3600.219	170.5076	1.405401	0.531765	0.468235	2.073814
18318	-3432.279	-3603.082	170.8022	1.619198	0.602969	0.397031	1.72859
18324	-3437.585	-3608.434	170.8488	1.572627	0.635565	0.364435	1.72859
18330	-3437.758	-3608.921	171.1633	1.679622	0.655907	0.344093	1.419236
18336	-3433.049	-3603.88	170.8307	1.544819	0.576673	0.423327	1.76077
18342	-3443.267	-3613.949	170.6823	1.639787	0.585182	0.414818	1.797903
18348	-3439.218	-3609.489	170.2712	1.397049	0.561945	0.438055	2.233269
18354	-3430.038	-3600.085	170.0465	1.432536	0.622965	0.377035	2.354205
18360	-3435.707	-3605.286	169.5793	1.383351	0.651975	0.348025	2.67657
18366	-3430.215	-3599.86	169.6446	1.269871	0.555869	0.444131	2.706166
18372	-3430.798	-3600.342	169.5445	1.269871	0.59596	0.40404	2.767393
18378	-3438.176	-3606.99	168.8148	1.189314	0.570394	0.429606	3.253415
18384	-3439.744	-3608.793	169.0494	1.230135	0.611939	0.388061	3.089972
18390	-3439.065	-3608.438	169.3727	1.279663	0.66533	0.33467	2.865926
18396	-3445.119	-3615.509	170.3903	1.444833	0.433539	0.566461	2.124976
18402	-3452.538	-3623.368	170.83	1.686485	0.465017	0.534983	1.661182
18408	-3446.05	-3616.856	170.8059	1.669537	0.544869	0.455131	1.690421
18414	-3459.95	-3630.414	170.4638	1.573035	0.517152	0.482848	1.991757
18420	-3454.203	-3624.885	170.6819	1.556549	0.548738	0.451262	1.855477
18426	-3448.344	-3619.047	170.7023	1.562419	0.492533	0.507467	1.837453
18432	-3432.371	-3603.257	170.8857	1.503759	0.637049	0.362951	1.750996
18438	-3426.325	-3596.485	170.1598	1.42236	0.664863	0.335137	2.288532
18444	-3431.03	-3600.41	169.3799	1.260902	0.546008	0.453992	2.872911
18450	-3432.692	-3602.749	170.0564	1.368203	0.599169	0.400831	2.388703
18456	-3428.844	-3598.822	169.9781	1.44652	0.59517	0.40483	2.388703
18462	-3440.442	-3610.589	170.147	1.522694	0.626043	0.373957	2.232285
18468	-3434.599	-3605.236	170.6365	1.467536	0.680227	0.319773	1.946717
18474	-3430.864	-3601.464	170.5998	1.504213	0.660933	0.339067	1.946701
18480	-3430.087	-3600.712	170.625	1.618518	0.518683	0.481317	1.852
18486	-3436.893	-3607.446	170.5521	1.512071	0.605001	0.394999	1.97342
18492	-3441.535	-3612.066	170.5315	1.446791	0.671757	0.328243	2.030677
18498	-3435.033	-3605.466	170.4326	1.452416	0.631736	0.368264	2.092223
18504	-3445.553	-3615.976	170.4236	1.461462	0.586906	0.413094	2.092223
18510	-3430.844	-3601.213	170.3686	1.516478	0.586906	0.413094	2.092223
18516	-3442.673	-3613.104	170.4311	1.617989	0.600449	0.399551	1.98354
18522	-3432.88	-3602.939	170.0592	1.315358	0.668955	0.331045	2.420315
18528	-3439.766	-3608	168.2343	1.140098	0.617061	0.382939	3.621972
18534	-3440.227	-3609.895	169.6682	1.339658	0.633589	0.366411	2.64876
18540	-3448.108	-3617.969	169.8612	1.344169	0.510957	0.489043	2.526314
18546	-3431.62	-3601.486	169.8654	1.440118	0.612218	0.387782	2.463706
18552	-3436.656	-3607.033	170.3773	1.394567	0.555168	0.444832	2.166183
18558	-3440.723	-3610.692	169.969	1.377433	0.498706	0.501294	2.437988
18564	-3429.851	-3599.663	169.8126	1.268192	0.630507	0.369493	2.603702
18570	-3434.471	-3604.117	169.6463	1.339455	0.6543	0.3457	2.662372
18576	-3437.577	-3606.514	168.9367	1.314256	0.6543	0.3457	3.106999
18582	-3442.919	-3611.403	168.4834	1.227814	0.528722	0.471278	3.425668
18588	-3441.623	-3611.013	169.3893	1.305631	0.643677	0.356323	2.840086
18594	-3439.132	-3607.34	168.2082	1.305254	0.708691	0.291309	3.541135
18600	-3428.226	-3597.145	168.9189	1.16669	0.623026	0.376974	3.205237
18606	-3424.365	-3593.83	169.4646	1.339425	0.623026	0.376974	2.773721
18612	-3423.62	-3593.156	169.5362	1.408449	0.550436	0.449564	2.687676
18618	-3432.343	-3601.139	168.7959	1.258232	0.476572	0.523428	3.223869
18624	-3439.232	-3608.918	169.6864	1.333773	0.517641	0.482359	2.641169
18630	-3435.084	-3604.261	169.1766	1.387711	0.622108	0.377892	2.919123
18636	-3427.133	-3596.22	169.0867	1.353422	0.738544	0.261456	2.993848
18642	-3438.92	-3608.218	169.298	1.249187	0.692237	0.307763	2.929447
18648	-3436.608	-3605.845	169.2368	1.327863	0.718061	0.281939	2.918886
18654	-3435.964	-3605.221	169.2564	1.188794	0.651628	0.348372	2.990814
18660	-3436.902	-3603.739	166.8367	1.086278	0.627122	0.372878	4.450653
18666	-3437.571	-3606.502	168.9308	1.147058	0.642435	0.357565	3.209802
18672	-3436.42	-3605.883	169.4627	1.322952	0.642435	0.357565	2.7849
18678	-3421.595	-3591.086	169.4903	1.295394	0.642435	0.357565	2.7849
18684	-3426.394	-3595.11	168.7164	1.204769	0.584497	0.415503	3.302386
18690	-3431.449	-3600.462	169.0132	1.196855	0.705167	0.294833	3.131344
18696	-3437.383	-3607.123	169.7401	1.267995	0.642657	0.357343	2.648592
18702	-3439.387	-3608.232	168.8457	1.180892	0.683717	0.316283	3.240155
18708	-3447.964	-3616.516	168.5527	1.200627	0.62062	0.37938	3.401018
18714	-3449.619	-3618.837	169.2177	1.25751	0.62062	0.37938	2.972777
18720	-3445.559	-3613.817	168.2578	1.173621	0.62062	0.37938	3.588861
18726	-3432.656	-3602.049	169.3922	1.310741	0.60215	0.39785	2.835218
18732	-3436.104	-3604.691	168.5871	1.131345	0.650136	0.349864	3.421437
18738	-3436.761	-3605.652	168.8909	1.239705	0.667079	0.332921	3.178556
18744	-3437.318	-3605.548	168.2299	1.063362	0.668014	0.331986	3.668943
18750	-3430.068	-3598.242	168.1733	1.119986	0.668014	0.331986	3.668943
18756	-3432.071	-3600.672	168.6016	1.170728	0.562695	0.437305	3.389899
18762	-3435.67	-3604.192	168.522	1.250251	0.488668	0.511332	3.389899
18768	-3432.774	-3601.611	168.8376	1.202968	0.694555	0.305445	3.231899
18774	-3432.983	-3601.325	168.3418	1.09007	0.694555	0.305445	3.588592
18780	-3439.896	-3607.21	167.314	1.064159	0.449897	0.550103	4.193284
18786	-3442.36	-3608.901	166.5404	0.9323705	0.542217	0.457783	4.703425
18792	-3437.758	-3604.985	167.2269	1.069007	0.617969	0.382031	4.239984
18798	-3436.907	-3606.11	169.2021	1.251301	0.610224	0.389776	2.985885
18804	-3439.113	-3608.289	169.1766	1.360716	0.555265	0.444735	2.935415
18810	-3444.93	-3614.157	169.2265	1.310764	0.606208	0.393792	2.935415
18816	-3433.436	-3603.307	169.8714	1.354759	0.607713	0.392287	2.513371
18822	-3434	-3604.191	170.1906	1.482853	0.607713	0.392287	2.229863
18828	-3433.538	-3603.568	170.0307	1.417053	0.573211	0.426789	2.374071
18834	-3430.216	-3599.903	169.6864	1.435142	0.512345	0.487655	2.578477
18840	-3432.056	-3602.73	170.6734	1.452612	0.564963	0.435037	1.931904
18846	-3441.535	-3611.708	170.1729	1.406738	0.381213	0.618787	2.290124
18852	-3434.274	-3603.487	169.2124	1.334195	0.520047	0.479953	2.929794
18858	-3442.159	-3611.964	169.8043	1.478676	0.553975	0.446025	2.477832
18864	-3433.861	-3604.004	170.1435	1.423011	0.58609	0.41391	2.298545
18870	-3438.863	-3609.358	170.4955	1.432263	0.53782	0.46218	2.064079
18876	-3437.757	-3608.315	170.5574	1.454536	0.577746	0.422254	2.008307
18882	-3432.923	-3602.565	169.6425	1.419411	0.654203	0.345797	2.61542
18888	-3439.308	-3609.411	170.103	1.367441	0.460426	0.539574	2.35969
18894	-3427.565	-3597.675	170.1103	1.359605	0.601699	0.398301	2.36001
18900	-3425.32	-3594.8	169.4803	1.303853	0.604343	0.395657	2.785845
18906	-3433.176	-3602.54	169.3644	1.280491	0.507807	0.492193	2.870399
18912	-3436.971	-3605.792	168.821	1.312871	0.546331	0.453669	3.176598
18918	-3424.845	-3594.588	169.7437	1.436892	0.598962	0.401038	2.541785
18924	-3441.915	-3611.856	169.9411	1.444002	0.563821	0.436179	2.413645
18930	-3444.556	-3614.45	169.8941	1.488068	0.521162	0.478838	2.41551
18936	-3428.375	-3598.886	170.5108	1.556489	0.53487	0.46513	1.97137
18942	-3430.997	-3601.527	170.5302	1.582319	0.614136	0.385864	1.940975
18948	-3435.705	-3606.23	170.5256	1.421149	0.595135	0.404865	2.051597
18954	-3435.984	-3606.716	170.7316	1.639006	0.594661	0.405339	1.764217
18960	-3445.197	-3615.358	170.1614	1.514649	0.695168	0.304832	2.22821
18966	-3435.948	-3606.14	170.192	1.484089	0.61201	0.38799	2.22821
18972	-3442.624	-3613.45	170.8266	1.607998	0.61201	0.38799	1.719298
18978	-3438.672	-3609.425	170.7525	1.600131	0.574661	0.425339	1.776699
18984	-3444.125	-3614.93	170.8046	1.548081	0.603351	0.396649	1.776699
18990	-3445.834	-3615.435	169.6007	1.554493	0.627862	0.372138	2.55757
18996	-3438.637	-3609.056	170.4194	1.493537	0.498206	0.501794	2.073855
19002	-3450.951	-3620.104	169.1531	1.166832	0.548052	0.451948	3.065837
19008	-3442.47	-3611.191	168.7214	1.152937	0.564519	0.435481	3.329973
19014	-3440.385	-3609.078	168.6926	1.181662	0.56559	0.43441	3.329973
19020	-3443.663	-3612.447	168.7835	1.238519	0.602143	0.397857	3.242845
19026	-3434.252	-3603.209	168.9569	1.297493	0.521573	0.478427	3.104927
19032	-3432.566	-3602.351	169.7849	1.585519	0.504253	0.495747	2.422893
19038	-3442.579	-3611.987	169.4083	1.46873	0.654325	0.345675	2.729094
19044	-3439.264	-3609.262	169.9982	1.508281	0.643738	0.356262	2.336817
19050	-3435.5	-3605.427	169.9268	1.516155	0.586087	0.413913	2.377126
19056	-3443.771	-3614.566	170.7943	1.59534	0.704074	0.295926	1.750852
19062	-3446.791	-3617.564	170.773	1.517741	0.493548	0.506452	1.819577
19068	-3449.265	-3619.817	170.5528	1.517978	0.612975	0.387025	1.969003
19074	-3450.88	-3620.215	169.3357	1.411134	0.605576	0.394424	2.808585
19080	-3451.344	-3620.944	169.6003	1.28865	0.450938	0.549062	2.721791
19086	-3450.478	-3619.728	169.2498	1.260753	0.645144	0.354856	2.951539
19092	-3451.214	-3619.623	168.4094	1.1657	0.708467	0.291533	3.505205
19098	-3457.007	-3625.925	168.9178	1.229488	0.583796	0.416204	3.168651
19104	-3449.167	-3618.213	169.0462	1.27427	0.502837	0.497163	3.0655
19110	-3445.943	-3615.484	169.5417	1.456135	0.596064	0.403936	2.65495
19116	-3447.09	-3616.792	169.7024	1.405578	0.596064	0.403936	2.586906
19122	-3446.357	-3615.645	169.288	1.402875	0.500205	0.499795	2.842528
19128	-3451.609	-3621.953	170.3445	1.336484	0.500205	0.499795	2.225026
19134	-3452.945	-3622.794	169.8489	1.531939	0.487084	0.512916	2.41636
19140	-3454.03	-3623.632	169.6024	1.286704	0.590423	0.409577	2.721752
19146	-3444.141	-3612.841	168.7007	1.245576	0.557287	0.442713	3.287591
19152	-3437.81	-3606.509	168.6993	1.177905	0.5966	0.4034	3.328272
19158	-3432.063	-3600.164	168.1004	1.129822	0.520408	0.479592	3.705456
19164	-3426.81	-3596.434	169.6243	1.31549	0.537658	0.462342	2.690631
19170	-3428.423	-3598.012	169.5886	1.35121	0.571715	0.428285	2.690631
19176	-3432.589	-3601.931	169.3418	1.374864	0.642445	0.357555	2.826916
19182	-3432.932	-3602.963	170.0312	1.542504	0.546225	0.453775	2.293952
19188	-3443.871	-3613.98	170.1087	1.516385	0.646062	0.353938	2.26101
19194	-3444.483	-3614.302	169.8186	1.416355	0.646062	0.353938	2.507897
19200	-3435.08	-3604.449	169.3692	1.374786	0.627079	0.372921	2.81029
19206	-3431.393	-3600.444	169.0509	1.316775	0.716918	0.283082	3.037305
19212	-3442.202	-3610.839	168.6365	1.28305	0.663529	0.336471	3.303315
19218	-3440.845	-3607.283	166.4382	1.134434	0.602624	0.397376	4.647497
19224	-3444.409	-3613.055	168.646	1.223803	0.661955	0.338045	3.332609
19230	-3429.762	-3599.33	169.5677	1.330092	0.498916	0.501084	2.716391
19236	-3433.186	-3602.797	169.6113	1.286527	0.481552	0.518448	2.716391
19242	-3437.534	-3606.526	168.9914	1.313892	0.578641	0.421359	3.074553
19248	-3432.182	-3601.022	168.8401	1.254675	0.507175	0.492825	3.1998
19254	-3439.238	-3607.566	168.328	1.179534	0.493857	0.506143	3.544556
19260	-3440.598	-3610.588	169.9895	1.431434	0.525392	0.474608	2.391013
19266	-3433.785	-3604.294	170.5091	1.539798	0.612228	0.387772	1.983685
19272	-3428.681	-3599.331	170.6503	1.539798	0.549329	0.450671	1.888454
19278	-3429.054	-3600.016	170.962	1.602823	0.590776	0.409224	1.626393
19284	-3421.483	-3592.525	171.0426	1.634144	0.590776	0.409224	1.544708
19290	-3423.569	-3594.892	171.3237	1.866778	0.590776	0.409224	1.132737
19296	-3425.714	-3596.85	171.136	1.74407	0.58604	0.41396	1.3904
19302	-3433.1	-3604.002	170.9017	1.847362	0.463316	0.536684	1.490782
19308	-3434.543	-3605.716	171.173	1.85365	0.561452	0.438548	1.272989
19314	-3426.48	-3597.771	171.291	1.829433	0.649608	0.350392	1.194179
19320	-3436.686	-3607.428	170.7416	1.708179	0.52228	0.47772	1.708606
19326	-3432.42	-3603.218	170.7988	1.650916	0.547888	0.452112	1.708606
19332	-3440.933	-3611.707	170.7741	1.675658	0.471598	0.528402	1.708606
19338	-3440.426	-3611.188	170.762	1.687747	0.516535	0.483465	1.708606
19344	-3443.887	-3614.24	170.3533	1.362662	0.528983	0.471017	2.202448
19350	-3440.731	-3611.042	170.3115	1.404448	0.599382	0.400618	2.202448
19356	-3425.157	-3595.18	170.0232	1.364559	0.491839	0.508161	2.411988
19362	-3432.52	-3602.721	170.2002	1.503779	0.686784	0.313216	2.210189
19368	-3435.789	-3605.843	170.0543	1.515956	0.632209	0.367791	2.296117
19374	-3441.106	-3611.265	170.1593	1.469177	0.609182	0.390818	2.258799
19380	-3445.216	-3614.946	169.73	1.455676	0.552459	0.447541	2.53863
19386	-3443.728	-3613.463	169.7349	1.450749	0.566667	0.433333	2.53863
19392	-3446.365	-3617.097	170.7318	1.553425	0.662595	0.337405	1.823348
19398	-3448.65	-3619.834	171.1836	1.77612	0.552275	0.447725	1.327383
19404	-3441.005	-3612.016	171.0107	1.85687	0.552275	0.447725	1.400159
19410	-3438.186	-3609.284	171.0977	1.843351	0.552275	0.447725	1.342275
19416	-3440.094	-3611.384	171.2903	1.923329	0.552275	0.447725	1.11186
19422	-3442.596	-3613.688	171.0914	1.925201	0.630177	0.369823	1.281296
19428	-3428.246	-3599.56	171.3143	1.838626	0.617267	0.382733	1.165941
19434	-3429.52	-3600.841	171.3212	1.831688	0.537074	0.462926	1.165941
19440	-3440	-3611.253	171.2532	1.883926	0.537074	0.462926	1.179702
19446	-3434.613	-3605.899	171.2858	1.757552	0.571832	0.428168	1.259189
19452	-3442.022	-3613.314	171.2924	1.905607	0.470481	0.529519	1.125974
19458	-3445.5	-3616.726	171.2257	1.81476	0.474518	0.525482	1.261589
19464	-3441.284	-3612.072	170.7883	1.56775	0.657182	0.342818	1.774306
19470	-3444.986	-3615.901	170.9148	1.594779	0.468784	0.531216	1.666106
19476	-3434.697	-3605.317	170.6194	1.594779	0.537834	0.462166	1.872087
19482	-3449.009	-3618.924	169.9149	1.5059	0.560033	0.439967	2.391107
19488	-3445.97	-3615.576	169.6053	1.429494	0.563496	0.436504	2.632122
19494	-3439.827	-3608.47	168.6426	1.148717	0.570003	0.429997	3.378755
19500	-3436.697	-3605.906	169.2095	1.174882	0.598196	0.401804	3.027312
19506	-3434.104	-3603.844	169.7405	1.277643	0.519065	0.480935	2.642439
19512	-3439.347	-3609.045	169.6984	1.319741	0.590849	0.409151	2.642439
19518	-3434.73	-3604.427	169.6976	1.320481	0.57151	0.42849	2.642439
19524	-3447.886	-3617.899	170.0133	1.411566	0.566274	0.433726	2.388543
19530	-3462.457	-3631.63	169.1731	1.435265	0.554074	0.445926	2.892516
19536	-3441.239	-3610.036	168.7968	1.197251	0.500226	0.499774	3.259399
19542	-3437.666	-3605.668	168.0017	1.190172	0.62009	0.37991	3.727579
19548	-3433.532	-3601.272	167.7406	1.14937	0.661861	0.338139	3.901291
19554	-3431.863	-3599.285	167.422	1.131167	0.577105	0.422895	4.093818
19560	-3440.085	-3607.021	166.9356	1.243907	0.602909	0.397091	4.305859
19566	-3438.556	-3607.106	168.5504	1.142625	0.602665	0.397335	3.436321
19572	-3435.565	-3604.375	168.8101	1.198116	0.595786	0.404214	3.251019
19578	-3432.949	-3602.197	169.2485	1.241923	0.763766	0.236234	2.96366
19584	-3434.691	-3603.36	168.6692	1.159832	0.490467	0.509533	3.356574
19590	-3436.379	-3605.341	168.9624	1.196722	0.692757	0.307243	3.16162
19596	-3441.446	-3609.973	168.5262	1.196927	0.666104	0.333896	3.418737
19602	-3447.932	-3615.304	167.3727	1.036752	0.561497	0.438503	4.175534
19608	-3456.665	-3623.857	167.1921	1.134086	0.570408	0.429592	4.222821
19614	-3449.457	-3617.852	168.3953	1.130923	0.527607	0.472393	3.53368
19620	-3441.683	-3610.045	168.3621	1.164188	0.710511	0.289489	3.53368
19626	-3449.059	-3617.264	168.2044	1.321825	0.62371	0.37629	3.53368
19632	-3449.477	-3617.302	167.8252	1.075112	0.547323	0.452677	3.89538
19638	-3437.898	-3604.296	166.3979	1.10229	0.606214	0.393786	4.688049
19644	-3442.24	-3609.863	167.6239	1.071753	0.600518	0.399482	4.012516
19650	-3436.817	-3603.727	166.91	1.091456	0.661217	0.338783	4.406443
19656	-3443.429	-3609.631	166.2021	1.048582	0.682015	0.317985	4.827456
19662	-3431.291	-3598.891	167.5999	1.236141	0.6218	0.3782	3.932219
19668	-3429.778	-3597.645	167.8677	1.218683	0.548332	0.451668	3.788438
19674	-3439.86	-3608.835	168.975	1.379489	0.548332	0.451668	3.045179
19680	-3437.071	-3605.93	168.8584	1.28765	0.539032	0.460968	3.169399
19686	-3423.437	-3592.527	169.09	1.331655	0.594646	0.405354	3.004956
19692	-3436.205	-3605.105	168.9005	1.339595	0.487303	0.512697	3.113481
19698	-3438.337	-3607.287	168.9493	1.224908	0.660061	0.339939	3.152676
19704	-3439.547	-3609.087	169.54	1.301015	0.541774	0.458226	2.751113
19710	-3445.62	-3614.955	169.3354	1.46113	0.607175	0.392825	2.778313
19716	-3446.847	-3616.331	169.4836	1.250052	0.54653	0.45347	2.816554
19722	-3430.736	-3599.243	168.5066	1.171298	0.54653	0.45347	3.445159
19728	-3424.474	-3592.995	168.5208	1.157125	0.578062	0.421938	3.445159
19734	-3416.799	-3585.464	168.6649	1.186828	0.608468	0.391532	3.343271
19740	-3426.024	-3595.612	169.5879	1.296199	0.646575	0.353425	2.724784
19746	-3426.861	-3596.008	169.1465	1.321756	0.531509	0.468491	2.976957
19752	-3424.899	-3594.084	169.1852	1.283085	0.583537	0.416463	2.976957
19758	-3429.822	-3598.29	168.4684	1.172824	0.628312	0.371688	3.466636
19764	-3430.261	-3598.875	168.6135	1.138783	0.590685	0.409315	3.401608
19770	-3426.032	-3595.009	168.9774	1.144735	0.653029	0.346971	3.183602
19776	-3434.787	-3603.236	168.4496	1.176826	0.595373	0.404627	3.475283
19782	-3448.349	-3616.477	168.1277	1.102035	0.587339	0.412661	3.705726
19788	-3444.668	-3612.283	167.6155	1.064074	0.570436	0.429564	4.021721
19794	-3444.01	-3611.533	167.5228	1.172184	0.571794	0.428206	4.012917
19800	-3458.496	-3626.693	168.1976	1.076208	0.543383	0.456617	3.680228
19806	-3445.416	-3613.951	168.5346	1.151862	0.60907	0.39093	3.440151
19812	-3452.338	-3621.468	169.1299	1.20158	0.495745	0.504255	3.058943
19818	-3445.484	-3614.57	169.0857	1.296368	0.495745	0.504255	3.028666
19824	-3438.123	-3606.76	168.6366	1.157455	0.588877	0.411123	3.377148
19830	-3456.736	-3625.667	168.9312	1.164543	0.557202	0.442798	3.199224
19836	-3448.971	-3617.74	168.7686	1.184411	0.445792	0.554208	3.283622
19842	-3443.629	-3612.735	169.1061	1.225896	0.474798	0.525202	3.058615
19848	-3442.003	-3610.352	168.3491	1.147231	0.560031	0.439969	3.551098
19854	-3451.115	-3620.475	169.3599	1.142567	0.597363	0.402637	2.956367
19860	-3447.782	-3616.484	168.7014	1.156443	0.493572	0.506428	3.339649
19866	-3449.388	-3618.09	168.702	1.15584	0.589434	0.410566	3.339649
19872	-3439.532	-3608.62	169.0882	1.328164	0.671286	0.328714	3.00814
19878	-3443.379	-3612.764	169.3844	1.281302	0.622503	0.377497	2.857799
19884	-3443.477	-3612.583	169.106	1.335999	0.529162	0.470838	2.992761
19890	-3444.439	-3613.259	168.8191	1.274582	0.538667	0.461333	3.200461
19896	-3452.664	-3620.734	168.0705	1.199693	0.469522	0.530478	3.682301
19902	-3437.258	-3606.162	168.9045	1.196716	0.65147	0.34853	3.195996
19908	-3428.559	-3597.591	169.0323	1.248355	0.539356	0.460644	3.089288
19914	-3431.574	-3600.946	169.372	1.265327	0.565929	0.434071	2.874997
19920	-3440.298	-3609.581	169.2827	1.277067	0.469442	0.530558	2.921878
19926	-3438.448	-3607.772	169.3239	1.268483	0.540487	0.459513	2.902184
19932	-3441.06	-3610.338	169.2774	1.326603	0.564625	0.435375	2.895139
19938	-3451.058	-3620.3	169.2427	1.238861	0.564625	0.435375	2.96894
19944	-3450.255	-3620.131	169.8761	1.298005	0.61869	0.38131	2.545837
19950	-3446.352	-3615.901	169.5488	1.359659	0.565653	0.434347	2.709885
19956	-3455.858	-3624.923	169.0651	1.282395	0.565653	0.434347	3.049344
19962	-3461.142	-3629.538	168.3958	1.196183	0.701234	0.298766	3.495341
19968	-3458.663	-3627.88	169.2175	1.177836	0.564058	0.435942	3.020743
19974	-3442.961	-3611.65	168.689	1.205104	0.601199	0.398801	3.318314
19980	-3436.913	-3606.597	169.6841	1.292577	0.606641	0.393359	2.667989
19986	-3440.991	-3610.647	169.6558	1.320868	0.548292	0.451708	2.667989
19992	-3431.801	-3601.776	169.9752	1.353603	0.630144	0.369856	2.449071
19998	-3433.778	-3603.764	169.9852	1.353603	0.550124	0.449876	2.442792
20004	-3457.034	-3626.792	169.7578	1.370546	0.542087	0.457913	2.574237
20010	-3432.461	-3602.26	169.7995	1.385834	0.542087	0.457913	2.538805
20016	-3435.684	-3605.362	169.6779	1.385834	0.581365	0.418635	2.614244
20022	-3435.922	-3605.927	170.0045	1.423082	0.525088	0.474912	2.386838
20028	-3435.121	-3603.981	168.8603	1.366587	0.525088	0.474912	3.121354
20034	-3428.318	-3596.495	168.1769	1.161805	0.524277	0.475723	3.642639
20040	-3433.569	-3602.923	169.3544	1.20368	0.671178	0.328822	2.922872
20046	-3428.212	-3597.393	169.1812	1.248694	0.450677	0.549323	2.999976
20052	-3426.585	-3595.435	168.8494	1.178695	0.4801	0.5199	3.239257
20058	-3425.261	-3593.935	168.6741	1.224522	0.609628	0.390372	3.31568
20064	-3428.112	-3596.604	168.4914	1.188143	0.507664	0.492336	3.444228
20070	-3455.841	-3625.293	169.4518	1.261076	0.570692	0.429308	2.829196
20076	-3452.615	-3621.81	169.1946	1.254046	0.424117	0.575883	2.988733
20082	-3447.082	-3616.245	169.1633	1.285319	0.610696	0.389304	2.988733
20088	-3448.574	-3617.812	169.2375	1.302136	0.6272	0.3728	2.934009
20094	-3443.339	-3612.078	168.739	1.216855	0.497787	0.502213	3.281954
20100	-3440.582	-3610.107	169.5253	1.414107	0.397387	0.602613	2.690864
20106	-3439.082	-3608.326	169.2442	1.249497	0.641223	0.358777	2.961657
20112	-3444.241	-3614.31	170.0689	1.385801	0.477376	0.522624	2.369664
20118	-3442.208	-3612.02	169.8119	1.312937	0.524318	0.475682	2.576422
20124	-3448.172	-3617.953	169.7807	1.344157	0.508181	0.491819	2.576422
20130	-3441.251	-3610.655	169.4043	1.35971	0.455739	0.544261	2.798087
20136	-3452.068	-3621.398	169.3294	1.379047	0.621109	0.378891	2.831901
20142	-3443.281	-3612.107	168.8261	1.26202	0.550396	0.449604	3.203743
20148	-3442.877	-3612.628	169.7515	1.366207	0.586759	0.413241	2.580835
20154	-3439.213	-3608.359	169.1451	1.303615	0.561942	0.438058	2.988678
20160	-3439.577	-3607.6	168.0234	1.161108	0.561942	0.438058	3.731845
20166	-3446.367	-3613.585	167.2184	1.135369	0.508771	0.491229	4.207153
20172	-3441.262	-3608.512	167.2506	1.107474	0.52795	0.47205	4.20472
20178	-3446.29	-3614.942	168.6522	1.135872	0.608352	0.391648	3.38061
20184	-3438.537	-3607.488	168.9508	1.202289	0.50008	0.49992	3.165227
20190	-3434.773	-3604.261	169.4883	1.349634	0.609662	0.390338	2.753032
20196	-3441.977	-3611.287	169.3104	1.197539	0.662201	0.337799	2.953079
20202	-3450.536	-3618.574	168.0384	1.256871	0.510156	0.489844	3.667786
20208	-3439.878	-3606.707	166.8292	1.088338	0.521462	0.478538	4.453759
20214	-3441.609	-3610.042	168.4335	1.15045	0.537607	0.462393	3.500051
20220	-3435.115	-3601.847	166.7325	1.116016	0.537607	0.462393	4.492592
20226	-3450.742	-3617.443	166.701	1.075493	0.697597	0.302403	4.533108
20232	-3438.797	-3606.897	168.0998	1.140372	0.638323	0.361677	3.69968
20238	-3430.295	-3600.364	170.0681	1.410867	0.450066	0.549934	2.354291
20244	-3438.575	-3608.813	170.2389	1.396037	0.5197	0.4803	2.254702
20250	-3450.866	-3620.521	169.6552	1.396198	0.593807	0.406193	2.62192
20256	-3446.548	-3616.239	169.6911	1.348351	0.581564	0.418436	2.629258
20262	-3444.512	-3613.597	169.0845	1.318167	0.51774	0.48226	3.016335
20268	-3441.678	-3610.726	169.0479	1.291938	0.431159	0.568841	3.053961
20274	-3435.114	-3602.882	167.7679	1.229826	0.665252	0.334748	3.839444
20280	-3430.478	-3598.332	167.8533	1.270402	0.641334	0.358666	3.766935
20286	-3440.86	-3609.899	169.0389	1.386441	0.621475	0.378525	3.002735
20292	-3426.498	-3595.532	169.0346	1.376085	0.585911	0.414089	3.011537
20298	-3430.399	-3599.568	169.1694	1.404506	0.701518	0.298482	2.913308
20304	-3436.267	-3607	170.7323	1.551132	0.546255	0.453745	1.824633
20310	-3441.131	-3611.587	170.4563	1.463101	0.589196	0.410804	2.069656
20316	-3436.788	-3607.092	170.304	1.479068	0.496453	0.503547	2.15889
20322	-3439.868	-3609.811	169.9435	1.482401	0.511519	0.488481	2.387885
20328	-3454.187	-3624.184	169.9966	1.446829	0.524556	0.475444	2.376806
20334	-3451.565	-3621.291	169.7258	1.326044	0.510143	0.489857	2.621622
20340	-3442.46	-3612.046	169.5856	1.372813	0.561083	0.438917	2.679188
20346	-3430.795	-3600.108	169.313	1.216077	0.592128	0.407872	2.940376
20352	-3429.203	-3598.449	169.2463	1.282759	0.580559	0.419441	2.940376
20358	-3439.935	-3608.373	168.4384	1.29412	0.482988	0.517012	3.413214
20364	-3435.204	-3604.558	169.3534	1.240609	0.603671	0.396329	2.901203
20370	-3429.717	-3599.601	169.8841	1.325193	0.51627	0.48373	2.523873
20376	-3431.722	-3600.772	169.0499	1.283798	0.506733	0.493267	3.057623
20382	-3440.853	-3610.079	169.226	1.343795	0.520101	0.479899	2.915819
20388	-3451.555	-3621.642	170.0872	1.433027	0.657612	0.342388	2.328048
20394	-3438.191	-3607.345	169.1537	1.212909	0.657612	0.342388	3.037953
20400	-3438.872	-3608.726	169.8535	1.385718	0.673054	0.326946	2.505248
20406	-3438.38	-3608.797	170.4171	1.53861	0.588762	0.411238	2.045646
20412	-3437.216	-3607.718	170.5022	1.495131	0.5965	0.4035	2.018068
20418	-3442.795	-3612.644	169.849	1.395139	0.501812	0.498188	2.50215
20424	-3434.549	-3604.347	169.7987	1.445437	0.618052	0.381948	2.50215
20430	-3437.507	-3607.89	170.383	1.513618	0.48329	0.51671	2.084613
20436	-3442.637	-3613.497	170.8603	1.58973	0.60394	0.39606	1.708441
20442	-3427.186	-3597.755	170.5687	1.598799	0.524153	0.475847	1.903856
20448	-3421.769	-3592.288	170.5194	1.516985	0.619815	0.380185	1.992035
20454	-3429.837	-3600.306	170.469	1.458531	0.545608	0.454392	2.064248
20460	-3444.012	-3614.403	170.391	1.424242	0.625159	0.374841	2.137924
20466	-3430.417	-3600.748	170.3319	1.421879	0.55717	0.44283	2.177966
20472	-3434.346	-3605.042	170.6957	1.460529	0.508127	0.491873	1.911431
20478	-3437.818	-3608.518	170.6998	1.455899	0.527389	0.472611	1.911819
20484	-3441.868	-3612.731	170.8633	1.542816	0.58997	0.41003	1.73932
20490	-3439.121	-3609.664	170.5422	1.514427	0.546402	0.453598	1.978501
20496	-3453.269	-3623.933	170.6644	1.41488	0.529458	0.470542	1.963299
20502	-3440.282	-3610.372	170.0901	1.510218	0.495177	0.504823	2.276914
20508	-3438.839	-3609.423	170.5839	1.492684	0.53924	0.46076	1.965101
20514	-3438.073	-3608.153	170.0794	1.494035	0.529423	0.470577	2.294106
20520	-3427.888	-3597.871	169.9834	1.399287	0.540825	0.459175	2.41521
20526	-3430.19	-3600.103	169.9126	1.494635	0.53558	0.46442	2.399673
20532	-3429.395	-3599.34	169.9443	1.456631	0.53558	0.46442	2.403688
20538	-3425.031	-3595.044	170.0124	1.388557	0.542198	0.457802	2.403688
20544	-3423.607	-3593.818	170.2113	1.458115	0.49339	0.50661	2.232472
20550	-3428.61	-3598.849	170.2394	1.446208	0.617752	0.382248	2.222071
20556	-3424.843	-3595.566	170.7237	1.490948	0.575492	0.424508	1.871767
20562	-3424.483	-3594.934	170.4503	1.573325	0.620071	0.379929	2.000559
20568	-3426.292	-3597.011	170.7186	1.573325	0.591351	0.408649	1.818721
20574	-3421.987	-3593.103	171.1158	1.821016	0.521486	0.478514	1.345697
20580	-3428.175	-3599.614	171.4398	1.991137	0.55854	0.44146	0.8943798
20586	-3436.136	-3607.465	171.3292	1.870803	0.629404	0.370596	1.124131
20592	-3430.648	-3601.608	170.9602	1.658384	0.50085	0.49915	1.587399
20598	-3431.054	-3601.802	170.7481	1.58042	0.511676	0.488324	1.793444
20604	-3438.755	-3609.172	170.4172	1.455223	0.582692	0.417308	2.100512
20610	-3427.818	-3598.413	170.5954	1.516907	0.582692	0.417308	1.941099
20616	-3432.401	-3602.919	170.5185	1.526773	0.599967	0.400033	1.986078
20622	-3443.721	-3611.959	168.2382	1.120764	0.642876	0.357124	3.630872
20628	-3435.944	-3603.876	167.9324	1.120627	0.589223	0.410777	3.807658
20634	-3434.676	-3605.399	170.7226	1.538632	0.647964	0.352036	1.839895
20640	-3437.747	-3608.818	171.0719	1.621703	0.649589	0.350411	1.532179
20646	-3429.864	-3600.696	170.832	1.699883	0.599098	0.400902	1.650135
20652	-3433.09	-3603.358	170.2685	1.534979	0.548117	0.451883	2.145588
20658	-3431.133	-3601.652	170.5187	1.596969	0.623546	0.376454	1.938849
20664	-3425.393	-3595.322	169.9295	1.418763	0.512162	0.487838	2.436839
20670	-3418.125	-3588.298	170.1728	1.42788	0.566469	0.433531	2.276672
20676	-3428.859	-3598.319	169.46	1.401569	0.581619	0.418381	2.7386
20682	-3428.32	-3597.944	169.6246	1.236904	0.559588	0.440412	2.7386
20688	-3426.394	-3595.115	168.7208	1.166106	0.577202	0.422798	3.322534
20694	-3438.559	-3606.956	168.3971	1.091324	0.723628	0.276372	3.555706
20700	-3439.411	-3607.317	167.9059	1.085336	0.610861	0.389139	3.843175
20706	-3433.308	-3600.47	167.162	0.9642689	0.468899	0.531101	4.335979
20712	-3447.223	-3615.904	168.6809	1.256262	0.516742	0.483258	3.292963
20718	-3442.782	-3611.673	168.8912	1.183067	0.581841	0.418159	3.211925
20724	-3436.166	-3602.776	166.6095	1.030541	0.581841	0.418159	4.609698
20730	-3445.645	-3615.042	169.3972	1.326963	0.463149	0.536851	2.82236
20736	-3436.561	-3605.772	169.2108	1.388455	0.522747	0.477253	2.898009
20742	-3427.556	-3596.57	169.0143	1.232695	0.622261	0.377739	3.109326
20748	-3432.606	-3601.598	168.9918	1.255274	0.484613	0.515387	3.109326
20754	-3428.47	-3595.975	167.5054	1.077955	0.536724	0.463276	4.076599
20760	-3442.902	-3609.847	166.9449	1.03263	0.667566	0.332434	4.419912
20766	-3439.656	-3607.001	167.345	1.226678	0.673403	0.326597	4.083235
20772	-3430.767	-3599.629	168.8621	1.254541	0.615742	0.384258	3.186834
20778	-3434.152	-3603.356	169.204	1.248905	0.559645	0.440355	2.98617
20784	-3432.348	-3601.196	168.8476	1.246295	0.586713	0.413287	3.20032
20790	-3430.519	-3599.94	169.4208	1.320787	0.586713	0.413287	2.81177
20796	-3429.139	-3598.642	169.503	1.355963	0.629481	0.370519	2.740181
20802	-3415.884	-3585.831	169.9476	1.474027	0.595337	0.404663	2.39062
20808	-3434.327	-3604.183	169.8563	1.438233	0.76817	0.23183	2.470592
20814	-3447.202	-3617.098	169.8962	1.39835	0.646828	0.353172	2.470592
20820	-3443.183	-3611.098	167.9158	1.164394	0.580398	0.419602	3.791999
20826	-3433.196	-3600.43	167.2335	1.009747	0.551155	0.448845	4.269825
20832	-3428.029	-3596.785	168.7557	1.214044	0.56869	0.43131	3.273753
20838	-3437.905	-3606.742	168.8367	1.313995	0.56869	0.43131	3.166603
20844	-3439.495	-3609.89	170.395	1.448893	0.545177	0.454823	2.119201
20850	-3431.907	-3601.079	169.1719	1.353325	0.658795	0.341205	2.942692
20856	-3435.334	-3604.561	169.227	1.353325	0.518243	0.481757	2.909447
20862	-3441.312	-3610.636	169.3245	1.321094	0.652571	0.347429	2.870002
20868	-3439.592	-3608.35	168.7582	1.284681	0.584781	0.415219	3.23055
20874	-3431.978	-3601.463	169.4844	1.320928	0.519724	0.480276	2.772912
20880	-3426.982	-3596.318	169.3361	1.250652	0.459315	0.540685	2.905562
20886	-3425.01	-3593.836	168.8262	1.333199	0.631032	0.368968	3.161485
20892	-3428.902	-3598.061	169.1596	1.353509	0.631032	0.368968	2.950013
20898	-3428.9	-3598.666	169.7666	1.3773	0.647585	0.352415	2.564585
20904	-3440.771	-3609.71	168.9388	1.3773	0.467888	0.532112	3.06811
20910	-3436.008	-3606.379	170.3709	1.424235	0.526532	0.473468	2.151047
20916	-3435.928	-3605.984	170.0561	1.407466	0.519505	0.480495	2.364031
20922	-3428.348	-3597.727	169.3781	1.32075	0.578634	0.421366	2.837701
20928	-3432.42	-3601.017	168.5967	1.219547	0.566894	0.433106	3.364114
20934	-3440.803	-3610.226	169.4226	1.328488	0.640122	0.359878	2.805947
20940	-3435.786	-3604.824	169.0382	1.237776	0.551029	0.448971	3.092074
20946	-3437.265	-3605.273	168.0085	1.311648	0.548098	0.451902	3.653423
20952	-3437.344	-3605.965	168.621	1.235403	0.505271	0.494729	3.340501
20958	-3436.984	-3605.613	168.6282	1.171803	0.534668	0.465332	3.373652
20964	-3451.441	-3621.229	169.788	1.500082	0.494428	0.505572	2.474657
20970	-3430.258	-3600.503	170.2455	1.444631	0.600918	0.399082	2.219159
20976	-3444.834	-3615.237	170.4024	1.499665	0.564159	0.435841	2.081034
20982	-3443.767	-3613.283	169.5163	1.301135	0.551867	0.448133	2.765526
20988	-3436.678	-3606.387	169.709	1.312439	0.542618	0.457382	2.640374
20994	-3433.088	-3602.815	169.727	1.370427	0.484188	0.515812	2.59344
21000	-3429.886	-3599.765	169.8789	1.438489	0.491007	0.508993	2.456249
21006	-3432.855	-3602.576	169.7212	1.366435	0.486379	0.513621	2.599489
21012	-3436.14	-3605.597	169.457	1.253006	0.578873	0.421127	2.830919
21018	-3446.712	-3616.306	169.5947	1.300661	0.508069	0.491931	2.717866
21024	-3444.833	-3614.294	169.4618	1.381465	0.586778	0.413222	2.74977
21030	-3458.752	-3628.376	169.624	1.378027	0.586778	0.413222	2.652378
21036	-3449.877	-3619.546	169.6691	1.332899	0.586778	0.413222	2.652378
21042	-3444.179	-3613.895	169.7166	1.43046	0.579458	0.420542	2.562607
21048	-3445.061	-3614.827	169.7663	1.474068	0.610901	0.389099	2.504497
21054	-3438.612	-3608.581	169.9688	1.334452	0.59574	0.40426	2.46517
21060	-3440.596	-3610.894	170.2975	1.466946	0.504609	0.495391	2.171015
21066	-3433.961	-3604.427	170.4659	1.533007	0.500125	0.499875	2.016978
21072	-3438.149	-3608.265	170.1161	1.430372	0.438276	0.561724	2.311294
21078	-3437.092	-3607.253	170.1606	1.385868	0.627607	0.372393	2.311294
21084	-3433.069	-3601.977	168.9078	1.330617	0.624099	0.375901	3.114485
21090	-3439.106	-3609.4	170.294	1.449504	0.464878	0.535122	2.18459
21096	-3432.998	-3603.376	170.3779	1.476457	0.566289	0.433711	2.112386
21102	-3434.998	-3605.367	170.3698	1.484524	0.560665	0.439335	2.112386
21108	-3425.416	-3596.067	170.6512	1.570578	0.454694	0.545306	1.866893
21114	-3423.507	-3594.078	170.571	1.702239	0.50821	0.49179	1.831622
21120	-3423.37	-3594.079	170.7093	1.563912	0.534132	0.465868	1.831622
21126	-3431.386	-3602.219	170.8322	1.621613	0.548975	0.451025	1.705737
21132	-3426.192	-3596.899	170.7074	1.641287	0.481262	0.518738	1.779449
21138	-3424.37	-3595.236	170.8666	1.636734	0.594245	0.405755	1.670575
21144	-3438.589	-3609.577	170.9881	1.636734	0.554874	0.445126	1.582813
21150	-3443.681	-3614.636	170.955	1.634983	0.645478	0.354522	1.608244
21156	-3439.374	-3610.202	170.828	1.521032	0.609199	0.390801	1.779189
21162	-3440.724	-3611.382	170.6581	1.6184	0.622897	0.377103	1.829372
21168	-3448.668	-3619.312	170.6439	1.573638	0.622897	0.377103	1.869795
21174	-3428.327	-3599.146	170.8193	1.656097	0.564333	0.435667	1.690461
21180	-3424.092	-3595.02	170.9277	1.579769	0.520914	0.479086	1.667564
21186	-3422.33	-3593.166	170.8362	1.579014	0.591796	0.408204	1.732911
21192	-3441.049	-3611.794	170.745	1.670269	0.427128	0.572872	1.732911
21198	-3433.506	-3604.148	170.6429	1.670269	0.533725	0.466275	1.804105
21204	-3430.224	-3600.515	170.2904	1.408384	0.568862	0.431138	2.213561
21210	-3433.51	-3603.587	170.0762	1.425139	0.517461	0.482539	2.340036
21216	-3433.385	-3603.719	170.3343	1.448905	0.551741	0.448259	2.158816
21222	-3436.462	-3606.506	170.0436	1.360408	0.551741	0.448259	2.401763
21228	-3427.653	-3597.688	170.0344	1.369544	0.571943	0.428057	2.401763
21234	-3449.122	-3619.692	170.57	1.463772	0.617461	0.382539	1.993781
21240	-3446.201	-3616.869	170.6681	1.504622	0.606654	0.393346	1.900267
21246	-3435.987	-3606.389	170.4016	1.512722	0.627609	0.372391	2.072981
21252	-3432.219	-3602.386	170.1669	1.428061	0.620966	0.379034	2.280306
21258	-3438.614	-3608.809	170.1946	1.415754	0.584133	0.415867	2.270456
21264	-3430.784	-3601.048	170.2632	1.417676	0.624031	0.375969	2.225124
21270	-3431.096	-3600.905	169.8098	1.317857	0.550461	0.449539	2.574688
21276	-3433.902	-3603.783	169.8808	1.424099	0.68893	0.31107	2.46408
21282	-3434.016	-3604.098	170.0826	1.443286	0.513458	0.486542	2.324448
21288	-3435.289	-3605.186	169.8967	1.417576	0.57937	0.42063	2.45821
21294	-3439.401	-3608.794	169.3937	1.303087	0.659035	0.340965	2.838985
21300	-3437.873	-3607.14	169.2665	1.238407	0.662264	0.337736	2.954951
21306	-3437.464	-3606.154	168.6904	1.318657	0.543657	0.456343	3.250537
21312	-3427.595	-3596.919	169.3238	1.287754	0.576174	0.423826	2.890602
21318	-3425.004	-3594.68	169.6765	1.421733	0.576174	0.423826	2.592894
21324	-3435.185	-3605.559	170.3744	1.389396	0.664656	0.335344	2.171411
21330	-3434.961	-3605.507	170.5457	1.494661	0.542005	0.457995	1.989367
21336	-3432.484	-3602.925	170.4407	1.469331	0.526035	0.473965	2.07582
21342	-3428.311	-3598.564	170.2529	1.45212	0.733997	0.266003	2.20954
21348	-3436.671	-3606.998	170.3262	1.494988	0.62496	0.37504	2.134087
21354	-3442.191	-3612.711	170.5202	1.539604	0.540483	0.459517	1.976373
21360	-3441.879	-3612.131	170.2523	1.512633	0.540483	0.459517	2.170679
21366	-3451.965	-3621.714	169.749	1.574749	0.526323	0.473677	2.452271
21372	-3444.192	-3613.213	169.0207	1.417193	0.542651	0.457349	2.995224
21378	-3441.486	-3611.1	169.6141	1.399382	0.555588	0.444412	2.645319
21384	-3436.353	-3605.641	169.2881	1.399382	0.500455	0.499545	2.844636
21390	-3434.591	-3604.357	169.7658	1.458112	0.612666	0.387334	2.514783
21396	-3433.095	-3602.1	169.005	1.319063	0.552245	0.447755	3.063367
21402	-3436.257	-3605.964	169.7074	1.375929	0.574481	0.425519	2.602153
21408	-3430.05	-3599.73	169.6804	1.402883	0.516312	0.483688	2.602153
21414	-3429.332	-3599.392	170.06	1.481499	0.516312	0.483688	2.314475
21420	-3427.201	-3597.619	170.4176	1.577628	0.558049	0.441951	2.019407
21426	-3429.637	-3600.049	170.412	1.542537	0.559995	0.440005	2.046389
21432	-3437.971	-3608.533	170.5616	1.542537	0.645631	0.354369	1.946641
21438	-3440.376	-3611.219	170.8429	1.559317	0.557566	0.442434	1.742043
21444	-3432.706	-3603.021	170.3149	1.405202	0.557566	0.442434	2.199747
21450	-3442.92	-3613.301	170.3812	1.525614	0.548653	0.451347	2.077887
21456	-3441.641	-3611.261	169.6194	1.350564	0.666321	0.333679	2.672097
21462	-3445.588	-3614.548	168.9604	1.301359	0.590091	0.409909	3.100533
21468	-3440.89	-3610.196	169.3061	1.28225	0.684517	0.315483	2.904639
21474	-3431.552	-3600.299	168.7474	1.19815	0.620036	0.379964	3.288
21480	-3445.033	-3614.686	169.6533	1.366547	0.585405	0.414595	2.641389
21486	-3438.053	-3607.42	169.3673	1.366547	0.521022	0.478978	2.816428
21492	-3447.171	-3617.32	170.1492	1.525169	0.600182	0.399818	2.229279
21498	-3445.702	-3615.321	169.6191	1.517297	0.617835	0.382165	2.569266
21504	-3435.653	-3605.809	170.1565	1.533412	0.51007	0.48993	2.219301
21510	-3430.147	-3600.517	170.3701	1.517327	0.592354	0.407646	2.09067
21516	-3438.602	-3608.914	170.3119	1.501506	0.573171	0.426829	2.139131
21522	-3429.618	-3599.905	170.2871	1.489687	0.486384	0.513616	2.163015
21528	-3442.013	-3612.266	170.2522	1.383294	0.395617	0.604383	2.254286
21534	-3444.942	-3615.556	170.6132	1.637981	0.47857	0.52143	1.846773
21540	-3434.39	-3605.305	170.9149	1.575011	0.619446	0.380554	1.680102
21546	-3446.241	-3615.879	169.6379	1.452328	0.619446	0.380554	2.597871
21552	-3444.474	-3613.834	169.3599	1.315256	0.651323	0.348677	2.85208
21558	-3441.177	-3609.67	168.4933	1.166911	0.482501	0.517499	3.45554
21564	-3432.924	-3603.137	170.2137	1.424187	0.577051	0.422949	2.252809
21570	-3438.528	-3608.961	170.4325	1.563516	0.521218	0.478782	2.018921
21576	-3442.055	-3611.928	169.8722	1.563516	0.527828	0.472172	2.381658
21582	-3444.978	-3615.846	170.868	1.584563	0.603594	0.396406	1.706639
21588	-3437.726	-3608.52	170.7933	1.524014	0.549631	0.450369	1.801193
21594	-3446.819	-3616.853	170.0347	1.652109	0.595995	0.404005	2.221299
21600	-3432.768	-3603.308	170.5391	1.476898	0.588423	0.411577	2.005624
21606	-3432.003	-3602.184	170.1803	1.505689	0.600598	0.399402	2.221803
21612	-3433.1	-3603.506	170.4056	1.391583	0.600731	0.399269	2.149697
21618	-3433.229	-3602.979	169.7506	1.37183	0.518555	0.481445	2.577898
21624	-3437.698	-3607.469	169.7711	1.351313	0.506332	0.493668	2.577898
21630	-3444.378	-3614.296	169.9182	1.450852	0.54919	0.45081	2.423784
21636	-3453.745	-3623.461	169.7158	1.398806	0.51992	0.48008	2.58277
21642	-3451.061	-3620.33	169.2687	1.233225	0.60838	0.39162	2.956723
21648	-3435.152	-3603.708	168.5562	1.163606	0.618055	0.381945	3.42068
21654	-3436.718	-3605.279	168.5607	1.159033	0.565831	0.434169	3.42068
21660	-3437.16	-3605.754	168.5946	1.125129	0.668831	0.331169	3.42068
21666	-3442.154	-3611.229	169.0747	1.184464	0.640962	0.359038	3.102088
21672	-3448.597	-3617.096	168.4988	1.087291	0.612955	0.387045	3.498831
21678	-3441.034	-3609.918	168.8836	1.16878	0.592124	0.407876	3.224898
21684	-3448.622	-3618.762	170.1403	1.368905	0.595449	0.404551	2.335065
21690	-3443.271	-3613.372	170.101	1.398596	0.654494	0.345506	2.341189
21696	-3441.962	-3611.997	170.0355	1.286166	0.615761	0.384239	2.453578
21702	-3438.739	-3608.596	169.8567	1.457892	0.555199	0.444801	2.458018
21708	-3443.012	-3613.049	170.0377	1.276916	0.651639	0.348361	2.458018
21714	-3464.022	-3633.905	169.8831	1.431551	0.595457	0.404543	2.458018
21720	-3445.9	-3616.168	170.268	1.435564	0.601168	0.398832	2.210448
21726	-3439.272	-3608.874	169.6022	1.411871	0.543872	0.456128	2.644937
21732	-3444.2	-3614.681	170.4804	1.514133	0.619638	0.380362	2.019901
21738	-3438.791	-3609.621	170.8302	1.60764	0.675693	0.324307	1.717048
21744	-3450.084	-3620.986	170.9025	1.541865	0.590001	0.409999	1.712379
21750	-3449.351	-3619.94	170.5892	1.460674	0.558868	0.441132	1.983033
21756	-3450.017	-3620.593	170.576	1.393174	0.580105	0.419895	2.036696
21762	-3444.126	-3614.557	170.4312	1.301158	0.618356	0.381644	2.191848
21768	-3442.981	-3613.037	170.0561	1.428831	0.576386	0.423614	2.350469
21774	-3443.193	-3613.396	170.2038	1.359226	0.623168	0.376832	2.300742
21780	-3451.61	-3620.267	168.6567	1.159796	0.490672	0.509328	3.363927
21786	-3440.478	-3608.212	167.7334	1.211005	0.530378	0.469622	3.87006
21792	-3448.926	-3615.257	166.3309	0.9532557	0.636645	0.363355	4.808764
21798	-3433.792	-3600.458	166.6656	0.9674242	0.649076	0.350924	4.613627
21804	-3447.547	-3616.071	168.5245	1.178819	0.592368	0.407632	3.430292
21810	-3445.886	-3615.503	169.6175	1.283961	0.476735	0.523265	2.714149
21816	-3445.801	-3615.198	169.3966	1.339263	0.491805	0.508195	2.815244
21822	-3451.203	-3620.527	169.3241	1.317871	0.555879	0.444121	2.872219
21828	-3429.278	-3599.942	170.6641	1.549458	0.567485	0.432515	1.872531
21834	-3428.442	-3598.979	170.5372	1.432992	0.51684	0.48316	2.036037
21840	-3431.299	-3601.318	170.019	1.433154	0.653047	0.346953	2.371283
21846	-3444.215	-3614.655	170.44	1.468685	0.612326	0.387674	2.076697
21852	-3439.535	-3609.886	170.3507	1.335226	0.612326	0.387674	2.221856
21858	-3430.24	-3599.898	169.6582	1.35136	0.543558	0.456442	2.647691
21864	-3429.575	-3599.213	169.6381	1.371494	0.523127	0.476873	2.647691
21870	-3438.314	-3608.151	169.8377	1.370273	0.503236	0.496764	2.524733
21876	-3443.721	-3614.025	170.3036	1.395073	0.521811	0.478189	2.213642
21882	-3439.759	-3610.117	170.3588	1.555614	0.513529	0.486471	2.072887
21888	-3441.683	-3611.957	170.2733	1.338656	0.604418	0.395582	2.269408
21894	-3439.834	-3609.342	169.5072	1.26947	0.439637	0.560363	2.790401
21900	-3439.844	-3608.664	168.8208	1.251006	0.618946	0.381054	3.213409
21906	-3443.773	-3612.596	168.8224	1.249445	0.490466	0.509534	3.213409
21912	-3446.021	-3614.208	168.1868	1.153301	0.513886	0.486114	3.641861
21918	-3436.14	-3605.057	168.917	1.260167	0.520926	0.479074	3.150893
21924	-3442.166	-3610.489	168.3224	1.226896	0.468603	0.531397	3.520257
21930	-3435.454	-3603.952	168.4983	1.192256	0.403383	0.596617	3.437801
21936	-3443.483	-3612.723	169.2399	1.346905	0.478306	0.521694	2.905532
21942	-3434.038	-3603.412	169.3743	1.212552	0.455632	0.544368	2.905532
21948	-3439.764	-3609.51	169.746	1.316105	0.505028	0.494972	2.61526
21954	-3440.281	-3610.69	170.409	1.39541	0.59851	0.40149	2.145022
21960	-3453.233	-3621.726	168.4927	1.156897	0.662437	0.337563	3.461703
21966	-3451.653	-3620.074	168.4209	1.228701	0.636884	0.363116	3.461703
21972	-3449.014	-3617.505	168.4907	1.158961	0.586003	0.413997	3.461703
21978	-3447.755	-3616.671	168.916	1.173019	0.678492	0.321508	3.203219
21984	-3441.276	-3609.244	167.9678	1.173759	0.664119	0.335881	3.756615
21990	-3443.71	-3612.515	168.8052	1.290706	0.664119	0.335881	3.199144
21996	-3449.723	-3619.722	169.9992	1.420584	0.716976	0.283024	2.391778
22002	-3439.097	-3609.374	170.2771	1.503769	0.6288	0.3712	2.160316
22008	-3446.114	-3616.389	170.2753	1.503769	0.657863	0.342137	2.161537
22014	-3444.494	-3614.619	170.1257	1.295477	0.505364	0.494636	2.390863
22020	-3433.504	-3603.091	169.5865	1.356886	0.542236	0.457764	2.688446
22026	-3448.069	-3617.672	169.6035	1.386811	0.488975	0.511025	2.65958
22032	-3434.155	-3603.636	169.4816	1.253267	0.543731	0.456269	2.815843
22038	-3425.213	-3594.779	169.5663	1.331461	0.543731	0.456269	2.716439
22044	-3434.166	-3604.227	170.0615	1.389977	0.500545	0.499455	2.371701
22050	-3444.098	-3613.242	169.1447	1.278306	0.554177	0.445823	3.004112
22056	-3440.524	-3609.269	168.7451	1.249176	0.604727	0.395273	3.259253
22062	-3433.062	-3602.705	169.6426	1.310507	0.554281	0.445719	2.682443
22068	-3439.695	-3608.966	169.2717	1.289579	0.51877	0.48123	2.920932
22074	-3442.345	-3612.055	169.7101	1.21752	0.468948	0.531052	2.698109
22080	-3428.471	-3597.281	168.8101	1.14473	0.468948	0.531052	3.282538
22086	-3432.708	-3600.594	167.8857	1.085305	0.564661	0.435339	3.854797
22092	-3433.634	-3603.17	169.5358	1.311992	0.578225	0.421775	2.746992
22098	-3431.231	-3600.781	169.5502	1.297595	0.624117	0.375883	2.746992
22104	-3437.482	-3607.2	169.7179	1.301323	0.668316	0.331684	2.641775
22110	-3437.501	-3606.125	168.6238	1.267009	0.574902	0.425098	3.320283
22116	-3438.353	-3608.21	169.8571	1.410493	0.523744	0.476256	2.487504
22122	-3450.091	-3619.767	169.6764	1.339775	0.484217	0.515783	2.643607
22128	-3437.593	-3605.169	167.5769	1.262353	0.484217	0.515783	3.930369
22134	-3446.53	-3617.233	170.7037	1.515206	0.676207	0.323793	1.868864
22140	-3444.101	-3612.522	168.4208	1.131287	0.534201	0.465799	3.518638
22146	-3446.48	-3615.241	168.7613	1.246751	0.532631	0.467369	3.251111
22152	-3444.689	-3613.488	168.7989	1.209119	0.532631	0.467369	3.251111
22158	-3441.805	-3610.458	168.6522	1.226164	0.457197	0.542803	3.327558
22164	-3444.581	-3613.608	169.027	1.267547	0.578588	0.421412	3.080992
22170	-3443.725	-3613.516	169.791	1.353469	0.478678	0.521322	2.56422
22176	-3451.532	-3621.308	169.7754	1.247426	0.568575	0.431425	2.639514
22182	-3445.915	-3615.247	169.3315	1.362658	0.627386	0.372614	2.840535
22188	-3450.1	-3619.132	169.0319	1.319334	0.534564	0.465436	3.047135
22194	-3439.684	-3608.177	168.4935	1.263029	0.533979	0.466021	3.399128
22200	-3433.112	-3601.713	168.6009	1.264198	0.454038	0.545962	3.335372
22206	-3448.332	-3617.433	169.1008	1.229488	0.454038	0.545962	3.059677
22212	-3446.889	-3615.85	168.9611	1.369161	0.511861	0.488139	3.059677
22218	-3438.337	-3607.764	169.4268	1.437705	0.511861	0.488139	2.736805
22224	-3441.627	-3610.95	169.3234	1.463296	0.57954	0.42046	2.784289
22230	-3444.98	-3615.23	170.2494	1.552983	0.499623	0.500377	2.146326
22236	-3440.425	-3610.725	170.3005	1.515478	0.60971	0.39029	2.137446
22242	-3456.281	-3626.547	170.2653	1.613865	0.640204	0.359796	2.096072
22248	-3455.824	-3626.467	170.6427	1.567842	0.596312	0.403688	1.874576
22254	-3438.362	-3609.213	170.851	1.550822	0.625411	0.374589	1.74233
22260	-3438.781	-3609.233	170.4517	1.458862	0.649646	0.350354	2.075465
22266	-3435.748	-3606.174	170.4267	1.528383	0.59978	0.40022	2.046038
22272	-3439.233	-3609.411	170.1781	1.432147	0.565478	0.434522	2.270534
22278	-3447.321	-3617.895	170.5736	1.493349	0.467254	0.532746	1.971561
22284	-3436.886	-3607.401	170.5148	1.603582	0.44156	0.55844	1.937054
22290	-3432.375	-3603.016	170.6409	1.597678	0.549601	0.450399	1.855419
22296	-3440.17	-3610.564	170.394	1.588983	0.656318	0.343682	2.027583
22302	-3429.138	-3599.963	170.8254	1.653623	0.523704	0.476296	1.687827
22308	-3426.171	-3596.756	170.5846	1.57581	0.523866	0.476134	1.908651
22314	-3430.712	-3601.024	170.3116	1.570796	0.48093	0.51907	2.093949
22320	-3443.09	-3613.026	169.9354	1.358896	0.518081	0.481919	2.47076
22326	-3441.113	-3610.999	169.8856	1.346861	0.613519	0.386481	2.50945
22332	-3437.974	-3607.789	169.8144	1.392604	0.587798	0.412202	2.52534
22338	-3441.975	-3612.195	170.22	1.460477	0.618179	0.381821	2.225349
22344	-3451.871	-3622.09	170.2196	1.499354	0.702419	0.297581	2.200513
22350	-3449.047	-3618.406	169.359	1.285968	0.702419	0.297581	2.870375
22356	-3454.782	-3624.523	169.7407	1.303824	0.709763	0.290237	2.626154
22362	-3455.072	-3624.235	169.1622	1.26233	0.65118	0.34882	3.003226
22368	-3464.682	-3633.393	168.7105	1.34025	0.712532	0.287468	3.225839
22374	-3463.404	-3631.316	167.9126	1.245938	0.594825	0.405175	3.746802
22380	-3449.423	-3617.398	167.9752	1.24021	0.67799	0.32201	3.713982
22386	-3448.094	-3617.023	168.9287	1.214065	0.622889	0.377111	3.171313
22392	-3447.838	-3616.63	168.7926	1.235611	0.7467	0.2533	3.239192
22398	-3446.311	-3615.091	168.7798	1.248425	0.473587	0.526413	3.239192
22404	-3445.835	-3615.38	169.5454	1.380521	0.528291	0.471709	2.69916
22410	-3438.543	-3608.083	169.5392	1.380521	0.689067	0.310933	2.702966
22416	-3453.698	-3624.034	170.3354	1.398985	0.593747	0.406253	2.190506
22422	-3439.758	-3609.552	169.7942	1.445797	0.617064	0.382936	2.504729
22428	-3441.887	-3611.531	169.6433	1.417625	0.667987	0.332013	2.616016
22434	-3452.752	-3622.306	169.5536	1.507263	0.447636	0.552364	2.616016
22440	-3444.931	-3613.087	168.1563	1.071172	0.490108	0.509892	3.707029
22446	-3442.803	-3612.488	169.6849	1.396405	0.648876	0.351124	2.603367
22452	-3447.378	-3617.149	169.7713	1.310022	0.648876	0.351124	2.603367
22458	-3436.278	-3605.199	168.9206	1.281181	0.604175	0.395825	3.136261
22464	-3440.207	-3609.663	169.4557	1.250943	0.535757	0.464243	2.832985
22470	-3434.341	-3603.738	169.3968	1.309837	0.628417	0.371583	2.832985
22476	-3434.729	-3604.202	169.4737	1.482693	0.661939	0.338061	2.680409
22482	-3431.285	-3601.411	170.1255	1.422442	0.612389	0.387611	2.310391
22488	-3430.507	-3599.957	169.4494	1.388369	0.627999	0.372001	2.753125
22494	-3438.537	-3607.388	168.8511	1.280408	0.631576	0.368424	3.177999
22500	-3439.09	-3608.999	169.9081	1.383619	0.501796	0.498204	2.472344
22506	-3446.835	-3616.256	169.421	1.419363	0.633291	0.366709	2.751548
22512	-3448.503	-3617.549	169.0463	1.272121	0.451098	0.548902	3.066754
22518	-3449.571	-3618.637	169.0661	1.188562	0.652919	0.347081	3.104778
22524	-3436.683	-3605.612	168.929	1.294151	0.616207	0.383793	3.123557
22530	-3447.051	-3616.393	169.3419	1.454123	0.572031	0.427969	2.778601
22536	-3445.575	-3615.271	169.6966	1.408386	0.559028	0.440972	2.588732
22542	-3445.861	-3615.182	169.3211	1.42567	0.554627	0.445373	2.808596
22548	-3445.826	-3614.211	168.3849	1.277718	0.592556	0.407444	3.45413
22554	-3448.772	-3617.966	169.1941	1.358971	0.472308	0.527692	2.925938
22560	-3455.137	-3624.41	169.2735	1.413957	0.538597	0.461403	2.844612
22566	-3443.391	-3611.819	168.4278	1.238764	0.728444	0.271556	3.451803
22572	-3455.101	-3625.023	169.9225	1.374865	0.682791	0.317209	2.468845
22578	-3444.246	-3614.642	170.396	1.443446	0.552924	0.447076	2.122104
22584	-3442.482	-3612.501	170.0193	1.443446	0.644911	0.355089	2.364548
22590	-3439.576	-3609.988	170.4114	1.477035	0.644911	0.355089	2.090022
22596	-3426.066	-3596.658	170.5918	1.52825	0.637535	0.362465	1.935918
22602	-3433.232	-3604.177	170.9443	1.58531	0.637535	0.362465	1.651728
22608	-3429.664	-3599.677	170.0127	1.561264	0.59239	0.40761	2.293723
22614	-3430.294	-3600.358	170.0647	1.525235	0.638144	0.361856	2.283542
22620	-3426.794	-3596.975	170.1804	1.383042	0.638144	0.361856	2.300498
22626	-3433.499	-3603.047	169.5487	1.249749	0.569115	0.430885	2.777098
22632	-3433.796	-3603.056	169.2599	1.301477	0.624577	0.375423	2.920911
22638	-3437.465	-3605.832	168.3664	1.101753	0.626677	0.373323	3.56747
22644	-3437.171	-3604.96	167.7882	1.210524	0.626677	0.373323	3.838858
22650	-3440.814	-3608.069	167.2547	1.196394	0.671141	0.328859	4.151877
22656	-3434.563	-3601.926	167.3633	1.193705	0.59823	0.40177	4.091633
22662	-3438.766	-3605.498	166.7322	1.124338	0.674807	0.325193	4.488103
22668	-3433.183	-3600.431	167.2484	1.106517	0.599309	0.400691	4.20649
22674	-3439.411	-3606.837	167.4264	1.023418	0.552746	0.447254	4.152604
22680	-3446.639	-3614.693	168.0536	1.198012	0.62743	0.37257	3.693064
22686	-3438.705	-3606.824	168.1193	1.173018	0.580752	0.419248	3.669486
22692	-3431.192	-3599.097	167.905	1.065236	0.580571	0.419429	3.855214
22698	-3434.19	-3602.471	168.2808	1.11171	0.512418	0.487582	3.611451
22704	-3440.84	-3609.818	168.9788	1.238024	0.595457	0.404543	3.127327
22710	-3444.277	-3611.519	167.2423	0.9746524	0.456274	0.543726	4.28469
22716	-3456.741	-3625.466	168.7254	1.196062	0.703082	0.296918	3.30221
22722	-3448.184	-3617.681	169.4967	1.252284	0.638085	0.361915	2.807226
22728	-3440.276	-3608.887	168.6104	1.232097	0.603842	0.396158	3.348662
22734	-3438.953	-3607.631	168.6772	1.237384	0.757731	0.242269	3.306247
22740	-3451.381	-3618.472	167.091	1.057706	0.757731	0.242269	4.323301
22746	-3447.638	-3615.542	167.9036	1.070141	0.75286	0.24714	3.853245
22752	-3438.761	-3606.558	167.7969	1.17676	0.677134	0.322866	3.853245
22758	-3437.101	-3605.333	168.2317	1.257097	0.670995	0.329005	3.555484
22764	-3441.327	-3610.24	168.9129	1.248055	0.51438	0.48562	3.160521
22770	-3451.21	-3621.038	169.8279	1.293531	0.51438	0.48562	2.57852
22776	-3440.658	-3610.416	169.7582	1.363221	0.617997	0.382003	2.57852
22782	-3438.989	-3608.657	169.6687	1.328059	0.551052	0.448948	2.655567
22788	-3437.549	-3606.87	169.3216	1.395234	0.551052	0.448948	2.826789
22794	-3443.336	-3611.929	168.5928	1.287435	0.702918	0.297082	3.326507
22800	-3435.875	-3604.345	168.4706	1.263257	0.578271	0.421729	3.412416
22806	-3444.745	-3614.299	169.5533	1.247585	0.586593	0.413407	2.77562
22812	-3426.092	-3595.445	169.353	1.21963	0.6352	0.3648	2.914112
22818	-3424.593	-3593.79	169.1966	1.234267	0.6352	0.3648	2.999427
22824	-3429.093	-3597.446	168.3533	1.24976	0.697398	0.302602	3.488891
22830	-3427.616	-3595.837	168.2215	1.15802	0.646956	0.353044	3.618963
22836	-3427.33	-3596.617	169.2874	1.257763	0.687229	0.312771	2.93069
22842	-3438.979	-3607.554	168.5745	1.234204	0.613703	0.386297	3.368506
22848	-3440.475	-3608.331	167.8561	1.13587	0.637964	0.362036	3.842723
22854	-3444.055	-3613.001	168.9456	1.244078	0.515109	0.484891	3.143445
22860	-3444.273	-3614.45	170.1771	1.352451	0.546261	0.453739	2.322085
22866	-3445.033	-3614.961	169.9285	1.481722	0.569849	0.430151	2.39781
22872	-3442.367	-3613.069	170.7013	1.572186	0.624279	0.375721	1.831464
22878	-3438.552	-3609.015	170.4628	1.48726	0.658677	0.341323	2.049372
22884	-3434.525	-3604.898	170.3733	1.576744	0.627064	0.372936	2.049372
22890	-3446.884	-3617.239	170.3547	1.654687	0.627064	0.372936	2.010039
22896	-3433.473	-3603.411	169.9381	1.438722	0.599329	0.400671	2.418886
22902	-3434.109	-3603.285	169.1765	1.285451	0.659517	0.340483	2.980749
22908	-3430.547	-3598.771	168.2234	1.237072	0.588326	0.411674	3.571964
22914	-3434.204	-3603.354	169.1497	1.322166	0.535111	0.464889	2.974786
22920	-3428.492	-3598.333	169.8407	1.330705	0.535111	0.464889	2.547465
22926	-3435.102	-3604.719	169.6172	1.358668	0.692525	0.307475	2.66847
22932	-3416.469	-3587.033	170.5633	1.481789	0.647596	0.352404	1.986235
22938	-3418.435	-3589.37	170.9353	1.73075	0.575749	0.424251	1.552586
22944	-3419.315	-3590.113	170.7981	1.73075	0.521112	0.478888	1.652304
22950	-3435.059	-3605.998	170.939	1.589848	0.591576	0.408424	1.652304
22956	-3436.1	-3605.591	169.4911	1.358411	0.550215	0.449785	2.745941
22962	-3423.199	-3592.868	169.6685	1.361269	0.577234	0.422766	2.635267
22968	-3428.161	-3597.642	169.4813	1.443005	0.599906	0.400094	2.700113
22974	-3430.019	-3599.806	169.7871	1.41376	0.511104	0.488896	2.529178
22980	-3437.884	-3606.867	168.9827	1.353863	0.563392	0.436608	3.055887
22986	-3438.811	-3607.868	169.0567	1.408129	0.592176	0.407824	2.979016
22992	-3429.996	-3598.925	168.9285	1.307596	0.533193	0.466807	3.115864
22998	-3435.757	-3604.992	169.2357	1.191076	0.547511	0.452489	3.001897
23004	-3441.487	-3610.994	169.5074	1.192851	0.57981	0.42019	2.83686
23010	-3434.047	-3602.289	168.242	1.14299	0.57981	0.42019	3.615778
23016	-3448.279	-3616.573	168.2943	1.072269	0.681451	0.318549	3.626477
23022	-3453.701	-3622.265	168.5647	1.149	0.651266	0.348734	3.424234
23028	-3449.92	-3618.785	168.8653	1.253314	0.662131	0.337869	3.185668
23034	-3444.676	-3613.919	169.2435	1.202648	0.529613	0.470387	2.990217
23040	-3454.796	-3624.642	169.8462	1.584788	0.427399	0.572601	2.384662
23046	-3438.603	-3609.712	171.1091	1.66124	0.640623	0.359377	1.474673
23052	-3437.308	-3608.706	171.398	1.634873	0.569563	0.430437	1.267841
23058	-3435.338	-3606.435	171.0969	1.762173	0.621902	0.378098	1.406723
23064	-3429.051	-3600.074	171.0226	1.623549	0.561723	0.438277	1.567249
23070	-3429.032	-3599.755	170.7234	1.550344	0.636455	0.363545	1.831287
23076	-3436.37	-3607.147	170.7772	1.624564	0.590669	0.409331	1.742421
23082	-3436.857	-3606.904	170.0467	1.449351	0.483154	0.516846	2.343448
23088	-3442.833	-3613.34	170.5067	1.480298	0.569498	0.430502	2.024871
23094	-3429.249	-3599.713	170.4645	1.441325	0.640413	0.359587	2.078562
23100	-3435.863	-3606.107	170.2448	1.417831	0.640413	0.359587	2.236895
23106	-3440.507	-3609.766	169.2594	1.361794	0.630665	0.369335	2.884774
23112	-3438.585	-3608.32	169.7345	1.316816	0.55129	0.44871	2.621929
23118	-3436.523	-3606.341	169.8184	1.472333	0.540519	0.459481	2.472968
23124	-3433.413	-3603.95	170.5373	1.565869	0.634238	0.365762	1.94727
23130	-3434.333	-3605.19	170.8569	1.622672	0.554787	0.445213	1.687486
23136	-3430.721	-3601.32	170.5988	1.533838	0.545922	0.454078	1.927444
23142	-3441.155	-3611.673	170.5176	1.55856	0.639189	0.360811	1.96538
23148	-3447.329	-3617.755	170.4257	1.399589	0.647534	0.352466	2.131379
23154	-3434.795	-3605.068	170.2728	1.450466	0.633971	0.366029	2.197725
23160	-3444.222	-3614.417	170.1951	1.493444	0.591754	0.408246	2.220168
23166	-3436.959	-3606.958	169.9989	1.363553	0.585221	0.414779	2.427916
23172	-3430.623	-3600.555	169.9322	1.430309	0.589734	0.410266	2.427916
23178	-3433.359	-3603.266	169.9069	1.44016	0.544545	0.455455	2.437634
23184	-3428.517	-3597.74	169.2231	1.358948	0.578315	0.421685	2.908408
23190	-3436.255	-3605.104	168.8491	1.131707	0.578315	0.421685	3.267205
23196	-3434.022	-3602.855	168.833	1.264585	0.614599	0.385401	3.198103
23202	-3433.962	-3602.903	168.9414	1.315794	0.605367	0.394633	3.103245
23208	-3430.964	-3599.486	168.5219	1.247102	0.568889	0.431111	3.391851
23214	-3426.129	-3595.158	169.0295	1.242043	0.537691	0.462309	3.094703
23220	-3430.315	-3599.807	169.4924	1.255969	0.619153	0.380847	2.807626
23226	-3432.03	-3601.371	169.3407	1.40763	0.587293	0.412707	2.807626
23232	-3436.965	-3606.58	169.6144	1.321238	0.598393	0.401607	2.693176
23238	-3427.526	-3597.296	169.77	1.318957	0.530885	0.469115	2.598653
23244	-3434.326	-3604.428	170.1021	1.431653	0.566225	0.433775	2.319426
23250	-3427.346	-3597.229	169.8832	1.490954	0.566225	0.433775	2.420546
23256	-3435.916	-3605.776	169.8602	1.369359	0.593486	0.406514	2.511281
23262	-3428.792	-3598.106	169.314	1.363875	0.648572	0.351428	2.850466
23268	-3429.351	-3599.226	169.8754	1.388471	0.464461	0.535539	2.489783
23274	-3444.528	-3614.092	169.5642	1.392754	0.464461	0.535539	2.680061
23280	-3443.221	-3613.772	170.5506	1.59147	0.603983	0.396017	1.921057
23286	-3441.273	-3611.932	170.6583	1.57263	0.677503	0.322497	1.860602
23292	-3444.062	-3614.457	170.3948	1.546936	0.509134	0.490866	2.054911
23298	-3437.887	-3608.471	170.5847	1.587383	0.520802	0.479198	1.900713
23304	-3452.915	-3623.214	170.299	1.452162	0.462902	0.537098	2.179608
23310	-3453.106	-3623.973	170.867	1.673181	0.623398	0.376602	1.644181
23316	-3446.689	-3617.351	170.662	1.544566	0.536813	0.463187	1.87726
23322	-3456.256	-3626.807	170.5514	1.634916	0.59101	0.40899	1.891033
23328	-3451.899	-3622.208	170.309	1.447823	0.59101	0.40899	2.175939
23334	-3454.473	-3624.247	169.7735	1.40077	0.531946	0.468054	2.545702
23340	-3448.146	-3617.915	169.7685	1.486646	0.597722	0.402278	2.495252
23346	-3451.467	-3622.041	170.5734	1.516591	0.597722	0.402278	1.956111
23352	-3439.48	-3609.798	170.3185	1.529237	0.560117	0.439883	2.11673
23358	-3439.505	-3609.956	170.4505	1.397181	0.516251	0.483749	2.11673
23364	-3439.276	-3608.667	169.3908	1.344716	0.535743	0.464257	2.815445
23370	-3436.514	-3605.826	169.3118	1.239877	0.600055	0.399945	2.926729
23376	-3439.195	-3608.132	168.9371	1.275848	0.600055	0.399945	3.129596
23382	-3439.748	-3608.698	168.95	1.263042	0.6229	0.3771	3.129596
23388	-3443.583	-3612.516	168.9321	1.227667	0.614548	0.385452	3.16122
23394	-3446.255	-3615.213	168.9584	1.20138	0.571764	0.428236	3.16122
23400	-3448	-3616.95	168.9501	1.202618	0.571764	0.428236	3.165429
23406	-3435.147	-3604.904	169.7568	1.350436	0.526991	0.473009	2.587331
23412	-3438.942	-3608.755	169.8129	1.44131	0.62081	0.37919	2.495871
23418	-3449.643	-3619.605	169.9614	1.411889	0.55084	0.44916	2.421111
23424	-3447.469	-3617.923	170.4535	1.433793	0.55084	0.44916	2.090774
23430	-3444.416	-3614.287	169.8706	1.477977	0.738281	0.261719	2.436658
23436	-3437.087	-3607.548	170.4607	1.56902	0.611494	0.388506	1.996443
23442	-3442.445	-3612.33	169.8855	1.422789	0.433867	0.566133	2.461997
23448	-3440.949	-3611.119	170.1703	1.445938	0.581455	0.418545	2.266687
23454	-3435.382	-3605.014	169.6324	1.32536	0.58773	0.41227	2.679603
23460	-3436.051	-3605.12	169.0692	1.234277	0.623151	0.376849	3.075659
23466	-3431.238	-3600.344	169.1054	1.253523	0.537447	0.462553	3.042527
23472	-3453.646	-3622.495	168.8488	1.436422	0.492177	0.507823	3.086556
23478	-3448.453	-3619.069	170.6167	1.539962	0.450463	0.549537	1.91114
23484	-3442.144	-3612.505	170.3614	1.465903	0.575145	0.424855	2.130069
23490	-3444.421	-3614.787	170.366	1.398016	0.552626	0.447374	2.171301
23496	-3432.867	-3603.222	170.3551	1.489724	0.552626	0.447374	2.118614
23502	-3427.725	-3598.312	170.5875	1.618997	0.581426	0.418574	1.877315
23508	-3434.707	-3604.706	169.9989	1.463777	0.463339	0.536661	2.364602
23514	-3435.967	-3605.307	169.3399	1.382402	0.48701	0.51299	2.82346
23520	-3451.757	-3621.182	169.4249	1.347675	0.498854	0.501146	2.792876
23526	-3434.758	-3604.195	169.4371	1.335514	0.562786	0.437214	2.792876
23532	-3433.464	-3603.044	169.5797	1.373328	0.500302	0.499698	2.6825
23538	-3433.128	-3602.613	169.4849	1.353392	0.572816	0.427184	2.75278
23544	-3447.698	-3617.349	169.6507	1.40197	0.432254	0.567746	2.621105
23550	-3443.173	-3612.796	169.6227	1.358609	0.660716	0.339284	2.665104
23556	-3441.812	-3611.525	169.7123	1.428398	0.660657	0.339343	2.566553
23562	-3440.279	-3609.933	169.6548	1.432356	0.571468	0.428532	2.59979
23568	-3436.542	-3606.181	169.6389	1.415468	0.604662	0.395338	2.620082
23574	-3435.956	-3605.522	169.5654	1.378034	0.624894	0.375106	2.688414
23580	-3437.754	-3607.512	169.7587	1.407183	0.458175	0.541825	2.550942
23586	-3436.816	-3606.606	169.7905	1.432201	0.590013	0.409987	2.515533
23592	-3441.3	-3610.927	169.6272	1.382364	0.595967	0.404033	2.647691
23598	-3439.39	-3609.076	169.6858	1.41757	0.617203	0.382797	2.589706
23604	-3442.701	-3612.622	169.9212	1.42012	0.592955	0.407045	2.441261
23610	-3453.351	-3622.959	169.6078	1.383953	0.540227	0.459773	2.658671
23616	-3451.583	-3620.836	169.2527	1.287167	0.628651	0.371349	2.933846
23622	-3457.685	-3626.65	168.9649	1.287167	0.462325	0.537675	3.106325
23628	-3449.852	-3618.658	168.806	1.287167	0.709272	0.290728	3.200725
23634	-3441.994	-3610.771	168.777	1.31622	0.570714	0.429286	3.200725
23640	-3447.959	-3618.133	170.1734	1.366992	0.614167	0.385833	2.315162
23646	-3456.243	-3627.044	170.8009	1.491767	0.510935	0.489065	1.818236
23652	-3460.077	-3631.129	171.0525	1.731628	0.616244	0.383756	1.464249
23658	-3450.946	-3621.626	170.6799	1.465778	0.616244	0.383756	1.918597
23664	-3444.801	-3614.581	169.7802	1.419412	0.538355	0.461645	2.529943
23670	-3451.876	-3623.17	171.2938	1.808449	0.5956	0.4044	1.209699
23676	-3449.708	-3621.063	171.3554	1.986421	0.501677	0.498323	0.989357
23682	-3443.667	-3614.931	171.2639	1.915783	0.501677	0.498323	1.142315
23688	-3443.188	-3614.522	171.3336	1.936514	0.577844	0.422156	1.059421
23694	-3451.153	-3621.613	170.46	1.548129	0.54315	0.45685	2.010868
23700	-3451.294	-3622.658	171.3638	2.07245	0.398804	0.601196	0.8882488
23706	-3440.23	-3611.626	171.3951	1.991722	0.548951	0.451049	0.9427104
23712	-3444.107	-3615.43	171.3233	1.967549	0.548951	0.451049	1.039661
23718	-3437.033	-3608.429	171.3957	1.903979	0.622784	0.377216	1.031158
23724	-3443.435	-3614.719	171.2834	2.016585	0.590253	0.409747	1.030812
23730	-3448.194	-3619.185	170.9908	1.919113	0.654823	0.345177	1.366974
23736	-3452.709	-3623.763	171.0538	1.856121	0.570125	0.429875	1.366974
23742	-3456.386	-3625.98	169.5941	1.310509	0.5934	0.4066	2.71224
23748	-3451.783	-3621.651	169.8685	1.581366	0.52335	0.47665	2.372731
23754	-3456.721	-3627.969	171.2473	1.881412	0.409755	0.590245	1.186998
23760	-3458.549	-3628.647	170.0976	1.469649	0.456596	0.543404	2.298046
23766	-3436.098	-3606.641	170.5437	1.526969	0.551135	0.448865	1.96906
23772	-3433.989	-3604.446	170.4575	1.48905	0.54977	0.45023	2.051725
23778	-3430.603	-3600.821	170.2182	1.514931	0.541291	0.458709	2.191358
23784	-3439.21	-3609.653	170.4426	1.584305	0.498234	0.501766	1.998331
23790	-3436.146	-3606.677	170.5312	1.603683	0.566778	0.433222	1.925915
23796	-3434.371	-3604.96	170.5885	1.656881	0.562948	0.437052	1.850755
23802	-3440.799	-3610.869	170.07	1.388299	0.633169	0.366831	2.367405
23808	-3435.612	-3605.252	169.6398	1.325708	0.592011	0.407989	2.674845
23814	-3448.282	-3618.143	169.8616	1.412379	0.527269	0.472731	2.483489
23820	-3443.919	-3613.843	169.9245	1.351381	0.560243	0.439757	2.48228
23826	-3450.028	-3619.778	169.7504	1.424737	0.587371	0.412629	2.545176
23832	-3434.089	-3603.92	169.8309	1.344219	0.642061	0.357939	2.545176
23838	-3439.568	-3608.263	168.6948	1.239062	0.570538	0.429462	3.294923
23844	-3441.227	-3611.005	169.7781	1.373346	0.614604	0.385396	2.559908
23850	-3436.844	-3606.275	169.4312	1.28549	0.699763	0.300237	2.826898
23856	-3442.819	-3611.085	168.266	1.242962	0.531892	0.468108	3.543782
23862	-3442.992	-3612.656	169.6648	1.217279	0.52578	0.47422	2.72604
23868	-3430.99	-3600.04	169.05	1.342681	0.572149	0.427851	3.022309
23874	-3431.854	-3601.125	169.2709	1.454224	0.572149	0.427851	2.821764
23880	-3442.361	-3611.764	169.4028	1.322355	0.572149	0.427851	2.821764
23886	-3429.62	-3599.104	169.4839	1.241222	0.545316	0.454684	2.821764
23892	-3432.885	-3602.206	169.3214	1.284446	0.579622	0.420378	2.894032
23898	-3441.026	-3610.662	169.6356	1.343044	0.579622	0.420378	2.666777
23904	-3436.822	-3606.601	169.7783	1.345918	0.579622	0.420378	2.576825
23910	-3460.925	-3630.891	169.9665	1.345918	0.593176	0.406824	2.459382
23916	-3443.724	-3611.422	167.6981	1.260229	0.616315	0.383685	3.862091
23922	-3450.139	-3618.287	168.1485	1.049954	0.513336	0.486664	3.723773
23928	-3438.38	-3607.267	168.8873	1.292256	0.544503	0.455497	3.149487
23934	-3440.884	-3610.27	169.3865	1.410416	0.544503	0.455497	2.778035
23940	-3434.752	-3604.689	169.9374	1.41522	0.566963	0.433037	2.434156
23946	-3444.453	-3614.62	170.1665	1.410961	0.583588	0.416412	2.291512
23952	-3430.83	-3600.665	169.8357	1.357599	0.525518	0.474482	2.53386
23958	-3439.005	-3609.086	170.0808	1.486415	0.675155	0.324845	2.298072
23964	-3435.319	-3605.23	169.911	1.4324	0.506476	0.493524	2.439895
23970	-3442.639	-3610.721	168.0815	1.227645	0.69311	0.30689	3.659782
23976	-3441.47	-3609.618	168.1481	1.134469	0.518084	0.481916	3.675156
23982	-3442.375	-3612.017	169.6411	1.472549	0.509154	0.490846	2.583387
23988	-3436.072	-3606.409	170.3367	1.493321	0.495003	0.504997	2.128313
23994	-3443.931	-3613.847	169.9158	1.38857	0.545623	0.454377	2.464446
24000	-3444.193	-3612.971	168.7789	1.151327	0.596212	0.403788	3.297029
24006	-3443.107	-3611.598	168.4907	1.072515	0.537634	0.462366	3.512126
24012	-3433.906	-3601.825	167.9188	1.115377	0.537634	0.462366	3.818473
24018	-3441.064	-3610.033	168.9683	1.233479	0.41761	0.58239	3.136246
24024	-3435.708	-3604.415	168.7073	1.296578	0.550209	0.449791	3.253578
24030	-3433.379	-3602.382	169.0036	1.244834	0.642568	0.357432	3.108475
24036	-3441.539	-3610.682	169.1436	1.278295	0.496428	0.503572	3.00481
24042	-3452.075	-3622.588	170.5135	1.589241	0.682404	0.317596	1.947532
24048	-3434.794	-3605.424	170.6301	1.65423	0.505782	0.494218	1.824013
24054	-3431.739	-3602.531	170.7921	1.591332	0.58214	0.41786	1.755229
24060	-3437.366	-3608.344	170.9783	1.647504	0.544763	0.455237	1.582093
24066	-3447.714	-3618.258	170.5432	1.522294	0.495401	0.504599	1.972574
24072	-3446.771	-3616.654	169.883	1.342951	0.610301	0.389699	2.513485
24078	-3463.039	-3632.796	169.758	1.468025	0.606968	0.393032	2.513485
24084	-3442.533	-3612.665	170.132	1.49559	0.518436	0.481564	2.259391
24090	-3452.382	-3621.586	169.2046	1.3182	0.653349	0.346651	2.94418
24096	-3441.177	-3609.32	168.143	1.276205	0.597127	0.402873	3.595929
24102	-3449.828	-3618.559	168.7312	1.306948	0.589441	0.410559	3.233352
24108	-3440.497	-3609.867	169.3696	1.333813	0.453805	0.546195	2.834968
24114	-3442.064	-3610.526	168.4617	1.263947	0.461788	0.538212	3.417256
24120	-3426.805	-3595.624	168.8187	1.345498	0.573866	0.426134	3.158601
24126	-3434.774	-3604.402	169.6273	1.427549	0.586496	0.413504	2.619759
24132	-3444.537	-3613.749	169.2118	1.319014	0.62134	0.37866	2.939321
24138	-3448.974	-3618.655	169.6813	1.336561	0.615296	0.384704	2.64256
24144	-3455.792	-3625.532	169.7402	1.366253	0.52087	0.47913	2.587825
24150	-3449.467	-3619.744	170.2762	1.379365	0.569782	0.430218	2.241402
24156	-3443.943	-3613.479	169.5355	1.270024	0.445589	0.554411	2.772793
24162	-3441.753	-3611.31	169.5571	1.265218	0.533168	0.466832	2.762565
24168	-3430.924	-3600.023	169.0984	1.238796	0.573516	0.426484	3.055535
24174	-3430.609	-3599.706	169.0968	1.250247	0.573516	0.426484	3.049606
24180	-3435.734	-3604.61	168.876	1.399921	0.584147	0.415853	3.092118
24186	-3432.233	-3601.871	169.6384	1.473948	0.561433	0.438567	2.584144
24192	-3434.68	-3604.812	170.1316	1.432515	0.561433	0.438567	2.300044
24198	-3438.818	-3608.749	169.9311	1.354346	0.636592	0.363408	2.476296
24204	-3430.985	-3599.891	168.9056	1.278462	0.575016	0.424984	3.146792
24210	-3441.621	-3611.918	170.2966	1.438215	0.575016	0.424984	2.190215
24216	-3435.802	-3605.791	169.9893	1.403343	0.631883	0.368117	2.408891
24222	-3448.58	-3615.14	166.5602	0.9535329	0.677461	0.322539	4.680461
24228	-3446.01	-3612.185	166.1749	1.137702	0.63807	0.36193	4.792932
24234	-3453.572	-3623.495	169.9229	1.448559	0.570267	0.429733	2.422281
24240	-3452.121	-3621.329	169.2083	1.386166	0.543565	0.456435	2.900933
24246	-3440.569	-3610.371	169.8016	1.232221	0.477869	0.522131	2.632753
24252	-3440.559	-3608.878	168.3192	1.216411	0.504908	0.495092	3.528217
24258	-3445.78	-3615.202	169.422	1.234037	0.550309	0.449691	2.863683
24264	-3434.156	-3603.199	169.0423	1.30821	0.550309	0.449691	3.047535
24270	-3435.237	-3604.661	169.4239	1.38963	0.570048	0.429952	2.767895
24276	-3443.125	-3612.477	169.3521	1.235407	0.496787	0.503213	2.905129
24282	-3431.656	-3601.076	169.4209	1.281126	0.539079	0.460921	2.835796
24288	-3443.976	-3613.193	169.2175	1.372754	0.644705	0.355295	2.903467
24294	-3442.215	-3612.11	169.8948	1.434621	0.625676	0.374324	2.448739
24300	-3447.334	-3616.777	169.4432	1.433837	0.606991	0.393009	2.729086
24306	-3445.185	-3612.636	167.4515	1.168057	0.603854	0.396146	4.055974
24312	-3453.342	-3620.19	166.8471	1.125851	0.51868	0.48132	4.422529
24318	-3445.792	-3614.188	168.3953	1.112819	0.600324	0.399676	3.544239
24324	-3437.294	-3605.303	168.0084	1.134559	0.618282	0.381718	3.755829
24330	-3442.929	-3611.46	168.5314	1.167514	0.553162	0.446838	3.432904
24336	-3442.748	-3611.443	168.6951	1.298637	0.627847	0.372153	3.259562
24342	-3447.183	-3616.81	169.6272	1.416521	0.485717	0.514283	2.626614
24348	-3452.026	-3622.045	170.0188	1.351485	0.636777	0.363223	2.423005
24354	-3447.706	-3617.047	169.3417	1.330217	0.696674	0.303326	2.85407
24360	-3446.913	-3616.483	169.5695	1.399495	0.565823	0.434177	2.672691
24366	-3446.997	-3616.513	169.5167	1.303272	0.565823	0.434177	2.764005
24372	-3445.145	-3614.317	169.1717	1.332801	0.585637	0.414363	2.955148
24378	-3439.606	-3609.168	169.5623	1.295544	0.57092	0.42908	2.740847
24384	-3440.351	-3609.869	169.5172	1.340678	0.57092	0.42908	2.740847
24390	-3442.732	-3610.754	168.0219	1.237597	0.505457	0.494543	3.688479
24396	-3432.87	-3602.46	169.5901	1.367704	0.596777	0.403223	2.679577
24402	-3428.695	-3598.39	169.6954	1.36397	0.495643	0.504357	2.61698
24408	-3430.031	-3599.821	169.7894	1.430854	0.494225	0.505775	2.517064
24414	-3438.582	-3607.508	168.9259	1.312461	0.611766	0.388234	3.114467
24420	-3451.205	-3619.053	167.8477	1.088915	0.48657	0.51343	3.874554
24426	-3447.901	-3616.138	168.2366	1.182468	0.549988	0.450012	3.596009
24432	-3443.14	-3611.995	168.8551	1.17459	0.626671	0.373329	3.238336
24438	-3434.77	-3603.947	169.177	1.252781	0.598724	0.401276	3.000075
24444	-3433.544	-3602.618	169.0741	1.269198	0.6625	0.3375	3.051885
24450	-3435.483	-3604.466	168.9829	1.318819	0.494766	0.505234	3.076731
24456	-3436.448	-3605.85	169.402	1.357969	0.494766	0.505234	2.800579
24462	-3439.063	-3608.733	169.6697	1.314874	0.589662	0.410338	2.663085
24468	-3437.848	-3606.956	169.1083	1.284184	0.613992	0.386008	3.022404
24474	-3434.923	-3604.758	169.8354	1.375254	0.613992	0.386008	2.523038
24480	-3441.421	-3611.731	170.3093	1.371046	0.613992	0.386008	2.225443
24486	-3433.287	-3603.558	170.2706	1.521982	0.630419	0.369581	2.15272
24492	-3441.939	-3612.725	170.7862	1.658434	0.58567	0.41433	1.712251
24498	-3429.499	-3600.647	171.1478	1.715669	0.58567	0.41433	1.403326
24504	-3447.471	-3618.552	171.0811	1.724342	0.541985	0.458015	1.448041
24510	-3443.331	-3613.041	169.7099	1.308538	0.553164	0.446836	2.64226
24516	-3456.907	-3627.341	170.434	1.472317	0.527543	0.472457	2.078262
24522	-3453.827	-3624.724	170.8968	1.705776	0.730262	0.269738	1.599027
24528	-3437.229	-3608.156	170.9274	1.546213	0.724112	0.275888	1.691682
24534	-3443.205	-3614.027	170.8214	1.652223	0.732648	0.267352	1.691682
24540	-3434.439	-3605.501	171.0622	1.620427	0.741531	0.258469	1.540327
24546	-3434.527	-3604.573	170.0454	1.42735	0.565924	0.434076	2.358243
24552	-3443.762	-3613.818	170.0556	1.417117	0.548842	0.451158	2.358243
24558	-3437.209	-3606.835	169.6255	1.378216	0.548842	0.451158	2.651311
24564	-3438.315	-3606.97	168.6545	1.229731	0.548842	0.451158	3.32415
24570	-3434.812	-3604.859	170.0475	1.432418	0.505834	0.494166	2.353656
24576	-3441.582	-3611.496	169.9143	1.415019	0.636715	0.363285	2.4488
24582	-3443.37	-3613.158	169.7888	1.540475	0.553225	0.446775	2.4488
24588	-3429.869	-3600.731	170.8619	1.636552	0.47945	0.52055	1.67406
24594	-3437.195	-3607.749	170.5549	1.594908	0.42498	0.57502	1.915822
24600	-3440.458	-3611.431	170.9734	1.630164	0.540604	0.459396	1.598366
24606	-3427.14	-3598.007	170.8676	1.59738	0.599954	0.400046	1.697857
24612	-3423.618	-3594.052	170.4343	1.604107	0.517747	0.482253	1.990677
24618	-3426.51	-3597.471	170.9606	1.662551	0.531141	0.468859	1.584062
24624	-3432.974	-3603.798	170.8246	1.662551	0.60402	0.39598	1.682075
24630	-3433.356	-3604.021	170.6645	1.63727	0.446583	0.553417	1.811988
24636	-3440.261	-3609.915	169.6545	1.304017	0.531388	0.468612	2.679121
24642	-3438.05	-3607.285	169.2352	1.221499	0.54443	0.45557	2.98392
24648	-3442.339	-3610.619	168.2805	1.221499	0.514879	0.485121	3.547797
24654	-3432.694	-3599.866	167.1717	1.158728	0.531071	0.468929	4.220408
24660	-3435.143	-3602.665	167.5219	1.173543	0.565302	0.434698	4.012655
24666	-3431.786	-3600.47	168.6838	1.101809	0.489507	0.510493	3.382075
24672	-3435.453	-3604.625	169.1726	1.261667	0.570274	0.429726	2.997399
24678	-3431.171	-3599.91	168.7396	1.17417	0.524159	0.475841	3.306742
24684	-3450.165	-3619.216	169.0517	1.208413	0.51545	0.48455	3.101545
24690	-3443.878	-3612.899	169.021	1.370897	0.615765	0.384235	3.022779
24696	-3448.995	-3617.269	168.2736	1.193956	0.518533	0.481467	3.567871
24702	-3442.191	-3610.369	168.1778	1.269354	0.512462	0.487538	3.579728
24708	-3437.324	-3605.608	168.2846	1.290257	0.657004	0.342996	3.50533
24714	-3430.177	-3599.613	169.4362	1.272463	0.638914	0.361086	2.831782
24720	-3432.085	-3601.257	169.1718	1.366593	0.638914	0.361086	2.934753
24726	-3429.059	-3598.955	169.8966	1.38691	0.61041	0.38959	2.477496
24732	-3434.135	-3604.064	169.9289	1.354595	0.541959	0.458041	2.477496
24738	-3437.187	-3606.258	169.0714	1.301514	0.660042	0.339958	3.034161
24744	-3439.807	-3608.404	168.5964	1.27921	0.581604	0.418396	3.32919
24750	-3440.245	-3608.428	168.1824	1.104368	0.537134	0.462866	3.672714
24756	-3444.43	-3613.085	168.6548	1.137621	0.537134	0.462866	3.378115
24762	-3443.61	-3613.577	169.9667	1.400345	0.543013	0.456987	2.425024
24768	-3447.532	-3617.46	169.9277	1.412683	0.58669	0.41331	2.441839
24774	-3443.298	-3612.409	169.1113	1.351515	0.543895	0.456105	2.980206
24780	-3437.521	-3606.211	168.69	1.244885	0.463599	0.536401	3.294314
24786	-3439.322	-3608.771	169.4486	1.41915	0.660858	0.339142	2.734769
24792	-3437.079	-3606.975	169.8953	1.352565	0.428003	0.571997	2.49981
24798	-3435.841	-3605.681	169.8402	1.407706	0.617761	0.382239	2.49981
24804	-3428.759	-3598.515	169.7553	1.440395	0.591542	0.408458	2.532342
24810	-3431.121	-3600.343	169.2218	1.296433	0.591542	0.408458	2.946904
24816	-3433.569	-3604.177	170.6083	1.52007	0.591046	0.408954	1.930291
24822	-3442.719	-3613.22	170.5015	1.542761	0.591046	0.408954	1.986738
24828	-3442.542	-3612.525	169.9829	1.552803	0.591353	0.408647	2.318194
24834	-3440.748	-3610.718	169.9702	1.452529	0.587025	0.412975	2.389913
24840	-3443.591	-3612.817	169.2261	1.441546	0.454986	0.545014	2.856634
24846	-3441.491	-3611.157	169.6662	1.348406	0.541883	0.458117	2.644588
24852	-3435.543	-3604.977	169.4339	1.377131	0.630034	0.369966	2.769452
24858	-3435.276	-3604.9	169.6245	1.3654	0.542052	0.457948	2.659828
24864	-3428.65	-3598.375	169.7255	1.374099	0.458432	0.541568	2.592052
24870	-3434.597	-3603.999	169.4011	1.283641	0.506772	0.493228	2.846257
24876	-3447.887	-3615.94	168.053	1.225878	0.566476	0.433524	3.67731
24882	-3439.188	-3607.285	168.0971	1.181738	0.575848	0.424152	3.67731
24888	-3434.761	-3602.059	167.2985	1.121605	0.531743	0.468257	4.169511
24894	-3451.012	-3617.071	166.0591	1.038152	0.625004	0.374996	4.912938
24900	-3445.302	-3612.302	166.9997	1.082204	0.571053	0.428947	4.361027
24906	-3437.819	-3604.792	166.9725	1.109433	0.598441	0.401559	4.361027
24912	-3440.211	-3608.832	168.6212	1.171961	0.525248	0.474752	3.377662
24918	-3430.185	-3599.967	169.782	1.300389	0.525248	0.474752	2.602757
24924	-3444.158	-3614.934	170.7757	1.490277	0.564131	0.435869	1.83664
24930	-3450.888	-3620.966	170.0779	1.453475	0.477689	0.522311	2.320929
24936	-3456.825	-3626.67	169.8444	1.446636	0.593282	0.406718	2.47283
24942	-3441.293	-3611.69	170.3971	1.42339	0.62731	0.37269	2.134545
24948	-3443.46	-3613.864	170.404	1.443529	0.540254	0.459746	2.116832
24954	-3448.595	-3618.124	169.5293	1.333807	0.570868	0.429132	2.737644
24960	-3460.681	-3629.632	168.9509	1.290024	0.618891	0.381109	3.112976
24966	-3459.482	-3627.675	168.1936	1.310083	0.658926	0.341074	3.546837
24972	-3442.623	-3611.065	168.442	1.334022	0.534427	0.465573	3.387726
24978	-3442.546	-3611.316	168.7703	1.284994	0.527803	0.472197	3.223154
24984	-3449.738	-3618.907	169.1694	1.4243	0.606334	0.393666	2.901409
24990	-3433.755	-3603.018	169.2635	1.330186	0.675084	0.324916	2.901409
24996	-3442.809	-3612.65	169.8409	1.389465	0.679916	0.320084	2.510765
25002	-3435.991	-3605.416	169.4255	1.377686	0.540364	0.459636	2.774225
25008	-3447.758	-3617.28	169.5229	1.302322	0.411897	0.588103	2.760772
25014	-3447.984	-3616.57	168.5865	1.332745	0.583998	0.416002	3.303497
25020	-3461.482	-3631.842	170.3598	1.581531	0.664446	0.335554	2.055135
25026	-3441.523	-3611.133	169.6103	1.42532	0.664446	0.335554	2.631628
25032	-3443.697	-3613.936	170.2388	1.490246	0.519686	0.480314	2.193987
25038	-3443.254	-3613.955	170.7007	1.594559	0.612577	0.387423	1.816447
25044	-3442.512	-3613.461	170.9493	1.709736	0.578542	0.421458	1.557711
25050	-3444.687	-3615.948	171.2608	1.950615	0.531457	0.468543	1.113854
25056	-3439.079	-3610.548	171.4685	1.839694	0.568786	0.431214	1.022785
25062	-3440.542	-3611.89	171.3477	2.070489	0.429568	0.570432	0.9086613
25068	-3447.119	-3618.489	171.3709	2.001652	0.499666	0.500334	0.9578189
25074	-3438.985	-3610.347	171.3626	1.948765	0.598123	0.401877	1.019738
25080	-3437.537	-3608.914	171.377	1.943505	0.594682	0.405318	1.010752
25086	-3434.51	-3605.855	171.3452	1.979125	0.505634	0.494366	1.006891
25092	-3434.687	-3605.783	171.0956	1.895636	0.505634	0.494366	1.301931
25098	-3436.908	-3608.176	171.2684	1.797368	0.559773	0.440227	1.240505
25104	-3439.322	-3610.075	170.7526	1.689601	0.480187	0.519813	1.713933
25110	-3443.087	-3613.82	170.7326	1.554531	0.602578	0.397422	1.822059
25116	-3442.673	-3613.403	170.7296	1.55758	0.65538	0.34462	1.822059
25122	-3440.423	-3611.267	170.8441	1.554778	0.543043	0.456957	1.74441
25128	-3440.868	-3611.911	171.0428	1.771431	0.581292	0.418708	1.441316
25134	-3439.417	-3610.523	171.1063	1.734216	0.624531	0.375469	1.421114
25140	-3439.516	-3610.563	171.047	1.624634	0.69125	0.30875	1.548418
25146	-3439.705	-3610.611	170.9059	1.778178	0.69125	0.30875	1.539245
25152	-3440.861	-3612.029	171.1672	1.771111	0.549033	0.450967	1.344502
25158	-3438.938	-3610.153	171.2151	1.827845	0.638312	0.361688	1.259543
25164	-3445.46	-3616.72	171.2601	1.782875	0.651286	0.348714	1.259543
25170	-3443.431	-3614.347	170.9168	1.660562	0.651286	0.348714	1.617357
25176	-3443.665	-3614.654	170.9895	1.662419	0.62363	0.37637	1.562944
25182	-3448.654	-3619.725	171.0716	1.863617	0.636972	0.363028	1.346979
25188	-3440.352	-3611.366	171.0142	1.771507	0.676199	0.323801	1.463085
25194	-3437.177	-3608.291	171.1141	1.592609	0.628062	0.371938	1.522473
25200	-3437.419	-3607.623	170.2044	1.480785	0.618729	0.381271	2.222325
25206	-3427.148	-3597.804	170.6561	1.581955	0.613331	0.386669	1.855766
25212	-3428.718	-3599.272	170.5546	1.57416	0.617612	0.382388	1.930005
25218	-3437.805	-3608.295	170.4904	1.638416	0.694394	0.305606	1.930005
25224	-3445.871	-3616.368	170.4972	1.45258	0.564757	0.435243	2.049567
25230	-3439.221	-3609.432	170.2109	1.456581	0.564757	0.435243	2.233721
25236	-3428.21	-3598.732	170.5219	1.639127	0.564757	0.435243	1.908192
25242	-3432.421	-3602.916	170.4955	1.628117	0.648956	0.351044	1.933496
25248	-3432.508	-3603.138	170.6304	1.55877	0.655898	0.344102	1.889142
25254	-3431.681	-3602.366	170.6854	1.553988	0.632243	0.367757	1.85487
25260	-3431.259	-3601.794	170.5353	1.480353	0.632243	0.367757	2.005857
25266	-3440.652	-3610.631	169.979	1.544015	0.643351	0.356649	2.32624
25272	-3441.004	-3610.963	169.9586	1.513756	0.559086	0.440914	2.358487
25278	-3436.944	-3607.381	170.4376	1.540116	0.633637	0.366363	2.031088
25284	-3428.833	-3599.404	170.5711	1.509352	0.680431	0.319569	1.962524
25290	-3425.5	-3595.882	170.3822	1.46657	0.656356	0.343644	2.116039
25296	-3429.153	-3599.692	170.5396	1.539165	0.656356	0.343644	1.963659
25302	-3442.129	-3612.531	170.4015	1.545165	0.696613	0.303387	2.051596
25308	-3450.312	-3620.215	169.9031	1.503404	0.585953	0.414047	2.400162
25314	-3442.467	-3612.502	170.0348	1.521578	0.574016	0.425984	2.305008
25320	-3437.41	-3606.462	169.0518	1.286963	0.547918	0.452082	3.054592
25326	-3445.564	-3615.375	169.8111	1.317593	0.499789	0.500211	2.574035
25332	-3436.346	-3605.937	169.5915	1.434359	0.605532	0.394468	2.637627
25338	-3434.81	-3603.698	168.8882	1.325307	0.631859	0.368141	3.129278
25344	-3443.116	-3612.136	169.0197	1.329821	0.602292	0.397708	3.048143
25350	-3443.779	-3613.041	169.2615	1.321858	0.602292	0.397708	2.907633
25356	-3442.419	-3611.684	169.2646	1.313423	0.569553	0.430447	2.910853
25362	-3442.513	-3612.082	169.5692	1.384166	0.545806	0.454194	2.682296
25368	-3448.703	-3618.087	169.3833	1.294805	0.528477	0.471523	2.850325
25374	-3447.128	-3615.608	168.4797	1.218583	0.698013	0.301987	3.433238
25380	-3442.259	-3611.976	169.7167	1.165259	0.700547	0.299453	2.726121
25386	-3430.863	-3599.343	168.4797	1.12068	0.645137	0.354863	3.490442
25392	-3427.69	-3597.792	170.102	1.327474	0.592111	0.407889	2.385615
25398	-3432.038	-3601.685	169.6463	1.270247	0.65732	0.34268	2.704916
25404	-3441.104	-3610.1	168.996	1.273002	0.569423	0.430577	3.096243
25410	-3439.907	-3608.145	168.2378	1.177507	0.542917	0.457083	3.598202
25416	-3434.294	-3602.495	168.2001	1.208899	0.701229	0.298771	3.601839
25422	-3434.677	-3602.663	167.9853	1.205436	0.623436	0.376564	3.728264
25428	-3437.831	-3606.223	168.3916	1.11634	0.619738	0.380262	3.544343
25434	-3445.041	-3613.701	168.66	1.236396	0.550352	0.449648	3.316949
25440	-3457.884	-3628.192	170.3078	1.591244	0.557658	0.442342	2.083016
25446	-3449.5	-3619.422	169.9222	1.503504	0.535149	0.464851	2.388037
25452	-3443.154	-3611.441	168.2879	1.299707	0.619831	0.380169	3.497912
25458	-3434.326	-3603.835	169.509	1.276335	0.554746	0.445254	2.785147
25464	-3443.623	-3613.093	169.4701	1.361466	0.691447	0.308553	2.756942
25470	-3432.169	-3601.71	169.5407	1.24044	0.691447	0.308553	2.787672
25476	-3440.922	-3610.587	169.6655	1.391352	0.602251	0.397749	2.618538
25482	-3445.086	-3614.547	169.4613	1.15784	0.547004	0.452996	2.886028
25488	-3434.785	-3603.638	168.8531	1.295352	0.587923	0.412077	3.167988
25494	-3431.735	-3600.921	169.1861	1.328876	0.684376	0.315624	2.948838
25500	-3435.592	-3604.838	169.2452	1.284107	0.649522	0.350478	2.940209
25506	-3430.619	-3600.024	169.4049	1.382138	0.58377	0.41623	2.784099
25512	-3430.843	-3600.567	169.7239	1.419225	0.651377	0.348623	2.565072
25518	-3437.289	-3605.882	168.5921	1.090178	0.521682	0.478318	3.442616
25524	-3438.828	-3607.462	168.6337	1.048594	0.677225	0.322775	3.442616
25530	-3429.767	-3597.575	167.808	1.11928	0.62965	0.37035	3.879881
25536	-3445.97	-3614.169	168.1994	1.280487	0.69105	0.30895	3.560662
25542	-3435.31	-3603.338	168.0281	1.235875	0.459278	0.540722	3.685884
25548	-3431.57	-3600.584	169.0134	1.23697	0.5928	0.4072	3.107314
25554	-3442.148	-3611.132	168.9843	1.266104	0.521684	0.478316	3.107314
25560	-3436.464	-3605.158	168.6933	1.170139	0.485514	0.514486	3.336347
25566	-3430.087	-3598.28	168.1938	1.151206	0.549402	0.450598	3.639017
25572	-3436.131	-3605.196	169.0646	1.29168	0.652635	0.347365	3.044076
25578	-3440.159	-3609.395	169.2361	1.300672	0.467352	0.532648	2.935705
25584	-3428.394	-3597.529	169.1344	1.22502	0.539946	0.460054	3.042221
25590	-3435.108	-3604.105	168.9964	1.343578	0.629264	0.370736	3.053855
25596	-3434.887	-3604.384	169.4968	1.336228	0.508925	0.491075	2.756048
25602	-3438.042	-3607.747	169.7052	1.319507	0.590444	0.409556	2.638357
25608	-3441.835	-3611.488	169.6529	1.355109	0.590444	0.409556	2.648686
25614	-3445.083	-3613.26	168.1768	1.109619	0.538246	0.461754	3.672898
25620	-3442.456	-3610.634	168.178	1.18534	0.595754	0.404246	3.628386
25626	-3443.815	-3612.205	168.3901	1.146928	0.584056	0.415944	3.527397
25632	-3434.366	-3603.102	168.7359	1.173905	0.584056	0.415944	3.309078
25638	-3444.89	-3612.992	168.1015	1.263218	0.697512	0.302488	3.62755
25644	-3456.032	-3625.169	169.1362	1.42256	0.476605	0.523395	2.922469
25650	-3442.662	-3612.595	169.9336	1.515512	0.537701	0.462299	2.373208
25656	-3430.955	-3601.581	170.6262	1.446443	0.647804	0.352196	1.967795
25662	-3431.546	-3601.573	170.0275	1.34263	0.7873	0.2127	2.423124
25668	-3428.018	-3598.458	170.4395	1.400401	0.701658	0.298342	2.121823
25674	-3437.687	-3607.168	169.481	1.274159	0.691278	0.308722	2.80347
25680	-3438.369	-3607.81	169.4417	1.313487	0.623468	0.376532	2.80347
25686	-3439.621	-3609.339	169.7181	1.282027	0.538974	0.461026	2.653512
25692	-3435.878	-3605.626	169.7476	1.306892	0.590397	0.409603	2.619991
25698	-3429.474	-3599.211	169.7373	1.336061	0.601565	0.398435	2.608284
25704	-3437.079	-3606.739	169.6599	1.386869	0.643017	0.356983	2.624767
25710	-3438.97	-3608.711	169.741	1.373284	0.520293	0.479707	2.582953
25716	-3436.788	-3606.719	169.9306	1.307493	0.546738	0.453262	2.505893
25722	-3434.461	-3604.506	170.0448	1.292692	0.721288	0.278712	2.443635
25728	-3432.474	-3602.392	169.9176	1.419917	0.528974	0.471026	2.443635
25734	-3438.353	-3608.161	169.8071	1.40705	0.586488	0.413512	2.520879
25740	-3431.48	-3601.317	169.8367	1.398283	0.581744	0.418256	2.50787
25746	-3429.342	-3599.237	169.895	1.33993	0.626825	0.373175	2.50787
25752	-3431.924	-3601.6	169.6763	1.258899	0.560171	0.439829	2.693469
25758	-3449.588	-3617.648	168.0597	1.279954	0.475217	0.524783	3.642082
25764	-3440.189	-3609.304	169.1148	1.293124	0.555179	0.444821	3.013166
25770	-3445.602	-3613.791	168.1896	1.362142	0.555179	0.444821	3.518864
25776	-3431.311	-3600.777	169.466	1.322023	0.555179	0.444821	2.78346
25782	-3438.738	-3608.505	169.7672	1.356695	0.557885	0.442115	2.577019
25788	-3447.341	-3617.388	170.0473	1.35497	0.557885	0.442115	2.402841
25794	-3440.32	-3609.641	169.3207	1.35497	0.631111	0.368889	2.851779
25800	-3436.706	-3606.08	169.3746	1.395049	0.527649	0.472351	2.794654
25806	-3436.191	-3606.282	170.0911	1.428184	0.571596	0.428404	2.328656
25812	-3438.223	-3608.939	170.7152	1.647296	0.458153	0.541847	1.769862
25818	-3443.489	-3613.855	170.366	1.55645	0.685458	0.314542	2.067623
25824	-3435.832	-3606.348	170.5156	1.495398	0.583842	0.416158	2.008949
25830	-3440.393	-3610.409	170.0164	1.425439	0.522272	0.477728	2.377787
25836	-3448.916	-3618.853	169.937	1.504862	0.501931	0.498069	2.377787
25842	-3445.044	-3614.982	169.9372	1.504634	0.555459	0.444541	2.377787
25848	-3445.476	-3615.808	170.332	1.516378	0.604384	0.395616	2.116301
25854	-3442.537	-3612.679	170.1418	1.454099	0.629007	0.370993	2.27974
25860	-3444.337	-3614.598	170.2611	1.390408	0.560953	0.439047	2.243997
25866	-3434.196	-3604.367	170.1709	1.526828	0.607781	0.392219	2.214219
25872	-3436.98	-3607.439	170.4581	1.598101	0.684588	0.315412	1.978777
25878	-3429.97	-3600.894	170.9242	1.619091	0.676295	0.323705	1.641922
25884	-3432.298	-3603.177	170.8787	1.537734	0.550832	0.449168	1.732099
25890	-3438.022	-3608.828	170.8065	1.603004	0.6405	0.3595	1.736948
25896	-3446.622	-3617.428	170.8065	1.603004	0.514296	0.485704	1.736948
25902	-3434.522	-3604.722	170.2005	1.555185	0.61905	0.38095	2.176674
25908	-3433.394	-3603.518	170.1247	1.545985	0.622852	0.377148	2.231707
25914	-3441.373	-3612.08	170.7071	1.455231	0.46609	0.53391	1.907296
25920	-3427.451	-3598.216	170.7651	1.623379	0.559677	0.440323	1.751712
25926	-3446.226	-3616.385	170.1592	1.457251	0.605941	0.394059	2.266519
25932	-3441.784	-3611.307	169.5228	1.404025	0.545094	0.454906	2.698614
25938	-3440.095	-3610.39	170.2952	1.448116	0.545094	0.454906	2.184715
25944	-3435.298	-3605.406	170.1081	1.519898	0.499593	0.500407	2.259123
25950	-3422.779	-3591.584	168.8059	1.318041	0.45141	0.54859	3.182514
25956	-3447.054	-3616.43	169.3762	1.292032	0.662969	0.337031	2.856313
25962	-3459.336	-3629.112	169.7754	1.168767	0.469926	0.530074	2.687927
25968	-3438.367	-3607.019	168.6518	1.230583	0.561815	0.438185	3.325228
25974	-3432.48	-3601.445	168.9644	1.210622	0.601947	0.398053	3.152181
25980	-3438.191	-3607.75	169.5588	1.282757	0.560711	0.439289	2.750786
25986	-3442.823	-3612.744	169.9203	1.374419	0.570292	0.429708	2.470512
25992	-3451.262	-3620.92	169.6588	1.332744	0.654203	0.345797	2.65878
25998	-3443.799	-3613.766	169.9673	1.365772	0.631746	0.368254	2.446398
26004	-3446.67	-3616.67	169.9994	1.367557	0.5461	0.4539	2.425072
26010	-3444.149	-3613.745	169.5959	1.369164	0.526179	0.473821	2.675084
26016	-3436.493	-3605.283	168.79	1.227661	0.553831	0.446169	3.245419
26022	-3432.413	-3600.716	168.303	1.166836	0.618808	0.381192	3.566527
26028	-3437.19	-3605.388	168.1982	1.200976	0.561187	0.438813	3.607573
26034	-3435.736	-3605.16	169.4238	1.37876	0.508366	0.491634	2.774597
26040	-3433.931	-3603.738	169.8079	1.306493	0.652646	0.347354	2.582882
26046	-3442.553	-3610.414	167.8604	1.30037	0.679317	0.320683	3.745519
26052	-3432.985	-3601.276	168.291	1.13907	0.563631	0.436369	3.589648
26058	-3432.775	-3601.234	168.4586	1.151481	0.639967	0.360033	3.484817
26064	-3428.65	-3597.417	168.7678	1.168189	0.531802	0.468198	3.293662
26070	-3438.629	-3607.425	168.796	1.112004	0.568058	0.431942	3.310139
26076	-3435.902	-3605.279	169.3766	1.275638	0.53844	0.46156	2.865957
26082	-3444.075	-3612.808	168.733	1.267653	0.741269	0.258731	3.255508
26088	-3428.965	-3598.673	169.7081	1.316296	0.538213	0.461787	2.638547
26094	-3437.094	-3606.711	169.6164	1.330133	0.644655	0.355345	2.686463
26100	-3445.767	-3615.411	169.6433	1.303238	0.61678	0.38322	2.686463
26106	-3436.235	-3605.934	169.6992	1.365762	0.578454	0.421546	2.613477
26112	-3437.358	-3606.228	168.8701	1.287109	0.618271	0.381729	3.162762
26118	-3448.668	-3617.478	168.8099	1.358607	0.411822	0.588178	3.156058
26124	-3451.499	-3619.355	167.856	1.130803	0.551377	0.448623	3.845698
26130	-3444.885	-3613.305	168.4201	1.293399	0.551377	0.448623	3.424342
26136	-3442.475	-3611.92	169.4445	1.32945	0.528574	0.471426	2.792032
26142	-3446.209	-3614.878	168.6691	1.303954	0.696628	0.303372	3.271782
26148	-3441.135	-3610.478	169.3428	1.302858	0.580037	0.419963	2.869974
26154	-3433.604	-3603.753	170.1493	1.419707	0.533938	0.466062	2.296913
26160	-3435.529	-3606.171	170.6422	1.419707	0.606505	0.393495	1.974936
26166	-3440.759	-3610.965	170.2059	1.354121	0.57532	0.42468	2.302676
26172	-3435.246	-3605.586	170.34	1.410521	0.671285	0.328715	2.180034
26178	-3434.261	-3604.592	170.3311	1.41949	0.617095	0.382905	2.180034
26184	-3444.314	-3614.67	170.3558	1.44011	0.520408	0.479592	2.150548
26190	-3446.338	-3616.433	170.0947	1.333914	0.703892	0.296108	2.386163
26196	-3453.796	-3623.773	169.9769	1.309487	0.606896	0.393104	2.475731
26202	-3446.132	-3616.106	169.9744	1.47219	0.553176	0.446824	2.374774
26208	-3453.496	-3623.356	169.8593	1.357546	0.470855	0.529145	2.519181
26214	-3452.839	-3622.644	169.8053	1.36206	0.565386	0.434614	2.550039
26220	-3449.376	-3618.68	169.3038	1.241637	0.658346	0.341654	2.930483
26226	-3458.098	-3625.933	167.8353	1.164195	0.558318	0.441682	3.838417
26232	-3446.089	-3615.379	169.29	1.30459	0.569383	0.430617	2.900868
26238	-3458.683	-3628.666	169.983	1.430739	0.588669	0.411331	2.395602
26244	-3451.794	-3621.845	170.0506	1.363163	0.515242	0.484758	2.395602
26250	-3454.213	-3623.345	169.1317	1.282514	0.37724	0.62276	3.009407
26256	-3446.504	-3615.782	169.2774	1.292304	0.593765	0.406235	2.91585
26262	-3447.587	-3617.067	169.4807	1.338139	0.449015	0.550985	2.764698
26268	-3442.195	-3611.677	169.4824	1.3364	0.540547	0.459453	2.764698
26274	-3440.129	-3609.011	168.8822	1.271282	0.609228	0.390772	3.164979
26280	-3435.553	-3603.544	167.9906	1.215442	0.627517	0.372483	3.719421
26286	-3428.272	-3596.082	167.8107	1.164922	0.446145	0.553855	3.852119
26292	-3438.215	-3605.547	167.3324	1.124677	0.456685	0.543315	4.14845
26298	-3430.719	-3600.365	169.6456	1.270804	0.575327	0.424673	2.704998
26304	-3431.861	-3601.814	169.953	1.41989	0.583468	0.416532	2.421346
26310	-3453.308	-3623.064	169.7563	1.445235	0.59119	0.40881	2.528757
26316	-3459.952	-3629.894	169.9415	1.259971	0.556305	0.443695	2.528757
26322	-3447.495	-3617.009	169.5134	1.366808	0.640667	0.359333	2.72714
26328	-3443.976	-3613.745	169.7691	1.421561	0.609773	0.390227	2.535534
26334	-3440.683	-3610.048	169.3655	1.275294	0.532677	0.467323	2.87288
26340	-3456.659	-3626.038	169.3786	1.293734	0.533935	0.466065	2.853781
26346	-3442.806	-3612.335	169.5287	1.351501	0.555272	0.444728	2.727155
26352	-3443.763	-3613.283	169.5207	1.267572	0.523479	0.476521	2.783302
26358	-3448.591	-3616.087	167.4964	1.094101	0.544348	0.455652	4.072532
26364	-3444.263	-3612.542	168.2791	1.164203	0.62189	0.37811	3.581946
26370	-3452.907	-3620.233	167.3261	1.112739	0.443798	0.556202	4.158817
26376	-3467.927	-3635.865	167.9378	1.111324	0.499845	0.500155	3.809897
26382	-3453.273	-3622.233	168.9599	1.333128	0.591118	0.408882	3.081924
26388	-3443.172	-3612.799	169.6268	1.340867	0.615408	0.384592	2.673529
26394	-3451.284	-3621.019	169.7355	1.422765	0.605156	0.394844	2.555689
26400	-3447.441	-3617.961	170.5192	1.445513	0.395949	0.604051	2.039695
26406	-3434.698	-3605.239	170.5405	1.442279	0.653277	0.346723	2.02769
26412	-3435.231	-3605.314	170.0827	1.456521	0.54794	0.45206	2.315913
26418	-3436.463	-3606.394	169.9308	1.382761	0.650154	0.349846	2.458664
26424	-3435.886	-3606.285	170.3983	1.50855	0.68069	0.31931	2.077905
26430	-3431.593	-3602.715	171.1224	1.684274	0.600593	0.399407	1.447065
26436	-3441.859	-3612.914	171.0551	1.761306	0.623759	0.376241	1.439621
26442	-3449.284	-3620.316	171.0315	1.790372	0.529778	0.470222	1.435461
26448	-3454.131	-3624.988	170.8578	1.722475	0.661689	0.338311	1.615277
26454	-3455.457	-3626.379	170.9214	1.616801	0.533691	0.466309	1.64557
26460	-3442.087	-3613.391	171.3034	1.697348	0.533691	0.466309	1.294253
26466	-3438.245	-3609.217	170.9719	1.54486	0.672181	0.327819	1.660975
26472	-3441.306	-3611.797	170.4905	1.436627	0.627898	0.372102	2.064511
26478	-3433.316	-3603.851	170.5346	1.526848	0.627898	0.372102	1.975289
26484	-3433.418	-3603.696	170.2777	1.395113	0.617329	0.382671	2.230328
26490	-3442.816	-3613.051	170.2351	1.437637	0.603634	0.396366	2.230328
26496	-3436.58	-3607.451	170.8716	1.590923	0.548979	0.451021	1.699532
26502	-3435.302	-3605.952	170.6502	1.526226	0.533171	0.466829	1.897785
26508	-3440.787	-3611.263	170.4768	1.499153	0.477551	0.522449	2.032237
26514	-3445.704	-3616.134	170.4298	1.529968	0.508909	0.491091	2.042974
26520	-3443.501	-3614.111	170.6102	1.339908	0.565184	0.434816	2.049327
26526	-3434.045	-3604.331	170.2864	1.482529	0.53265	0.46735	2.1681
26532	-3448.314	-3618.553	170.2388	1.411929	0.568944	0.431056	2.244501
26538	-3433.402	-3603.561	170.1587	1.455673	0.576242	0.423758	2.267889
26544	-3429.176	-3598.213	169.0362	1.27619	0.502856	0.497144	3.070316
26550	-3444.859	-3613.8	168.9405	1.162995	0.628153	0.371847	3.194629
26556	-3443.064	-3612.203	169.1391	1.253346	0.555465	0.444535	3.02243
26562	-3443.1	-3611.89	168.7904	1.23734	0.535128	0.464872	3.239497
26568	-3442.544	-3611.983	169.439	1.367408	0.574567	0.425433	2.772244
26574	-3449.1	-3619.612	170.5112	1.434675	0.581392	0.418608	2.052179
26580	-3443.643	-3613.724	170.0814	1.464173	0.601613	0.398387	2.311891
26586	-3438.069	-3607.543	169.4747	1.450858	0.437417	0.562583	2.699356
26592	-3438.967	-3608.67	169.7024	1.301753	0.452969	0.547031	2.651039
26598	-3446.656	-3615.851	169.1949	1.23015	0.766409	0.233591	3.002892
26604	-3444.625	-3613.93	169.3045	1.277369	0.576409	0.423591	2.908516
26610	-3430.64	-3600.172	169.5324	1.2454	0.58813	0.41187	2.789715
26616	-3438.996	-3608.824	169.8276	1.333855	0.605127	0.394873	2.553681
26622	-3440.482	-3610.395	169.9124	1.369718	0.475615	0.524385	2.478405
26628	-3431.868	-3600.801	168.9332	1.34248	0.458357	0.541643	3.092246
26634	-3429.813	-3598.717	168.9035	1.23223	0.54991	0.45009	3.175514
26640	-3424.818	-3594.086	169.2682	1.325645	0.535328	0.464672	2.901304
26646	-3440.611	-3610.322	169.7107	1.350325	0.610313	0.389687	2.615943
26652	-3444.052	-3613.664	169.612	1.453978	0.44823	0.55177	2.612851
26658	-3442.733	-3612.814	170.0813	1.550863	0.629546	0.370454	2.256431
26664	-3447.352	-3617.053	169.7009	1.49555	0.634759	0.365241	2.531928
26670	-3443.248	-3612.927	169.6789	1.393311	0.539338	0.460662	2.609008
26676	-3444.077	-3613.078	169.0005	1.282288	0.585352	0.414648	3.088014
26682	-3441.11	-3609.961	168.851	1.246212	0.522948	0.477052	3.198356
26688	-3442.17	-3610.64	168.4706	1.25255	0.62858	0.37142	3.418724
26694	-3441.666	-3610.446	168.7801	1.31539	0.462327	0.537673	3.199382
26700	-3440.319	-3609.42	169.1012	1.267703	0.525767	0.474233	3.036562
26706	-3437.351	-3606.45	169.0993	1.269558	0.497827	0.502173	3.036562
26712	-3441.966	-3611.518	169.552	1.293376	0.630429	0.369571	2.748456
26718	-3434.994	-3603.943	168.9491	1.344602	0.630429	0.369571	3.081483
26724	-3426.778	-3595.74	168.9623	1.25049	0.524035	0.475965	3.129735
26730	-3424.256	-3593.805	169.5496	1.41168	0.574905	0.425095	2.677452
26736	-3425.054	-3594.479	169.4252	1.255381	0.630741	0.369259	2.848829
26742	-3432.037	-3601.305	169.2683	1.315262	0.523908	0.476092	2.907495
26748	-3423.991	-3593.542	169.5506	1.339472	0.540059	0.459941	2.721142
26754	-3432.621	-3602.442	169.8217	1.322134	0.540299	0.459701	2.564617
26760	-3438.431	-3608.276	169.8451	1.389038	0.540299	0.459701	2.508384
26766	-3430.895	-3600.512	169.6171	1.369476	0.651506	0.348494	2.66188
26772	-3433.615	-3602.973	169.3582	1.409408	0.570682	0.429318	2.79592
26778	-3427.261	-3597.803	170.542	1.568583	0.490762	0.509238	1.942265
26784	-3429.205	-3599.735	170.5302	1.58039	0.490762	0.509238	1.942265
26790	-3439.139	-3609.244	170.1051	1.475255	0.475776	0.524224	2.289662
26796	-3439.209	-3609.73	170.5204	1.403445	0.6416	0.3584	2.066665
26802	-3424.914	-3593.328	168.4144	1.179113	0.628962	0.371038	3.494464
26808	-3432.624	-3601.402	168.7782	1.179412	0.503301	0.496699	3.280866
26814	-3433.852	-3602.571	168.7191	1.238588	0.603858	0.396142	3.280866
26820	-3455.41	-3625.951	170.5415	1.55033	0.501154	0.498846	1.954892
26826	-3446.394	-3616.993	170.5988	1.581896	0.598837	0.401163	1.894869
26832	-3443.68	-3614.184	170.5036	1.64746	0.634183	0.365817	1.914967
26838	-3442.414	-3613.158	170.7436	1.618165	0.498071	0.501929	1.77033
26844	-3440.084	-3610.115	170.0311	1.462468	0.498071	0.501929	2.344983
26850	-3438.35	-3608.975	170.6257	1.520299	0.498071	0.501929	1.918387
26856	-3449.802	-3620.085	170.2833	1.520299	0.59348	0.40652	2.145514
26862	-3438.097	-3608.182	170.0851	1.477797	0.59348	0.40652	2.300806
26868	-3432.307	-3603.053	170.7457	1.493192	0.480249	0.519751	1.855189
26874	-3446.475	-3616.863	170.3874	1.505649	0.554718	0.445282	2.086947
26880	-3448.121	-3616.981	168.8597	1.152874	0.67854	0.32146	3.248466
26886	-3454.714	-3621.959	167.2452	1.025218	0.506605	0.493395	4.254424
26892	-3448.878	-3616.152	167.2739	1.066572	0.534218	0.465782	4.214688
26898	-3448.302	-3615.522	167.22	1.102803	0.536707	0.463293	4.224731
26904	-3445.298	-3612.721	167.4235	1.098922	0.505994	0.494006	4.111327
26910	-3442.133	-3609.519	167.3864	1.135952	0.594649	0.405351	4.111327
26916	-3448.014	-3615.182	167.1677	0.9750251	0.592914	0.407086	4.326676
26922	-3447.119	-3616.324	169.2053	1.20739	0.628337	0.371663	3.010305
26928	-3441.332	-3611.788	170.4558	1.478543	0.628337	0.371663	2.059775
26934	-3434.561	-3605.008	170.4466	1.48773	0.612702	0.387298	2.059775
26940	-3432.439	-3602.838	170.3992	1.497132	0.611273	0.388727	2.084849
26946	-3435.418	-3605.759	170.3407	1.537624	0.531103	0.468897	2.096638
26952	-3435.017	-3605.361	170.344	1.484224	0.556432	0.443568	2.129479
26958	-3445.711	-3616.182	170.4714	1.522238	0.586145	0.413855	2.0205
26964	-3436.448	-3606.595	170.1469	1.446309	0.515091	0.484909	2.281468
26970	-3445.619	-3614.769	169.1505	1.369759	0.596724	0.403276	2.945661
26976	-3438.258	-3607.107	168.8493	1.212581	0.654577	0.345423	3.219256
26982	-3435.516	-3604.986	169.4703	1.364978	0.514361	0.485639	2.754631
26988	-3443.656	-3613.203	169.5467	1.287761	0.561217	0.438783	2.755166
26994	-3447.972	-3616.969	168.9973	1.245781	0.62547	0.37453	3.111694
27000	-3441.375	-3609.463	168.0881	1.174674	0.548711	0.451289	3.686586
27006	-3436.492	-3605.238	168.7459	1.22414	0.599323	0.400677	3.273549
27012	-3430.061	-3601.036	170.9753	1.746116	0.578288	0.421712	1.511471
27018	-3429.088	-3599.372	170.2839	1.486966	0.577027	0.422973	2.166865
27024	-3436.284	-3605.39	169.1058	1.297193	0.494351	0.505649	3.016105
27030	-3430.527	-3600.437	169.9104	1.424123	0.533951	0.466049	2.445525
27036	-3438.756	-3609.089	170.333	1.438587	0.528897	0.471103	2.166376
27042	-3441.897	-3612.258	170.3611	1.446992	0.643479	0.356521	2.142579
27048	-3439.008	-3608.624	169.6156	1.350063	0.585677	0.414323	2.674729
27054	-3431.687	-3601.475	169.7879	1.405979	0.585677	0.414323	2.533522
27060	-3434.497	-3604.205	169.7077	1.407637	0.439619	0.560381	2.582346
27066	-3440.331	-3610.574	170.2437	1.385403	0.593714	0.406286	2.258411
27072	-3444.515	-3615.426	170.9117	1.601661	0.593714	0.406286	1.66337
27078	-3446.162	-3616.78	170.6179	1.621552	0.570587	0.429413	1.854834
27084	-3434.065	-3604.824	170.7585	1.554968	0.529123	0.470877	1.803892
27090	-3434.775	-3605.85	171.0749	1.509965	0.529123	0.470877	1.61192
27096	-3426.854	-3597.209	170.3551	1.496796	0.517751	0.482249	2.114002
27102	-3431.201	-3601.465	170.2643	1.609993	0.491959	0.508041	2.099281
27108	-3432.36	-3602.996	170.6366	1.61935	0.667852	0.332148	1.843521
27114	-3433.435	-3604.066	170.6314	1.62532	0.634139	0.365861	1.842944
27120	-3440.173	-3610.228	170.055	1.486265	0.654929	0.345071	2.314656
27126	-3441.25	-3611.34	170.0904	1.416823	0.624589	0.375411	2.336346
27132	-3443.849	-3612.54	168.6906	1.327729	0.624589	0.375411	3.245028
27138	-3444.857	-3613.315	168.458	1.124008	0.632656	0.367344	3.501188
27144	-3433.158	-3601.532	168.3738	1.209806	0.722688	0.277312	3.500259
27150	-3441.941	-3612.393	170.4524	1.457618	0.466971	0.533029	2.075809
27156	-3433.775	-3604.078	170.3022	1.511097	0.600003	0.399997	2.139238
27162	-3431.743	-3602.276	170.5334	1.59686	0.667101	0.332899	1.929031
27168	-3455.538	-3626.047	170.5089	1.564736	0.647308	0.352692	1.96708
27174	-3440.581	-3611.454	170.8733	1.619429	0.564919	0.435081	1.678078
27180	-3433.089	-3604.038	170.9493	1.653566	0.564919	0.435081	1.598836
27186	-3447.426	-3618.146	170.7193	1.612213	0.566717	0.433283	1.791408
27192	-3440.393	-3611.513	171.1205	1.6923	0.600337	0.399663	1.442356
27198	-3433.275	-3604.103	170.828	1.583501	0.517853	0.482147	1.73552
27204	-3439.102	-3610.165	171.0633	1.651569	0.517853	0.482147	1.516394
27210	-3428.103	-3598.971	170.8677	1.651569	0.537609	0.462391	1.659148
27216	-3432.61	-3603.279	170.6686	1.653806	0.586328	0.413672	1.797687
27222	-3434.154	-3604.963	170.8087	1.567002	0.652413	0.347587	1.760649
27228	-3426.356	-3597.278	170.9226	1.572196	0.604391	0.395609	1.676616
27234	-3431.875	-3602.452	170.5767	1.645927	0.529232	0.470768	1.86634
27240	-3437.458	-3608.245	170.7867	1.645091	0.607665	0.392335	1.721293
27246	-3443.404	-3613.946	170.5421	1.633624	0.607665	0.392335	1.898269
27252	-3439.855	-3610.226	170.3711	1.635408	0.662207	0.337793	2.01193
27258	-3438.779	-3609.56	170.7807	1.546401	0.516832	0.483168	1.794452
27264	-3442.523	-3613.317	170.7933	1.533818	0.616172	0.383828	1.794452
27270	-3434.79	-3604.191	169.4015	1.338635	0.528532	0.471468	2.812652
27276	-3442.169	-3610.354	168.1852	1.254448	0.559981	0.440019	3.584085
27282	-3444.554	-3614.749	170.1953	1.474633	0.744402	0.255598	2.232142
27288	-3439.195	-3609.763	170.5677	1.461007	0.51329	0.48671	1.997178
27294	-3431.45	-3601.683	170.2332	1.426339	0.596394	0.403606	2.238874
27300	-3426.318	-3596.518	170.2003	1.459164	0.581819	0.418181	2.238874
27306	-3432.111	-3601.821	169.7098	1.316758	0.656532	0.343468	2.637243
27312	-3440.111	-3609.782	169.6709	1.355625	0.66054	0.33946	2.637243
27318	-3429.976	-3600.265	170.2894	1.39385	0.547571	0.452429	2.223577
27324	-3424.721	-3594.638	169.9172	1.403673	0.695774	0.304226	2.454062
27330	-3424.183	-3594.086	169.9031	1.417834	0.647163	0.352837	2.454062
27336	-3437.971	-3608.401	170.4305	1.568091	0.588657	0.411343	2.017174
27342	-3450.399	-3620.448	170.0487	1.495857	0.714541	0.285459	2.312511
27348	-3442.211	-3612.368	170.1565	1.388093	0.509479	0.490521	2.312511
27354	-3436.079	-3605.926	169.8474	1.392864	0.611783	0.388217	2.504582
27360	-3445.69	-3614.994	169.3038	1.373454	0.611783	0.388217	2.850789
27366	-3435.308	-3604.771	169.4627	1.286861	0.611783	0.388217	2.806889
27372	-3446.921	-3616.705	169.7847	1.406255	0.611783	0.388217	2.535326
27378	-3443.093	-3612.831	169.7386	1.362481	0.561151	0.438849	2.591121
27384	-3443.243	-3613.071	169.828	1.461502	0.636002	0.363998	2.473762
27390	-3435.75	-3605.891	170.1412	1.471874	0.564849	0.435151	2.268688
27396	-3438.797	-3609.019	170.2221	1.390971	0.604099	0.395901	2.268688
27402	-3433.254	-3603.826	170.5715	1.452651	0.650671	0.349329	2.000161
27408	-3436.892	-3607.43	170.5381	1.403494	0.57968	0.42032	2.054987
27414	-3431.141	-3601.081	169.9403	1.458343	0.57968	0.42032	2.405116
27420	-3430.854	-3599.188	168.3338	1.279751	0.662527	0.337473	3.482794
27426	-3436.903	-3606.033	169.1298	1.295122	0.72967	0.27033	3.002996
27432	-3439.88	-3609.186	169.3061	1.262332	0.468634	0.531366	2.916629
27438	-3430.818	-3600.012	169.1943	1.298124	0.632294	0.367706	2.962447
27444	-3439.866	-3608.482	168.6168	1.295356	0.611108	0.388892	3.307689
27450	-3448.82	-3617.479	168.6586	1.312078	0.615081	0.384919	3.273202
27456	-3440.712	-3609.093	168.381	1.232056	0.736394	0.263606	3.483074
27462	-3458.802	-3626.453	167.6508	1.105522	0.766791	0.233209	3.977823
27468	-3456.899	-3623.22	166.3203	1.033193	0.553954	0.446046	4.770071
27474	-3443.629	-3613.39	169.7615	1.387548	0.722227	0.277773	2.561375
27480	-3434.188	-3604.312	170.1238	1.380838	0.663734	0.336266	2.33797
27486	-3438.828	-3609.29	170.4616	1.457457	0.612835	0.387165	2.069882
27492	-3435.421	-3605.998	170.5769	1.501308	0.612835	0.387165	1.964033
27498	-3449.539	-3620.116	170.5769	1.501308	0.584574	0.415426	1.964033
27504	-3443.576	-3613.549	169.9725	1.441327	0.551883	0.448117	2.395509
27510	-3451.476	-3621.611	170.1344	1.443036	0.605176	0.394824	2.291511
27516	-3454.849	-3624.875	170.0256	1.437509	0.590161	0.409839	2.364305
27522	-3442.823	-3612.474	169.6508	1.26289	0.514296	0.485704	2.706626
27528	-3450.5	-3619.572	169.0725	1.265762	0.514296	0.485704	3.054906
27534	-3447.501	-3617.546	170.0453	1.260879	0.622231	0.377769	2.463297
27540	-3433.628	-3602.249	168.6218	1.113827	0.563628	0.436372	3.411382
27546	-3440.737	-3609.242	168.5047	1.230969	0.433532	0.566468	3.411382
27552	-3439.437	-3607.573	168.1358	1.115425	0.589289	0.410711	3.6933
27558	-3429.713	-3598.858	169.1446	1.390191	0.464235	0.535765	2.936957
27564	-3429.02	-3597.101	168.0806	1.166326	0.561915	0.438085	3.695778
27570	-3429.951	-3599.508	169.5568	1.374483	0.574597	0.425403	2.695884
27576	-3432.93	-3602.703	169.7724	1.233886	0.59466	0.40534	2.649734
27582	-3428.708	-3597.941	169.2336	1.30595	0.67251	0.32749	2.934076
27588	-3444.346	-3614.21	169.8647	1.381043	0.700895	0.299105	2.501134
27594	-3437.678	-3607.555	169.8767	1.389641	0.560048	0.439952	2.488287
27600	-3432.044	-3602.088	170.0433	1.537048	0.471451	0.528549	2.289643
27606	-3436.558	-3606.692	170.1341	1.4463	0.580273	0.419727	2.289643
27612	-3431.593	-3601.46	169.8666	1.326971	0.584414	0.415586	2.533684
27618	-3438.876	-3608.261	169.385	1.334513	0.537274	0.462726	2.825183
27624	-3448.601	-3615.883	167.2817	1.315363	0.649971	0.350029	4.068805
27630	-3451.499	-3620.484	168.9852	1.364992	0.664826	0.335174	3.047775
27636	-3441.898	-3610.677	168.7787	1.300711	0.559798	0.440202	3.208871
27642	-3436.708	-3605.253	168.5449	1.365721	0.522195	0.477805	3.308601
27648	-3443.258	-3611.97	168.7123	1.198265	0.522195	0.477805	3.308601
27654	-3441.471	-3610.186	168.7145	1.14967	0.598114	0.401886	3.33592
27660	-3439.238	-3607.977	168.7387	1.186325	0.606107	0.393893	3.300087
27666	-3435.146	-3604.15	169.0043	1.120081	0.606107	0.393893	3.182217
27672	-3432.683	-3601.207	168.5233	1.163932	0.668255	0.331745	3.439724
27678	-3446.548	-3615.115	168.5663	1.155043	0.583431	0.416569	3.419743
27684	-3446.245	-3615.861	169.6156	1.300844	0.677553	0.322447	2.704974
27690	-3453.772	-3623.175	169.4023	1.318642	0.677553	0.322447	2.824286
27696	-3448.811	-3618.472	169.6617	1.331984	0.597568	0.402432	2.657493
27702	-3451.649	-3621.279	169.6294	1.364275	0.614155	0.385845	2.657493
27708	-3458.95	-3629.134	170.1836	1.400461	0.754572	0.245428	2.287324
27714	-3446.259	-3616.728	170.4696	1.517982	0.58459	0.41541	2.02452
27720	-3440.748	-3610.703	169.9554	1.435231	0.58459	0.41541	2.410164
27726	-3449.012	-3618.712	169.6999	1.392315	0.61677	0.38323	2.59665
27732	-3444.523	-3614.433	169.9096	1.401885	0.684844	0.315156	2.459967
27738	-3438.725	-3608.112	169.3873	1.30118	0.554428	0.445572	2.844031
27744	-3438.646	-3607.843	169.1973	1.275264	0.504623	0.495377	2.974384
27750	-3434.731	-3603.905	169.1742	1.288291	0.605155	0.394845	2.980428
27756	-3440.702	-3610.021	169.3185	1.24232	0.60621	0.39379	2.921264
27762	-3432.35	-3601.406	169.0562	1.298725	0.597475	0.402525	3.04494
27768	-3431.938	-3601.639	169.701	1.378029	0.632955	0.367045	2.604788
27774	-3426.374	-3595.146	168.7717	1.292133	0.627253	0.372747	3.218114
27780	-3433.164	-3601.089	167.9249	1.224664	0.570676	0.429324	3.752032
27786	-3435.936	-3603.671	167.7355	1.109629	0.574368	0.425632	3.92702
27792	-3449.018	-3618.917	169.8997	1.530347	0.533542	0.466458	2.385294
27798	-3446.526	-3616.399	169.873	1.390756	0.679076	0.320924	2.489907
27804	-3449.671	-3618.461	168.7893	1.318896	0.660784	0.339216	3.191837
27810	-3441.301	-3610.489	169.1874	1.396637	0.685098	0.314902	2.907237
27816	-3441.282	-3610.461	169.1797	1.245773	0.641125	0.358875	3.002627
27822	-3443.298	-3613.028	169.7302	1.35162	0.5454	0.4546	2.603079
27828	-3449.142	-3618.38	169.2379	1.376074	0.719809	0.280191	2.889132
27834	-3447.767	-3616.568	168.8008	1.211206	0.652469	0.347531	3.248798
27840	-3447.401	-3616.086	168.685	1.219592	0.591852	0.408148	3.312156
27846	-3448.498	-3616.297	167.7989	1.14083	0.530078	0.469922	3.872738
27852	-3441.997	-3612.516	170.5189	1.538668	0.544055	0.455945	1.977834
27858	-3441.339	-3610.99	169.6512	1.432251	0.776607	0.223393	2.602085
27864	-3431.607	-3601.186	169.5796	1.503837	0.712042	0.287958	2.602085
27870	-3437.614	-3608.395	170.7811	1.621351	0.565013	0.434987	1.741916
27876	-3436.78	-3607.258	170.4784	1.545391	0.651556	0.348444	2.000449
27882	-3422.316	-3593.169	170.8522	1.513602	0.651556	0.348444	1.767555
27888	-3429.834	-3600.341	170.5065	1.492924	0.651556	0.348444	2.016646
27894	-3441.409	-3611.376	169.967	1.307083	0.727541	0.272459	2.48341
27900	-3445.145	-3614.999	169.8539	1.420154	0.454254	0.545746	2.48341
27906	-3448.221	-3618.147	169.926	1.348106	0.706995	0.293005	2.48341
27912	-3448.375	-3617.884	169.5087	1.342697	0.607409	0.392591	2.744798
27918	-3443.465	-3612.053	168.588	1.264104	0.622531	0.377469	3.343005
27924	-3445.738	-3613.729	167.9912	1.156198	0.736849	0.263151	3.753237
27930	-3440.194	-3608.542	168.348	1.107494	0.546221	0.453779	3.574865
27936	-3431.344	-3600.932	169.5871	1.218588	0.709581	0.290419	2.772705
27942	-3434.667	-3603.496	168.8294	1.239949	0.709581	0.290419	3.214831
27948	-3443.559	-3611.422	167.8633	1.104242	0.599137	0.400863	3.856794
27954	-3454.769	-3622.701	167.9315	1.012325	0.602024	0.397976	3.870419
27960	-3438.784	-3607.42	168.6354	1.201633	0.66971	0.33029	3.351888
27966	-3439.046	-3608.11	169.0641	1.246191	0.632984	0.367016	3.071614
27972	-3445.615	-3614.873	169.2577	1.31658	0.58729	0.41271	2.913141
27978	-3436.563	-3605.59	169.0279	1.322093	0.6427	0.3573	3.047867
27984	-3451.125	-3618.999	167.8747	1.155508	0.775437	0.224563	3.820785
27990	-3439.783	-3607.358	167.575	1.082182	0.57679	0.42321	4.034516
27996	-3438.065	-3605.874	167.8088	1.080866	0.657757	0.342243	3.901459
28002	-3439.785	-3608.745	168.9594	1.269885	0.592325	0.407675	3.11988
28008	-3445.311	-3614.108	168.7976	1.275745	0.511024	0.488976	3.212471
28014	-3440.235	-3609.789	169.554	1.269522	0.547421	0.452579	2.761809
28020	-3445.166	-3614.618	169.4522	1.371334	0.547421	0.452579	2.761809
28026	-3445.055	-3614.949	169.8932	1.418305	0.531634	0.468366	2.45995
28032	-3441.484	-3610.967	169.4835	1.338889	0.598622	0.401378	2.762548
28038	-3426.457	-3596.46	170.0025	1.326052	0.587169	0.412831	2.449244
28044	-3433.822	-3603.621	169.7991	1.405612	0.60276	0.39724	2.526745
28050	-3442.111	-3611.283	169.1714	1.260101	0.669531	0.330469	2.999023
28056	-3447.505	-3616.686	169.1813	1.250216	0.63325	0.36675	2.999023
28062	-3439.792	-3608.088	168.2962	1.181838	0.6465	0.3535	3.561761
28068	-3440.538	-3608.777	168.2387	1.239275	0.651264	0.348736	3.561761
28074	-3434.105	-3603.033	168.9281	1.142585	0.583032	0.416968	3.214047
28080	-3443.648	-3612.369	168.7213	1.184629	0.569838	0.430162	3.31134
28086	-3440.537	-3609.239	168.7025	1.22096	0.667128	0.332872	3.301022
28092	-3441.615	-3610.123	168.5079	1.194464	0.58472	0.41528	3.430848
28098	-3434.623	-3603.371	168.748	1.193167	0.541934	0.458066	3.290591
28104	-3434.508	-3603.177	168.6683	1.198839	0.580682	0.419318	3.334212
28110	-3439.529	-3608.18	168.6513	1.22684	0.583904	0.416096	3.327726
28116	-3439.411	-3608.252	168.8408	1.22684	0.60768	0.39232	3.215857
28122	-3436.361	-3605.375	169.0135	1.294291	0.536925	0.463075	3.073107
28128	-3444.834	-3613.499	168.6646	1.359968	0.536925	0.463075	3.241335
28134	-3455.326	-3625.242	169.9164	1.507418	0.614425	0.385575	2.389197
28140	-3445.532	-3614.731	169.1994	1.405182	0.594439	0.405561	2.894837
28146	-3448.597	-3617.552	168.9544	1.329427	0.561501	0.438499	3.087411
28152	-3436.361	-3605.798	169.4364	1.29937	0.632257	0.367743	2.815293
28158	-3446.095	-3614.894	168.7988	1.260038	0.690504	0.309496	3.221053
28164	-3437.522	-3608.136	170.6134	1.379609	0.668859	0.331141	2.020922
28170	-3439.936	-3609.462	169.5263	1.241412	0.545837	0.454163	2.79584
28176	-3451.762	-3620.392	168.6306	1.233961	0.574441	0.425559	3.335719
28182	-3441.083	-3610.044	168.9604	1.47032	0.592208	0.407792	2.999501
28188	-3444.806	-3613.811	169.0046	1.260526	0.534034	0.465966	3.098532
28194	-3442.938	-3612.466	169.5284	1.311428	0.609722	0.390278	2.751884
28200	-3447.801	-3616.674	168.8722	1.231741	0.659411	0.340589	3.194367
28206	-3443.327	-3611.71	168.383	1.210329	0.718829	0.281171	3.494577
28212	-3437.458	-3605.683	168.2255	1.210329	0.728574	0.271426	3.586311
28218	-3441.598	-3609.878	168.2802	1.212264	0.548188	0.451812	3.553353
28224	-3443.248	-3613.073	169.8252	1.32508	0.6715	0.3285	2.560656
28230	-3444.697	-3614.051	169.3543	1.279101	0.544957	0.455043	2.877393
28236	-3437.812	-3607.128	169.3165	1.316886	0.547197	0.452803	2.877393
28242	-3440.347	-3610.395	170.0482	1.453315	0.656786	0.343214	2.339927
28248	-3441.496	-3612.067	170.5714	1.550835	0.590508	0.409492	1.93446
28254	-3437.299	-3607.849	170.5502	1.522052	0.599792	0.400208	1.96801
28260	-3437.035	-3607.848	170.8126	1.718226	0.666177	0.333823	1.650864
28266	-3431.794	-3602.84	171.0459	1.656238	0.677135	0.322865	1.525841
28272	-3445.273	-3614.617	169.3441	1.422605	0.631135	0.368865	2.796439
28278	-3430.706	-3600.575	169.8686	1.410839	0.625306	0.374694	2.480051
28284	-3431.352	-3601.47	170.1174	1.413387	0.623539	0.376461	2.321331
28290	-3431.944	-3601.57	169.6253	1.249432	0.627662	0.372338	2.730501
28296	-3440.547	-3609.219	168.672	1.219596	0.654657	0.345343	3.319812
28302	-3440.467	-3608.726	168.2589	1.312713	0.583296	0.416704	3.507264
28308	-3439.596	-3609.227	169.631	1.194591	0.719604	0.280396	2.76055
28314	-3436.86	-3605.911	169.0514	1.222346	0.543106	0.456894	3.093395
28320	-3432.931	-3602.678	169.7466	1.34208	0.715177	0.284823	2.598814
28326	-3431.595	-3600.871	169.2763	1.36748	0.715177	0.284823	2.871074
28332	-3439.687	-3609.453	169.7656	1.379397	0.664918	0.335082	2.563887
28338	-3442.264	-3611.96	169.6965	1.448501	0.664918	0.335082	2.563887
28344	-3434.76	-3603.31	168.5498	1.265342	0.665956	0.334044	3.36475
28350	-3433.243	-3602.73	169.4868	1.42168	0.622376	0.377624	2.709847
28356	-3428.202	-3597.777	169.5753	1.333204	0.472234	0.527766	2.709847
28362	-3435.071	-3604.007	168.9363	1.239845	0.609848	0.390152	3.151538
28368	-3433.696	-3603.024	169.3273	1.301775	0.609848	0.390152	2.880025
28374	-3436.132	-3604.659	168.527	1.211514	0.622116	0.377884	3.409705
28380	-3444.115	-3612.79	168.6744	1.198781	0.622116	0.377884	3.33065
28386	-3449.654	-3617.644	167.9899	1.143267	0.661417	0.338583	3.761458
28392	-3452.569	-3621.011	168.4417	1.191106	0.638705	0.361295	3.471545
28398	-3441.606	-3609.148	167.542	1.188609	0.574327	0.425673	3.99253
28404	-3437.333	-3605.31	167.977	1.147405	0.611476	0.388524	3.766498
28410	-3433.151	-3601.909	168.7585	1.205201	0.574206	0.425794	3.277311
28416	-3438.561	-3608.177	169.6169	1.363769	0.547683	0.452317	2.665518
28422	-3425.761	-3594.934	169.1737	1.381017	0.622913	0.377087	2.924925
28428	-3425.767	-3594.805	169.0379	1.233432	0.570532	0.429468	3.094848
28434	-3436.55	-3605.283	168.7332	1.186963	0.578393	0.421607	3.303
28440	-3433.912	-3602.675	168.7627	1.239377	0.615412	0.384588	3.254661
28446	-3434.64	-3603.31	168.6696	1.238732	0.595065	0.404935	3.309912
28452	-3436.782	-3606.185	169.4028	1.19448	0.565526	0.434474	2.899249
28458	-3433.428	-3602.553	169.1251	1.149825	0.662681	0.337319	3.092718
28464	-3442.851	-3611.315	168.4647	1.070512	0.662681	0.337319	3.528451
28470	-3442.04	-3610.251	168.2106	1.143523	0.578402	0.421598	3.633697
28476	-3444.291	-3613.024	168.7338	1.121724	0.690406	0.309594	3.341001
28482	-3428.156	-3596.872	168.7157	1.182321	0.736595	0.263405	3.316016
28488	-3438.331	-3607.312	168.9813	1.24266	0.534992	0.465008	3.123045
28494	-3429.873	-3599.742	169.8687	1.425789	0.523459	0.476541	2.470619
28500	-3459.701	-3628.938	169.237	1.323283	0.550704	0.449296	2.92158
28506	-3451.365	-3620.263	168.898	1.229285	0.665136	0.334864	3.180549
28512	-3436.131	-3605.656	169.5243	1.372319	0.529228	0.470772	2.717142
28518	-3433.616	-3603.281	169.6649	1.364657	0.621958	0.378042	2.635399
28524	-3435.403	-3604.56	169.1564	1.265521	0.642035	0.357965	3.004767
28530	-3445.829	-3614.403	168.5734	1.288778	0.610151	0.389849	3.337087
28536	-3447.452	-3616.662	169.2103	1.291965	0.610151	0.389849	2.956489
28542	-3438.92	-3608.416	169.4956	1.339794	0.684166	0.315834	2.754574
28548	-3452.299	-3622.225	169.9257	1.346076	0.684166	0.315834	2.484878
28554	-3439.608	-3610.24	170.6321	1.527975	0.676595	0.323405	1.908873
28560	-3430.32	-3600.959	170.6388	1.521277	0.695087	0.304913	1.908873
28566	-3435.798	-3606.304	170.5063	1.379309	0.754666	0.245334	2.091866
28572	-3450.71	-3620.8	170.09	1.381173	0.614807	0.385193	2.359237
28578	-3433.52	-3603.703	170.1832	1.46018	0.614807	0.385193	2.249248
28584	-3432.662	-3602.567	169.9045	1.402838	0.591358	0.408642	2.462553
28590	-3445.557	-3614.43	168.8731	1.152938	0.705883	0.294117	3.240489
28596	-3445.618	-3615.363	169.7441	1.267808	0.663918	0.336082	2.646259
28602	-3446.734	-3617.086	170.3515	1.432814	0.656047	0.343953	2.158071
28608	-3435.162	-3605.533	170.3713	1.566274	0.647392	0.352608	2.057654
28614	-3430.215	-3600.314	170.0989	1.539232	0.627224	0.372776	2.252615
28620	-3431.492	-3602.294	170.8018	1.505773	0.526291	0.473709	1.807949
28626	-3429.799	-3599.302	169.5028	1.416361	0.612959	0.387041	2.703306
28632	-3432.775	-3602.274	169.4986	1.42052	0.611089	0.388911	2.703306
28638	-3425.097	-3595.423	170.3257	1.466424	0.616938	0.383062	2.153018
28644	-3428.679	-3599.054	170.3745	1.403765	0.711993	0.288007	2.162024
28650	-3425.757	-3594.775	169.0182	1.252775	0.655983	0.344017	3.095029
28656	-3439.264	-3608.886	169.6221	1.282491	0.640731	0.359269	2.712255
28662	-3433.753	-3603.734	169.9809	1.365184	0.560314	0.439686	2.438216
28668	-3439.363	-3609.399	170.0355	1.368553	0.77674	0.22326	2.401727
28674	-3441.632	-3610.088	168.4567	1.227245	0.584725	0.415275	3.441647
28680	-3437.989	-3608.529	170.54	1.569628	0.609575	0.390425	1.942894
28686	-3431.251	-3602.178	170.9268	1.662608	0.61847	0.38153	1.60864
28692	-3440.527	-3611.077	170.5493	1.582838	0.61847	0.38153	1.927776
28698	-3429.32	-3599.806	170.4862	1.466795	0.492544	0.507456	2.047453
28704	-3429.541	-3598.886	169.3442	1.30179	0.625413	0.374587	2.869781
28710	-3443.212	-3612.138	168.9263	1.391694	0.458658	0.541342	3.067021
28716	-3440.873	-3609.392	168.5184	1.22686	0.659608	0.340392	3.405719
28722	-3433.107	-3601.608	168.5015	1.301246	0.497517	0.502483	3.372039
28728	-3434.812	-3604.543	169.7309	1.291768	0.497517	0.502483	2.639605
28734	-3434.954	-3604.473	169.5189	1.416786	0.594891	0.405109	2.693142
28740	-3436.054	-3605.726	169.6718	1.455347	0.596637	0.403363	2.574973
28746	-3439.048	-3609.637	170.5887	1.555396	0.590521	0.409479	1.919671
28752	-3447.815	-3618.62	170.8055	1.731	0.595188	0.404812	1.646804
28758	-3452.405	-3623.332	170.9271	1.805114	0.610151	0.389849	1.50341
28764	-3441.695	-3612.965	171.2709	1.877116	0.623707	0.376293	1.170208
28770	-3438.802	-3610.074	171.272	1.908889	0.521483	0.478517	1.141272
28776	-3440.269	-3611.299	171.0293	1.763209	0.570033	0.429967	1.457867
28782	-3437.839	-3608.79	170.9507	1.717356	0.599985	0.400015	1.551073
28788	-3428.583	-3599.308	170.7244	1.739239	0.561678	0.438322	1.698761
28794	-3438.782	-3609.348	170.5667	1.573596	0.653484	0.346516	1.922249
28800	-3436.81	-3607.048	170.2374	1.399905	0.646795	0.353205	2.25315
28806	-3444.436	-3614.589	170.1531	1.372434	0.656156	0.343844	2.324678
28812	-3439.709	-3608.359	168.6494	1.260145	0.562102	0.437898	3.309207
28818	-3437.27	-3607.015	169.7454	1.304864	0.545047	0.454953	2.622591
28824	-3438.581	-3608.642	170.0606	1.377307	0.56583	0.43417	2.380288
28830	-3447.949	-3617.394	169.4445	1.325716	0.634569	0.365431	2.794357
28836	-3438.404	-3607.57	169.1661	1.298705	0.624723	0.375277	2.979013
28842	-3428.891	-3598.993	170.102	1.413212	0.535712	0.464288	2.331243
28848	-3424.001	-3593.721	169.7202	1.282253	0.614596	0.385404	2.652076
28854	-3433.354	-3602.794	169.4399	1.316785	0.607315	0.392685	2.802564
28860	-3431.698	-3601.087	169.3894	1.409326	0.607315	0.392685	2.776974
28866	-3438.102	-3607.757	169.6553	1.266337	0.534611	0.465389	2.701787
28872	-3433.009	-3602.404	169.395	1.282364	0.522018	0.477982	2.85074
28878	-3442.071	-3611.8	169.7283	1.294485	0.574767	0.425233	2.639572
28884	-3435.072	-3605.131	170.0589	1.308194	0.553789	0.446211	2.425029
28890	-3420.782	-3590.401	169.6189	1.314611	0.477903	0.522097	2.694468
28896	-3426.343	-3595.919	169.5754	1.35816	0.625572	0.374428	2.694468
28902	-3428.945	-3598.368	169.4229	1.368281	0.49287	0.50713	2.781551
28908	-3430.468	-3601.17	170.7019	1.368238	0.504505	0.495495	1.969463
28914	-3433.273	-3603.978	170.7045	1.504496	0.518535	0.481465	1.875627
28920	-3433.938	-3605.076	171.1376	1.652299	0.629891	0.370109	1.45985
28926	-3434.586	-3605.511	170.9256	1.632111	0.473443	0.526557	1.631534
28932	-3435.404	-3606.254	170.8499	1.632111	0.55258	0.44742	1.685706
28938	-3430.839	-3602.12	171.2812	1.647395	0.526275	0.473725	1.352205
28944	-3445.449	-3616.083	170.6335	1.579657	0.578169	0.421831	1.87275
28950	-3446.35	-3617.321	170.9712	1.612127	0.509189	0.490811	1.61306
28956	-3443.362	-3614.381	171.0196	1.612127	0.562462	0.437538	1.577761
28962	-3444.889	-3616.283	171.3935	1.867976	0.650217	0.349783	1.067659
28968	-3435.64	-3606.928	171.288	1.866673	0.650217	0.349783	1.164426
28974	-3437.529	-3608.846	171.3176	1.866673	0.537814	0.462186	1.138285
28980	-3439.791	-3611.122	171.3319	1.879267	0.547613	0.452387	1.11403
28986	-3442.97	-3614.215	171.2455	1.938758	0.653003	0.346997	1.13829
28992	-3442.931	-3614.121	171.1907	1.925721	0.649777	0.350223	1.197577
28998	-3435.83	-3606.955	171.125	1.720322	0.649777	0.350223	1.417397
29004	-3429.773	-3600.831	171.0585	1.786791	0.60623	0.39377	1.417397
29010	-3433.213	-3603.919	170.706	1.679297	0.620264	0.379736	1.753935
29016	-3440.682	-3610.831	170.1494	1.368251	0.607945	0.392055	2.329676
29022	-3439.231	-3609.226	169.9956	1.281415	0.632723	0.367277	2.481569
29028	-3440.726	-3610.681	169.9543	1.368751	0.62784	0.37216	2.452703
29034	-3439.094	-3609.362	170.2686	1.490492	0.685397	0.314603	2.174467
29040	-3438.879	-3609.068	170.1886	1.408613	0.591856	0.408144	2.278891
29046	-3431.185	-3601.71	170.5251	1.545029	0.540227	0.459773	1.969445
29052	-3423.879	-3595.061	171.1827	1.610861	0.603279	0.396721	1.457083
29058	-3427.672	-3598.222	170.5495	1.492185	0.650876	0.349124	1.988495
29064	-3431.168	-3601.725	170.5573	1.531707	0.584405	0.415595	1.956811
29070	-3433.256	-3603.742	170.4867	1.602311	0.532221	0.467779	1.956811
29076	-3437.153	-3607.988	170.8348	1.56485	0.61472	0.38528	1.743903
29082	-3426.28	-3596.893	170.6126	1.550844	0.71522	0.28478	1.90657
29088	-3435.636	-3605.946	170.3101	1.584192	0.608023	0.391977	2.086166
29094	-3436.236	-3606.93	170.6944	1.48388	0.615563	0.384437	1.896526
29100	-3439.173	-3610.038	170.8656	1.481815	0.656134	0.343866	1.780362
29106	-3438.445	-3608.654	170.2083	1.310888	0.621842	0.378158	2.328681
29112	-3439.192	-3609.31	170.1175	1.29407	0.703303	0.296697	2.396962
29118	-3442.845	-3613.139	170.2943	1.435768	0.506443	0.493557	2.193318
29124	-3449.657	-3619.975	170.3183	1.462024	0.598595	0.401405	2.160711
29130	-3438.003	-3608.614	170.611	1.580318	0.574064	0.425936	1.887662
29136	-3434.522	-3604.442	169.9194	1.424124	0.757888	0.242112	2.439873
29142	-3437.506	-3606.77	169.2643	1.31465	0.606104	0.393896	2.910304
29148	-3427.962	-3597.398	169.4359	1.359186	0.623886	0.376114	2.779186
29154	-3438.962	-3607.87	168.9085	1.191881	0.65589	0.34411	3.196484
29160	-3442.66	-3611.472	168.8114	1.160755	0.665166	0.334834	3.272308
29166	-3440.345	-3609.217	168.8713	1.186673	0.510123	0.489877	3.221569
29172	-3439.063	-3608.271	169.2084	1.196248	0.586447	0.413553	3.015142
29178	-3444.811	-3613.302	168.4911	1.222482	0.748782	0.251218	3.424284
29184	-3442.868	-3611.604	168.736	1.231857	0.626308	0.373692	3.274853
29190	-3449.441	-3618.482	169.0404	1.263687	0.67982	0.32018	3.075279
29196	-3442.486	-3612.341	169.8556	1.415954	0.630233	0.369767	2.485032
29202	-3442.308	-3612.694	170.3852	1.446352	0.61915	0.38085	2.127316
29208	-3447.198	-3616.941	169.743	1.415027	0.639338	0.360662	2.555794
29214	-3446.523	-3616.237	169.714	1.471948	0.668748	0.331252	2.538425
29220	-3463.086	-3630.955	167.8681	1.169745	0.664963	0.335037	3.816344
29226	-3452.841	-3621.66	168.8187	1.213011	0.644968	0.355032	3.237135
29232	-3459.039	-3626.768	167.7298	1.129603	0.548333	0.451667	3.918841
29238	-3450.251	-3618.013	167.7628	1.185326	0.612245	0.387755	3.86791
29244	-3450.033	-3620.76	170.7267	1.646637	0.649425	0.350575	1.762293
29250	-3449.142	-3619.876	170.7336	1.563789	0.667624	0.332376	1.814991
29256	-3450.784	-3621.428	170.6433	1.549747	0.624972	0.375028	1.886451
29262	-3447.488	-3617.93	170.4424	1.554384	0.539809	0.460191	2.018401
29268	-3448.809	-3619.262	170.4525	1.544237	0.643635	0.356365	2.018401
29274	-3443.681	-3614.144	170.4634	1.554522	0.624695	0.375305	2.004332
29280	-3443.261	-3613.686	170.4246	1.477128	0.479907	0.520093	2.081254
29286	-3437.907	-3608.669	170.7623	1.606305	0.695078	0.304922	1.765581
29292	-3443.033	-3613.479	170.4466	1.568015	0.728399	0.271601	2.00651
29298	-3450.731	-3621.612	170.8809	1.592458	0.589591	0.410409	1.691898
29304	-3452.276	-3623.154	170.8779	1.595467	0.799978	0.200022	1.691898
29310	-3437.661	-3608.314	170.6534	1.667128	0.714242	0.285758	1.798968
29316	-3431.913	-3602.85	170.9374	1.630984	0.728743	0.271257	1.623882
29322	-3430.736	-3601.688	170.9527	1.644445	0.638862	0.361138	1.602989
29328	-3430.757	-3601.697	170.9396	1.704739	0.630526	0.369474	1.56852
29334	-3434.038	-3605.079	171.0405	1.809114	0.681966	0.318034	1.414096
29340	-3443.652	-3614.421	170.769	1.755447	0.63348	0.36652	1.655436
29346	-3445.874	-3616.836	170.9624	1.748146	0.618606	0.381394	1.519589
29352	-3437.905	-3605.875	167.9693	1.237879	0.593207	0.406793	3.71876
29358	-3432.634	-3601.368	168.7338	1.234437	0.543576	0.456424	3.274614
29364	-3440.116	-3608.535	168.4192	1.12634	0.576359	0.423641	3.522443
29370	-3445.537	-3614.789	169.2516	1.250551	0.648722	0.351278	2.956609
29376	-3454.788	-3624.467	169.679	1.341895	0.648722	0.351278	2.6407
29382	-3451.008	-3620.915	169.907	1.398319	0.653706	0.346294	2.463864
29388	-3444.641	-3614.846	170.2052	1.323691	0.594454	0.405546	2.322507
29394	-3434.572	-3604.627	170.0549	1.374931	0.651793	0.348207	2.385411
29400	-3433.861	-3604.273	170.4121	1.415431	0.551006	0.448994	2.129918
29406	-3433.341	-3603.575	170.2333	1.369879	0.651532	0.348468	2.275038
29412	-3440.288	-3609.396	169.1088	1.175137	0.618182	0.381818	3.087326
29418	-3438.62	-3607.868	169.2482	1.203173	0.557392	0.442608	2.987122
29424	-3436.665	-3603.923	167.2578	1.074814	0.528218	0.471782	4.219142
29430	-3432.5	-3599.843	167.3434	0.9892449	0.645658	0.354342	4.219142
29436	-3437.283	-3604.818	167.5355	1.085659	0.624643	0.375357	4.055045
29442	-3439.67	-3607.173	167.5032	1.02261	0.654538	0.345462	4.109358
29448	-3447.746	-3614.478	166.7315	0.9829689	0.650842	0.349158	4.567966
29454	-3433.987	-3602.261	168.2732	1.161811	0.650842	0.349158	3.586761
29460	-3443.225	-3610.527	167.302	1.077318	0.670275	0.329725	4.192622
29466	-3447.299	-3615.078	167.7793	1.01632	0.670275	0.329725	3.955386
29472	-3442.095	-3609.749	167.6538	1.090536	0.533202	0.466798	3.984722
29478	-3446.317	-3614.165	167.8471	1.083154	0.588988	0.411012	3.878187
29484	-3451.753	-3619.028	167.2757	1.018558	0.551833	0.448167	4.240901
29490	-3455.058	-3623.99	168.9316	1.206529	0.599202	0.400798	3.174068
29496	-3455.022	-3623.696	168.6739	1.264348	0.605008	0.394992	3.292336
29502	-3450.653	-3619.297	168.6441	1.294065	0.710774	0.289226	3.292336
29508	-3472.281	-3641.18	168.8992	1.225204	0.569917	0.430083	3.182224
29514	-3457.691	-3627.276	169.5846	1.191914	0.646291	0.353709	2.790486
29520	-3445.042	-3615.023	169.9804	1.258692	0.55953	0.44047	2.505305
29526	-3440.873	-3609.92	169.0476	1.280732	0.537214	0.462786	3.060796
29532	-3453.59	-3622.288	168.6975	1.167775	0.613065	0.386935	3.335268
29538	-3452.153	-3621.305	169.1521	1.11821	0.695622	0.304378	3.095474
29544	-3444.118	-3612.42	168.3027	1.126193	0.648155	0.351845	3.590292
29550	-3441.734	-3611.25	169.5163	1.285715	0.648579	0.351421	2.77493
29556	-3454.788	-3624.303	169.5157	1.302375	0.561662	0.438338	2.765124
29562	-3457.387	-3625.797	168.4098	1.221302	0.632309	0.367691	3.47253
29568	-3443.624	-3612.654	169.0302	1.265227	0.463468	0.536532	3.08048
29574	-3445.984	-3614.168	168.1839	1.131393	0.550786	0.449214	3.656207
29580	-3448.448	-3616.5	168.0514	1.122244	0.568265	0.431735	3.738088
29586	-3442.371	-3609.592	167.2203	1.036367	0.568265	0.431735	4.262209
29592	-3434.173	-3601.035	166.8618	1.006488	0.568265	0.431735	4.481488
29598	-3434.496	-3602.194	167.698	1.183627	0.659885	0.340115	3.906089
29604	-3450.037	-3619.421	169.3843	1.341704	0.659885	0.340115	2.821203
29610	-3447.037	-3616.179	169.1424	1.229633	0.544485	0.455515	3.034655
29616	-3445.94	-3615.06	169.1201	1.252016	0.529038	0.470962	3.034655
29622	-3441.786	-3611.605	169.8198	1.509698	0.557086	0.442914	2.448687
29628	-3445.855	-3615.637	169.7826	1.343313	0.614463	0.385537	2.57574
29634	-3440.841	-3609.662	168.8211	1.318812	0.551961	0.448039	3.173038
29640	-3427.088	-3594.76	167.6721	1.165761	0.548377	0.451623	3.931183
29646	-3434.628	-3602.376	167.7476	1.090232	0.589259	0.410741	3.931183
29652	-3444.637	-3613.209	168.5716	1.151029	0.73635	0.26365	3.419014
29658	-3433.731	-3602.101	168.3706	1.154029	0.605844	0.394156	3.534643
29664	-3441.564	-3611.02	169.4556	1.264157	0.591901	0.408099	2.825015
29670	-3448.22	-3617.213	168.9925	1.159882	0.463908	0.536092	3.1656
29676	-3440.36	-3609.166	168.8052	1.321494	0.497308	0.502692	3.180852
29682	-3428.784	-3598.259	169.4754	1.329588	0.57116	0.42884	2.773151
29688	-3433.465	-3603.101	169.6365	1.336844	0.548464	0.451536	2.670033
29694	-3432.631	-3602.207	169.5759	1.316873	0.598728	0.401272	2.719452
29700	-3433.835	-3603.535	169.7007	1.263419	0.540352	0.459648	2.675669
29706	-3440.289	-3609.393	169.1039	1.320106	0.62902	0.37098	3.003527
29712	-3437.86	-3606.395	168.5355	1.18699	0.654144	0.345856	3.41907
29718	-3433.62	-3602.186	168.5656	1.178137	0.429034	0.570966	3.406621
29724	-3437.441	-3607.512	170.0709	1.30455	0.614345	0.385655	2.419722
29730	-3438.229	-3608.508	170.2796	1.584884	0.485366	0.514634	2.105763
29736	-3440.027	-3610.384	170.3577	1.454628	0.593807	0.406193	2.139845
29742	-3441.33	-3611.603	170.2732	1.539142	0.44848	0.55152	2.139845
29748	-3443.923	-3614.223	170.3	1.512343	0.466835	0.533165	2.139845
29754	-3439.686	-3610.038	170.352	1.416453	0.579082	0.420918	2.168415
29760	-3444.943	-3615.079	170.1358	1.441865	0.668279	0.331721	2.291369
29766	-3449.064	-3619.48	170.4157	1.441865	0.557639	0.442361	2.110266
29772	-3443.16	-3612.208	169.0481	1.21817	0.522146	0.477854	3.097842
29778	-3445.168	-3614.136	168.9677	1.224444	0.61573	0.38427	3.14202
29784	-3455.799	-3624.197	168.3984	1.258788	0.509744	0.490256	3.457309
29790	-3451.831	-3622.301	170.47	1.532432	0.58964	0.41036	2.014666
29796	-3447.442	-3617.878	170.4357	1.566729	0.612403	0.387597	2.014666
29802	-3447.253	-3618.047	170.7944	1.617921	0.664911	0.335089	1.734993
29808	-3435.635	-3606.431	170.7965	1.601196	0.664911	0.335089	1.745244
29814	-3434.612	-3605.238	170.626	1.62903	0.647676	0.352324	1.844104
29820	-3433.37	-3604.051	170.6809	1.624222	0.555039	0.444961	1.809626
29826	-3427.347	-3598.41	171.0635	1.673623	0.563724	0.436276	1.499689
29832	-3435.346	-3606.397	171.0517	1.687308	0.563724	0.436276	1.498273
29838	-3434.437	-3605.466	171.0291	1.709988	0.545593	0.454407	1.498273
29844	-3432.387	-3603.126	170.739	1.61434	0.636418	0.363582	1.776243
29850	-3428.283	-3598.636	170.3527	1.557407	0.526976	0.473024	2.075736
29856	-3433.259	-3603.787	170.5279	1.446746	0.526076	0.473924	2.033115
29862	-3440.439	-3609.84	169.4009	1.341212	0.493002	0.506998	2.811436
29868	-3435.005	-3604.522	169.5168	1.225271	0.60325	0.39675	2.811436
29874	-3448.981	-3619.107	170.1255	1.383102	0.494027	0.505973	2.335469
29880	-3442.252	-3610.174	167.922	1.125307	0.670561	0.329439	3.810902
29886	-3448.644	-3617.125	168.4812	1.110201	0.628096	0.371904	3.495713
29892	-3454.158	-3622.26	168.102	1.118249	0.593024	0.406976	3.711172
29898	-3449.92	-3617.672	167.7525	1.096094	0.634074	0.365926	3.925007
29904	-3431.74	-3600.464	168.7238	1.311062	0.500692	0.499308	3.235257
29910	-3427.383	-3596.352	168.9694	1.275943	0.480283	0.519717	3.110349
29916	-3421.679	-3590.972	169.2933	1.245634	0.538517	0.461483	2.934428
29922	-3419.895	-3588.17	168.2745	1.184578	0.516387	0.483613	3.572788
29928	-3432.691	-3600.927	168.2362	1.222882	0.504507	0.495493	3.572788
29934	-3430.694	-3599.16	168.4658	1.212161	0.610869	0.389131	3.445129
29940	-3425.974	-3595.327	169.3535	1.257315	0.662505	0.337495	2.891014
29946	-3438.559	-3608.17	169.6108	1.452047	0.603722	0.396278	2.614797
29952	-3434.975	-3604.32	169.3447	1.316684	0.603722	0.396278	2.860437
29958	-3447.586	-3616.835	169.2491	1.412276	0.614395	0.385605	2.860437
29964	-3441.845	-3611.974	170.1295	1.417474	0.541725	0.458275	2.310995
29970	-3431.926	-3602.099	170.1727	1.409367	0.537876	0.462124	2.288576
29976	-3432.821	-3602.513	169.6921	1.397067	0.45055	0.54945	2.598557
29982	-3422.3	-3591.159	168.8583	1.306076	0.605236	0.394764	3.158482
29988	-3427.005	-3596.085	169.0793	1.27243	0.41928	0.58072	3.046827
29994	-3422.089	-3591.42	169.3306	1.299022	0.563215	0.436785	2.879696
30000	-3434.586	-3603.473	168.8867	1.230472	0.556629	0.443371	3.18652
30006	-3427.103	-3595.929	168.8259	1.242099	0.556838	0.443162	3.215639
30012	-3422.046	-3591.97	169.9239	1.419411	0.623625	0.376375	2.439964
30018	-3429.372	-3599.378	170.0059	1.399724	0.58706	0.41294	2.400723
30024	-3429.261	-3598.924	169.663	1.34102	0.630782	0.369218	2.651113
30030	-3429.714	-3599.336	169.6225	1.378176	0.562999	0.437001	2.653159
30036	-3427.217	-3595.969	168.7513	1.286906	0.610482	0.389518	3.233278
30042	-3440.929	-3611.23	170.3011	1.459317	0.504833	0.495167	2.173634
30048	-3442.203	-3612.13	169.9272	1.436025	0.488617	0.511383	2.427479
30054	-3434.55	-3604.884	170.3341	1.432768	0.56321	0.43679	2.169443
30060	-3433.377	-3603.693	170.3158	1.539613	0.45766	0.54234	2.111662
30066	-3440.277	-3610.89	170.6126	1.545479	0.675623	0.324377	1.910184
30072	-3430.437	-3600.917	170.4795	1.450775	0.616563	0.383437	2.06247
30078	-3440.734	-3610.219	169.4848	1.526459	0.638512	0.361488	2.646641
30084	-3432.243	-3602.39	170.1463	1.434845	0.551231	0.448769	2.289131
30090	-3431.37	-3601.53	170.1601	1.421061	0.572317	0.427683	2.289131
30096	-3433.622	-3603.661	170.0385	1.466451	0.5677	0.4323	2.337745
30102	-3429.087	-3599.476	170.3898	1.592936	0.576775	0.423225	2.027745
30108	-3435.232	-3605.403	170.1709	1.592808	0.461266	0.538734	2.171466
30114	-3440.059	-3610.486	170.4277	1.57155	0.490347	0.509653	2.016773
30120	-3433.134	-3602.67	169.5365	1.438739	0.534168	0.465832	2.668816
30126	-3436.219	-3605.633	169.4141	1.401731	0.674767	0.325233	2.766524
30132	-3438.891	-3608.197	169.3055	1.385328	0.60093	0.39907	2.842579
30138	-3431.178	-3599.221	168.0424	1.230764	0.616596	0.383404	3.680574
30144	-3431.163	-3599.177	168.0144	1.180526	0.513742	0.486258	3.725849
30150	-3444.703	-3611.624	166.9209	1.275076	0.653291	0.346709	4.296547
30156	-3439.526	-3606.636	167.1102	1.005353	0.603622	0.396378	4.342025
30162	-3445.382	-3610.402	165.0195	0.9854457	0.532807	0.467193	5.517101
30168	-3446.103	-3613.275	167.172	0.9854457	0.567494	0.432506	4.318343
30174	-3444.788	-3612.188	167.3995	1.136867	0.61353	0.38647	4.103375
30180	-3449.903	-3617.816	167.9133	1.157066	0.495831	0.504169	3.797634
30186	-3443.248	-3611.526	168.2788	1.064851	0.426401	0.573599	3.639795
30192	-3446.198	-3615.29	169.0914	1.098005	0.466608	0.533392	3.143601
30198	-3447.105	-3615.813	168.7082	1.256608	0.50237	0.49763	3.276637
30204	-3443.093	-3611.78	168.6872	1.224328	0.467016	0.532984	3.308085
30210	-3438.899	-3607.998	169.0982	1.251128	0.532685	0.467315	3.048275
30216	-3434.939	-3604.599	169.6603	1.291338	0.532685	0.467315	2.683371
30222	-3441.684	-3611.765	170.0807	1.320842	0.712531	0.287469	2.403281
30228	-3441.79	-3610.875	169.085	1.186899	0.528921	0.471079	3.094502
30234	-3442.947	-3613.308	170.3613	1.375984	0.633884	0.366116	2.188649
30240	-3440.827	-3611.39	170.5631	1.424477	0.681033	0.318967	2.024517
30246	-3443.014	-3612.585	169.5706	1.337069	0.574657	0.425343	2.71037
30252	-3436.896	-3605.68	168.7843	1.354945	0.421072	0.578928	3.17344
30258	-3430.632	-3600.864	170.2315	1.408746	0.544635	0.455365	2.251292
30264	-3435.69	-3605.317	169.627	1.357299	0.464833	0.535167	2.663256
30270	-3432.25	-3601.91	169.6596	1.324695	0.573997	0.426003	2.663256
30276	-3439.176	-3609.187	170.0117	1.404997	0.485779	0.514221	2.393719
30282	-3443.239	-3613.375	170.1362	1.431993	0.516601	0.483399	2.297462
30288	-3435.702	-3605.862	170.1598	1.408383	0.48778	0.51222	2.297462
30294	-3442.957	-3611.048	168.0906	1.211465	0.532095	0.467905	3.663852
30300	-3445.276	-3615.006	169.73	1.374458	0.619139	0.380861	2.589081
30306	-3439.437	-3609.438	170.0012	1.51005	0.660844	0.339156	2.333773
30312	-3443.985	-3614.118	170.1331	1.409566	0.557174	0.442826	2.313738
30318	-3445.178	-3614.511	169.3327	1.353232	0.541533	0.458467	2.845552
30324	-3444.956	-3615.439	170.4829	1.394658	0.515937	0.484063	2.097124
30330	-3431.714	-3601.524	169.8097	1.373413	0.445623	0.554377	2.540181
30336	-3439.401	-3609.689	170.2886	1.53595	0.580585	0.419415	2.131879
30342	-3434.506	-3604.988	170.4823	1.490236	0.620216	0.379784	2.034481
30348	-3434.9	-3605.437	170.5375	1.435082	0.621648	0.378352	2.034481
30354	-3449.145	-3618.916	169.7706	1.243448	0.45994	0.54006	2.644938
30360	-3448.246	-3617.718	169.4717	1.351882	0.671709	0.328291	2.761814
30366	-3445.929	-3615.477	169.5472	1.406484	0.541818	0.458182	2.682108
30372	-3433.421	-3603.076	169.6553	1.298388	0.576687	0.423313	2.682108
30378	-3433.341	-3602.929	169.5876	1.348155	0.58215	0.41785	2.69312
30384	-3436.201	-3605.137	168.936	1.323543	0.463303	0.536697	3.101878
30390	-3440.174	-3607.644	167.4705	1.202107	0.570386	0.429614	4.025665
30396	-3450.883	-3616.777	165.8947	1.03993	0.511388	0.488612	5.003399
30402	-3456.609	-3622.974	166.3658	1.040498	0.626183	0.373817	4.740585
30408	-3454.132	-3623.739	169.6072	1.2662	0.558726	0.441274	2.731354
30414	-3460.499	-3630.597	170.0986	1.420071	0.640501	0.359499	2.329005
30420	-3457.499	-3624.208	166.7089	1.004966	0.604306	0.395694	4.568284
30426	-3448.299	-3616.004	167.7048	1.151165	0.604306	0.395694	3.9208
30432	-3450.168	-3617.899	167.7305	1.125509	0.601435	0.398565	3.9208
30438	-3445.093	-3613.366	168.2722	1.064489	0.608948	0.391052	3.643803
30444	-3451.256	-3620.792	169.5355	1.397432	0.711228	0.288772	2.694872
30450	-3446.703	-3615.698	168.9945	1.324117	0.546353	0.453647	3.066598
30456	-3437.539	-3606.917	169.3783	1.240669	0.578177	0.421823	2.886129
30462	-3431.478	-3599.738	168.2594	1.094121	0.542051	0.457949	3.634073
30468	-3434.991	-3604.088	169.0971	1.191455	0.597936	0.402064	3.084561
30474	-3436.569	-3605.576	169.0069	1.281657	0.603619	0.396381	3.084561
30480	-3437.632	-3606.513	168.8808	1.307795	0.652055	0.347945	3.144083
30486	-3428.088	-3597.175	169.0867	1.218121	0.514386	0.485614	3.074837
30492	-3431.654	-3599.921	168.2672	1.069199	0.672145	0.327855	3.643977
30498	-3432.672	-3600.887	168.215	1.166746	0.569017	0.430983	3.617708
30504	-3433.372	-3601.27	167.8984	1.075288	0.562242	0.437758	3.853256
30510	-3430.297	-3598.433	168.1352	1.17478	0.570019	0.429981	3.6593
30516	-3433.33	-3601.513	168.1828	1.12717	0.560476	0.439524	3.6593
30522	-3432.008	-3600.175	168.1667	1.094938	0.451841	0.548159	3.687252
30528	-3428.343	-3597.267	168.9233	1.213456	0.621429	0.378571	3.174883
30534	-3439.923	-3608.6	168.677	1.344172	0.639076	0.360924	3.243349
30540	-3453.965	-3622.71	168.7446	1.20032	0.500414	0.499586	3.288386
30546	-3439.042	-3607.351	168.3096	1.186994	0.579804	0.420196	3.550925
30552	-3434.909	-3602.274	167.3651	1.055259	0.581683	0.418317	4.169345
30558	-3435.794	-3604.846	169.0522	1.16442	0.514156	0.485844	3.127421
30564	-3430.057	-3597.778	167.721	1.125207	0.651201	0.348799	3.926425
30570	-3443.883	-3612.006	168.1227	1.024085	0.571723	0.428277	3.753631
30576	-3437.365	-3605.209	167.8439	1.267615	0.586447	0.413553	3.773953
30582	-3444.169	-3612.78	168.6115	1.186981	0.574197	0.425803	3.374511
30588	-3438.407	-3605.975	167.5677	1.209386	0.493915	0.506085	3.965983
30594	-3443.883	-3611.164	167.2814	1.128656	0.581562	0.418438	4.175218
30600	-3447.005	-3614.23	167.2245	1.11048	0.467021	0.532979	4.217829
30606	-3449.421	-3616.938	167.5165	1.07899	0.477743	0.522257	4.069662
30612	-3447.276	-3616.936	169.6595	1.436423	0.544597	0.455403	2.594348
30618	-3449.313	-3618.815	169.5018	1.277638	0.6327	0.3673	2.788702
30624	-3459.004	-3627.521	168.5177	1.326217	0.584569	0.415431	3.347813
30630	-3447.409	-3616.503	169.0939	1.397942	0.499593	0.500407	2.962756
30636	-3446.993	-3616.635	169.6423	1.346948	0.571309	0.428691	2.660223
30642	-3450.499	-3619.531	169.0313	1.383415	0.581213	0.418787	3.009106
30648	-3444.695	-3613.941	169.2464	1.274082	0.581213	0.418787	2.94556
30654	-3440.167	-3610.214	170.0473	1.441554	0.605343	0.394657	2.347976
30660	-3444.836	-3614.247	169.4111	1.343357	0.605343	0.394657	2.803952
30666	-3437.464	-3607.112	169.6481	1.352405	0.605343	0.394657	2.653272
30672	-3457.578	-3626.378	168.7998	1.307037	0.655413	0.344587	3.192631
30678	-3450.717	-3619.57	168.8536	1.265265	0.469805	0.530195	3.185528
30684	-3454.248	-3623.535	169.2868	1.230781	0.578064	0.421936	2.947316
30690	-3451.251	-3620.222	168.9714	1.319456	0.586138	0.413862	3.083216
30696	-3435.49	-3604.777	169.287	1.337714	0.58003	0.41997	2.882637
30702	-3442.168	-3610.908	168.7405	1.273859	0.533225	0.466775	3.247368
30708	-3439.127	-3608.652	169.5257	1.432067	0.582649	0.417351	2.679581
30714	-3427.683	-3597.26	169.5764	1.379474	0.500007	0.499993	2.680729
30720	-3436.812	-3606.393	169.5815	1.374401	0.589449	0.410551	2.680729
30726	-3429.648	-3598.841	169.1928	1.359866	0.608869	0.391131	2.926163
30732	-3434.74	-3604.087	169.3474	1.328772	0.530021	0.469979	2.851484
30738	-3429.959	-3599.207	169.2477	1.396361	0.462534	0.537466	2.870947
30744	-3430.764	-3599.856	169.092	1.362511	0.53784	0.46216	2.985197
30750	-3429.83	-3598.804	168.9743	1.256401	0.578897	0.421103	3.119084
30756	-3438.854	-3608.463	169.6089	1.37149	0.531624	0.468376	2.665657
30762	-3439.044	-3608.461	169.4174	1.37149	0.531624	0.468376	2.782948
30768	-3436.532	-3606.491	169.959	1.559159	0.547492	0.452508	2.329358
30774	-3436.285	-3606.693	170.4083	1.601479	0.529195	0.470805	2.009759
30780	-3435.255	-3605.963	170.7076	1.721295	0.566714	0.433286	1.72333
30786	-3442.908	-3613.857	170.9489	1.705733	0.587156	0.412844	1.561004
30792	-3434.36	-3605.54	171.1797	1.845249	0.570289	0.429711	1.27438
30798	-3434.351	-3605.041	170.6905	1.7594	0.584659	0.415341	1.708502
30804	-3444.386	-3615.005	170.6186	1.793974	0.682645	0.317355	1.73483
30810	-3431.911	-3602.189	170.2779	1.507495	0.622117	0.377883	2.157366
30816	-3439.346	-3608.992	169.6465	1.431242	0.592824	0.407176	2.605593
30822	-3445.179	-3615.232	170.0528	1.489227	0.732154	0.267846	2.314118
30828	-3434.229	-3604.412	170.1828	1.427352	0.533301	0.466699	2.270572
30834	-3441.806	-3611.471	169.6643	1.509569	0.640775	0.359225	2.545937
30840	-3432.909	-3602.92	170.0109	1.418929	0.617349	0.382651	2.385404
30846	-3428.401	-3598.647	170.246	1.394575	0.594173	0.405827	2.25108
30852	-3425.62	-3595.499	169.8784	1.349078	0.507571	0.492429	2.512561
30858	-3447.569	-3617.037	169.468	1.356709	0.613528	0.386472	2.761082
30864	-3442.446	-3611.397	168.9505	1.315414	0.637709	0.362291	3.09809
30870	-3449.473	-3618.213	168.7395	1.193702	0.653223	0.346777	3.295294
30876	-3440.845	-3610.263	169.4184	1.294706	0.610213	0.389787	2.829044
30882	-3438.172	-3607.223	169.0518	1.344908	0.490621	0.509379	3.019924
30888	-3439.124	-3608.512	169.3879	1.198522	0.490621	0.509379	2.905795
30894	-3434.989	-3604.364	169.375	1.211351	0.61754	0.38246	2.905795
30900	-3442.201	-3611.244	169.0432	1.366922	0.644613	0.355387	3.011873
30906	-3437.598	-3605.745	168.1469	1.23659	0.64748	0.35252	3.616692
30912	-3437.448	-3606.608	169.1595	1.215683	0.64748	0.35252	3.032797
30918	-3427.046	-3595.172	168.1259	1.26984	0.700817	0.299183	3.609548
30924	-3425.914	-3593.387	167.4735	1.160482	0.605948	0.394052	4.047736
30930	-3444.026	-3611.315	167.2881	1.121951	0.597799	0.402201	4.175207
30936	-3440.785	-3608.792	168.0075	1.253898	0.664208	0.335792	3.687382
30942	-3451.065	-3620.043	168.9777	1.247757	0.557814	0.442186	3.122153
30948	-3452.045	-3620.862	168.8174	1.408103	0.557814	0.442186	3.122153
30954	-3446.466	-3616.648	170.1823	1.380159	0.564786	0.435214	2.301078
30960	-3436.594	-3606.012	169.4178	1.392031	0.588128	0.411872	2.770202
30966	-3437.71	-3607.546	169.836	1.305297	0.668795	0.331205	2.566188
30972	-3436.174	-3605.719	169.545	1.249562	0.694309	0.305691	2.77949
30978	-3445.002	-3614.226	169.2238	1.356734	0.612811	0.387189	2.909323
30984	-3439.626	-3608.996	169.3705	1.35631	0.689116	0.310884	2.820716
30990	-3440.416	-3610.561	170.1447	1.341434	0.713885	0.286115	2.349708
30996	-3441.977	-3612.524	170.5467	1.593791	0.650012	0.349988	1.922085
31002	-3438.297	-3608.937	170.64	1.500551	0.636575	0.363425	1.922085
31008	-3439.583	-3610.522	170.9391	1.652904	0.449164	0.550836	1.60676
31014	-3440.343	-3611.1	170.7563	1.646598	0.556175	0.443825	1.741562
31020	-3448.61	-3619.647	171.0365	1.848535	0.611465	0.388535	1.386558
31026	-3463.004	-3634.246	171.2413	1.871905	0.645911	0.354089	1.200365
31032	-3452.454	-3623.676	171.222	1.789209	0.671132	0.328868	1.285705
31038	-3451.34	-3622.222	170.8822	1.751287	0.748815	0.251185	1.576527
31044	-3442.494	-3612.613	170.1183	1.459098	0.699765	0.300235	2.29153
31050	-3449.432	-3619.103	169.6714	1.339235	0.636146	0.363854	2.647056
31056	-3439.224	-3609.477	170.2537	1.52198	0.677647	0.322353	2.163722
31062	-3434.165	-3603.654	169.4889	1.398285	0.654852	0.345148	2.722872
31068	-3439.344	-3608.598	169.2537	1.310757	0.596691	0.403309	2.919022
31074	-3448.218	-3617.273	169.055	1.373711	0.596691	0.403309	3.000736
31080	-3445.083	-3614.4	169.3175	1.350025	0.628987	0.371013	2.856719
31086	-3443.887	-3613.27	169.3828	1.284706	0.639673	0.360327	2.856719
31092	-3434.663	-3603.194	168.5308	1.237198	0.45442	0.54558	3.392422
31098	-3435.252	-3604.783	169.5308	1.271801	0.548383	0.451617	2.774591
31104	-3430.971	-3599.759	168.7878	1.212086	0.632762	0.367238	3.255938
31110	-3439.066	-3607.749	168.6832	1.146211	0.636905	0.363095	3.356345
31116	-3435.38	-3603.601	168.2214	1.203032	0.556764	0.443236	3.592894
31122	-3440.272	-3609.322	169.0494	1.144662	0.670502	0.329498	3.140872
31128	-3442.186	-3611.14	168.9538	1.195635	0.528031	0.471969	3.167352
31134	-3451.636	-3620.646	169.0093	1.140212	0.663784	0.336216	3.167352
31140	-3447.752	-3617.734	169.9822	1.42224	0.48161	0.51839	2.401446
31146	-3444.584	-3614.491	169.9073	1.352944	0.393796	0.606204	2.492095
31152	-3432.701	-3602.85	170.1492	1.406363	0.52662	0.47338	2.305542
31158	-3430.064	-3598.525	168.4612	1.198248	0.550071	0.449929	3.455971
31164	-3427.622	-3597.206	169.5848	1.295494	0.550071	0.449929	2.727087
31170	-3429.974	-3599.715	169.7413	1.282807	0.477671	0.522329	2.638739
31176	-3434.349	-3604.09	169.7413	1.282807	0.48463	0.51537	2.638739
31182	-3441.475	-3611.431	169.9554	1.282807	0.45739	0.54261	2.505832
31188	-3439.194	-3608.479	169.285	1.307322	0.483958	0.516042	2.902209
31194	-3450.458	-3619.112	168.654	1.216615	0.431393	0.568607	3.332153
31200	-3443.27	-3611.735	168.4644	1.285643	0.590783	0.409217	3.402959
31206	-3451.093	-3618.831	167.7375	1.037514	0.42939	0.57061	3.96715
31212	-3436.76	-3606.228	169.4684	1.260684	0.575729	0.424271	2.819353
31218	-3436.159	-3605.277	169.1181	1.297707	0.669735	0.330265	3.008447
31224	-3435.256	-3604.353	169.0977	1.318072	0.668332	0.331668	3.008447
31230	-3438.667	-3607.098	168.4308	1.272977	0.446777	0.553223	3.430015
31236	-3455.499	-3624.663	169.1641	1.359101	0.476862	0.523138	2.943908
31242	-3433.782	-3603.629	169.8473	1.381294	0.564223	0.435777	2.511883
31248	-3436.353	-3606.203	169.8501	1.378482	0.633609	0.366391	2.511883
31254	-3440.36	-3610.177	169.8167	1.411866	0.61645	0.38355	2.511883
31260	-3429.91	-3599.689	169.7792	1.37968	0.542352	0.457648	2.555308
31266	-3432.829	-3602.78	169.9507	1.402613	0.566208	0.433792	2.433687
31272	-3432.683	-3601.379	168.6962	1.320922	0.646978	0.353022	3.245736
31278	-3438.673	-3607.542	168.8692	1.14792	0.611761	0.388239	3.245736
31284	-3443.196	-3612.034	168.8384	1.199753	0.535578	0.464422	3.233331
31290	-3445.926	-3614.701	168.7745	1.3089	0.541364	0.458636	3.206542
31296	-3434.915	-3604.203	169.2886	1.288304	0.573719	0.426281	2.911521
31302	-3450.957	-3621.052	170.0953	1.553392	0.509291	0.490709	2.245805
31308	-3438.897	-3608.965	170.0684	1.531142	0.49022	0.50978	2.277409
31314	-3448.188	-3617.931	169.7426	1.527078	0.509724	0.490276	2.486148
31320	-3437.142	-3606.758	169.6166	1.48464	0.594569	0.405431	2.59103
31326	-3434.173	-3604.238	170.0656	1.430181	0.61079	0.38921	2.343594
31332	-3441.285	-3610.642	169.3569	1.432125	0.72456	0.27544	2.782874
31338	-3440.244	-3610.41	170.1654	1.415022	0.554516	0.445484	2.289616
31344	-3438.218	-3608.487	170.2693	1.491648	0.628358	0.371642	2.173308
31350	-3443.031	-3613.514	170.4828	1.650761	0.594149	0.405851	1.926795
31356	-3439.248	-3610.079	170.831	1.548878	0.567535	0.432465	1.757715
31362	-3445.445	-3616.44	170.9943	1.688165	0.611353	0.388647	1.540465
31368	-3449.315	-3620.376	171.0603	1.713099	0.641564	0.358436	1.472406
31374	-3442.231	-3611.106	168.8747	1.237571	0.560069	0.439931	3.189416
31380	-3448.109	-3618.786	170.6765	1.422863	0.567669	0.432331	1.949814
31386	-3458.484	-3628.487	170.0031	1.465465	0.657892	0.342108	2.360868
31392	-3435.828	-3605.857	170.0286	1.439934	0.596097	0.403903	2.360868
31398	-3430.738	-3600.548	169.81	1.513073	0.624626	0.375374	2.452677
31404	-3431.154	-3600.246	169.0913	1.243811	0.621168	0.378832	3.056789
31410	-3438.274	-3606.863	168.5888	1.189183	0.596706	0.403294	3.386562
31416	-3438.522	-3607.755	169.2323	1.277535	0.549943	0.450057	2.951932
31422	-3450.717	-3619.271	168.5544	1.222721	0.5169	0.4831	3.387084
31428	-3451.187	-3619.6	168.4124	1.084028	0.64605	0.35395	3.551047
31434	-3453.133	-3620.947	167.8139	1.139192	0.735724	0.264276	3.865068
31440	-3448.599	-3618.377	169.7778	1.301225	0.543091	0.456909	2.604821
31446	-3433.863	-3603.626	169.7633	1.315698	0.621908	0.378092	2.604821
31452	-3451.864	-3621.355	169.4906	1.336284	0.630171	0.369829	2.759773
31458	-3439.508	-3609.047	169.5388	1.288108	0.539943	0.460057	2.759773
31464	-3435.261	-3604.427	169.1668	1.269164	0.563913	0.436087	2.996373
31470	-3438.087	-3607.555	169.4677	1.396361	0.56706	0.43294	2.737065
31476	-3441.256	-3611.031	169.7757	1.381714	0.471073	0.528927	2.556217
31482	-3438.532	-3608.598	170.0663	1.380601	0.692199	0.307801	2.374629
31488	-3446.275	-3616.096	169.8207	1.432241	0.504564	0.495436	2.496663
31494	-3447.828	-3617.689	169.8608	1.408944	0.594231	0.405769	2.486127
31500	-3452.654	-3620.496	167.8422	1.121541	0.57546	0.42454	3.858943
31506	-3446.841	-3613.489	166.6479	0.9089048	0.72536	0.27464	4.656375
31512	-3455.626	-3623.641	168.0144	1.062161	0.587712	0.412288	3.794098
31518	-3451.606	-3618.396	166.7897	0.9126588	0.673313	0.326687	4.574738
31524	-3447.168	-3613.338	166.1706	0.965255	0.485583	0.514417	4.891433
31530	-3444.204	-3612.963	168.7589	1.130404	0.60782	0.39218	3.321158
31536	-3445.782	-3613.522	167.7402	1.096851	0.521196	0.478804	3.931668
31542	-3433.516	-3600.569	167.0527	1.10229	0.61497	0.38503	4.319729
31548	-3434.203	-3601.898	167.6955	1.218386	0.604461	0.395539	3.887617
31554	-3425.202	-3592.909	167.7078	1.206089	0.568352	0.431648	3.887617
31560	-3433.281	-3602.46	169.1784	1.138524	0.519688	0.480312	3.067661
31566	-3442.284	-3611.354	169.0698	1.247081	0.613863	0.386137	3.067661
31572	-3453.236	-3623.374	170.1381	1.398969	0.586301	0.413699	2.31731
31578	-3438.813	-3609.285	170.4716	1.488193	0.484621	0.515379	2.042934
31584	-3441.441	-3612.078	170.6366	1.617549	0.619759	0.380241	1.844767
31590	-3441.979	-3612.562	170.5835	1.497754	0.613818	0.386182	1.961982
31596	-3433.82	-3603.95	170.1302	1.494872	0.557908	0.442092	2.260993
31602	-3433.984	-3603.329	169.3448	1.345207	0.602762	0.397238	2.843109
31608	-3438.39	-3608.506	170.1155	1.500601	0.627664	0.372336	2.266798
31614	-3437.131	-3607.375	170.244	1.408922	0.508884	0.491116	2.243143
31620	-3443.174	-3613.37	170.1953	1.416209	0.699194	0.300806	2.269709
31626	-3435.384	-3605.84	170.4558	1.528939	0.510171	0.489829	2.02638
31632	-3436.337	-3606.029	169.6919	1.451575	0.526574	0.473426	2.564866
31638	-3430.642	-3600.76	170.1179	1.449174	0.537196	0.462804	2.298173
31644	-3440.765	-3610.813	170.0483	1.518749	0.654199	0.345801	2.298173
31650	-3435.587	-3606.428	170.8409	1.523581	0.523447	0.476553	1.768427
31656	-3433.603	-3604.385	170.7825	1.671615	0.620989	0.379011	1.705515
31662	-3444.813	-3615.762	170.9485	1.58033	0.465002	0.534998	1.65233
31668	-3432.787	-3603.268	170.4804	1.466672	0.604241	0.395759	2.051342
31674	-3437.082	-3607.307	170.2251	1.507556	0.557527	0.442473	2.191618
31680	-3446.101	-3616.425	170.324	1.571565	0.674745	0.325255	2.085315
31686	-3446.59	-3617.104	170.5139	1.595135	0.619177	0.380823	1.943333
31692	-3451.85	-3622.608	170.7581	1.675867	0.625626	0.374374	1.719749
31698	-3437.048	-3607.523	170.4751	1.469822	0.568271	0.431729	2.052803
31704	-3425.457	-3595.863	170.4059	1.570279	0.565576	0.434424	2.032103
31710	-3441.678	-3612.744	171.066	1.6275	0.487522	0.512478	1.532262
31716	-3444.367	-3614.697	170.3306	1.504144	0.540145	0.459855	2.125215
31722	-3439.677	-3609.963	170.2863	1.54844	0.553709	0.446291	2.125215
31728	-3444.067	-3613.796	169.7285	1.441904	0.546507	0.453493	2.548113
31734	-3433.084	-3603.131	170.0472	1.435279	0.520603	0.479397	2.352021
31740	-3438.064	-3606.125	168.0615	1.239551	0.578465	0.421535	3.664443
31746	-3449.796	-3617.667	167.8704	1.210989	0.613643	0.386357	3.791296
31752	-3434.099	-3601.756	167.6575	1.122402	0.595704	0.404296	3.964384
31758	-3432.795	-3600.963	168.1677	1.184805	0.488267	0.511733	3.634657
31764	-3436.873	-3605.144	168.2711	1.196439	0.49965	0.50035	3.567881
31770	-3429.516	-3598.043	168.5268	1.140998	0.637552	0.362448	3.451083
31776	-3432.441	-3601.289	168.8481	1.22836	0.453316	0.546684	3.210651
31782	-3441.593	-3610.67	169.0766	1.1813	0.711514	0.288486	3.102853
31788	-3447.306	-3614.064	166.7579	1.087975	0.554579	0.445421	4.494063
31794	-3439.982	-3607.593	167.6109	1.033503	0.6018	0.3982	4.041798
31800	-3440.541	-3608.237	167.6957	1.056892	0.539443	0.460557	3.979972
31806	-3445.248	-3614.04	168.7913	1.243003	0.574131	0.425869	3.235601
31812	-3444.641	-3613.763	169.1224	1.30469	0.47442	0.52558	3.001655
31818	-3450.012	-3618.956	168.9442	1.271621	0.531621	0.468379	3.127923
31824	-3445.482	-3614.216	168.734	1.204788	0.575509	0.424491	3.291978
31830	-3440.293	-3608.905	168.6118	1.231519	0.585346	0.414654	3.348208
31836	-3439.101	-3607.163	168.0625	1.156845	0.572614	0.427386	3.711709
31842	-3443.884	-3612.091	168.207	1.101224	0.424747	0.575253	3.660304
31848	-3441.023	-3609.239	168.2159	1.173377	0.554884	0.445116	3.613317
31854	-3458.098	-3626.231	168.1328	1.191805	0.554884	0.445116	3.650802
31860	-3450.351	-3617.828	167.4771	1.092361	0.588474	0.411526	4.084506
31866	-3452.762	-3620.366	167.6041	1.11091	0.596109	0.403891	4.001491
31872	-3439.975	-3606.766	166.7916	1.048184	0.561547	0.438453	4.497516
31878	-3434.673	-3602.669	167.9954	1.19152	0.600159	0.399841	3.730468
31884	-3440.72	-3608.444	167.7239	1.178831	0.527431	0.472569	3.893998
31890	-3450.463	-3618.122	167.659	1.118008	0.533859	0.466141	3.965994
31896	-3448.057	-3616.32	168.2634	1.033783	0.563742	0.436258	3.666688
31902	-3456.893	-3624.248	167.3552	1.167463	0.58586	0.41414	4.111151
31908	-3449.221	-3617.176	167.9545	1.048122	0.530024	0.469976	3.836617
31914	-3442.426	-3609.636	167.2106	1.090995	0.480552	0.519448	4.236751
31920	-3441.529	-3609.106	167.5765	1.110499	0.608951	0.391049	4.017458
31926	-3439.58	-3608.174	168.5936	1.181993	0.576097	0.423903	3.387934
31932	-3444.418	-3613.305	168.887	1.152642	0.584083	0.415917	3.232443
31938	-3446.636	-3615.472	168.8361	1.194028	0.584083	0.415917	3.238038
31944	-3446.376	-3614.01	167.6332	1.038268	0.619376	0.380624	4.026341
31950	-3441.973	-3609.109	167.1362	1.140407	0.577945	0.422055	4.25093
31956	-3430.474	-3597.732	167.258	1.075273	0.499055	0.500945	4.218804
31962	-3444.447	-3613.027	168.5796	1.089969	0.62668	0.37332	3.450032
31968	-3444.59	-3612.716	168.1257	1.104428	0.476557	0.523443	3.705472
31974	-3445.548	-3614.294	168.7462	1.189662	0.504382	0.495618	3.293737
31980	-3439.525	-3608.283	168.7578	1.178057	0.504382	0.495618	3.293737
31986	-3438.568	-3607.65	169.0812	1.224385	0.555075	0.444925	3.074401
31992	-3441.545	-3610.121	168.5763	1.301698	0.61967	0.38033	3.327816
31998	-3452.353	-3621.79	169.4364	1.318442	0.459947	0.540053	2.803659
32004	-3460.554	-3629.482	168.9281	1.311624	0.585101	0.414899	3.113656
32010	-3437.698	-3606.767	169.0694	1.381647	0.58638	0.41362	2.9873
32016	-3442.024	-3611.877	169.853	1.535946	0.586309	0.413691	2.411238
32022	-3442.2	-3613.016	170.8166	1.546255	0.518422	0.481578	1.769607
32028	-3443.048	-3613.414	170.3662	1.519583	0.573994	0.426006	2.091728
32034	-3444.67	-3614.103	169.4327	1.350858	0.626236	0.373764	2.786211
32040	-3445.484	-3615.077	169.5929	1.291522	0.541133	0.458867	2.724591
32046	-3433.629	-3603.415	169.786	1.289406	0.613995	0.386005	2.60706
32052	-3443.55	-3613.46	169.9099	1.394858	0.57774	0.42226	2.464213
32058	-3447.862	-3617.266	169.4037	1.253644	0.614646	0.385354	2.86288
32064	-3443.926	-3613.767	169.8404	1.34518	0.49178	0.50822	2.538643
32070	-3445.924	-3615.052	169.1281	1.307765	0.589983	0.410017	2.996391
32076	-3443.155	-3612.214	169.0589	1.265324	0.600181	0.399819	3.063268
32082	-3460.433	-3629.403	168.9702	1.354048	0.499743	0.500257	3.063268
32088	-3452.665	-3622.822	170.1574	1.561883	0.496302	0.503698	2.200302
32094	-3441.218	-3611.129	169.911	1.412318	0.604709	0.395291	2.452574
32100	-3443.157	-3613.234	170.0769	1.484965	0.552954	0.447046	2.301484
32106	-3443.398	-3613.997	170.5994	1.566443	0.520298	0.479702	1.90493
32112	-3449.084	-3620.022	170.9378	1.700039	0.552901	0.447099	1.573281
32118	-3451.976	-3622.588	170.6113	1.541255	0.431427	0.568573	1.91392
32124	-3457.663	-3627.884	170.2214	1.472639	0.559602	0.440398	2.216611
32130	-3447.353	-3617.713	170.3599	1.511632	0.689764	0.310236	2.101123
32136	-3447.354	-3618.134	170.7801	1.588783	0.593952	0.406048	1.765365
32142	-3443.262	-3613.908	170.6458	1.613716	0.658405	0.341595	1.841032
32148	-3443.895	-3614.549	170.6543	1.497996	0.511811	0.488189	1.914101
32154	-3438.632	-3608.9	170.2679	1.523487	0.479482	0.520518	2.153504
32160	-3448.487	-3619.17	170.683	1.59257	0.487499	0.512501	1.830033
32166	-3447.672	-3618.424	170.7526	1.562633	0.592577	0.407423	1.802629
32172	-3448.977	-3620.214	171.237	1.822076	0.588474	0.411526	1.246129
32178	-3449.621	-3620.866	171.2454	1.778112	0.585692	0.414308	1.275559
32184	-3448.483	-3619.539	171.0566	1.711409	0.465157	0.534843	1.476479
32190	-3446.078	-3617.121	171.043	1.68986	0.475956	0.524044	1.502919
32196	-3441.973	-3612.784	170.8112	1.709242	0.642091	0.357909	1.658329
32202	-3441.278	-3611.967	170.6895	1.560502	0.591741	0.408259	1.847585
32208	-3446.654	-3617.037	170.3834	1.449215	0.614027	0.385973	2.126589
32214	-3443.341	-3612.861	169.5198	1.34332	0.636776	0.363224	2.737609
32220	-3438.052	-3607.679	169.6266	1.249507	0.582586	0.417414	2.729672
32226	-3436.871	-3606.271	169.3996	1.260622	0.582586	0.417414	2.861121
32232	-3445.314	-3614.097	168.7833	1.172373	0.582586	0.417414	3.282049
32238	-3429.867	-3599.688	169.8216	1.358599	0.585274	0.414726	2.541999
32244	-3442.043	-3611.635	169.5918	1.383521	0.551387	0.448613	2.668783
32250	-3439.036	-3607.888	168.8523	1.255811	0.634228	0.365772	3.191918
32256	-3440.114	-3610.136	170.0225	1.38803	0.628198	0.371802	2.397582
32262	-3432.999	-3601.324	168.3252	1.228092	0.609576	0.390424	3.517936
32268	-3436.574	-3604.54	167.9657	1.185609	0.510741	0.489259	3.750988
32274	-3442.595	-3608.54	165.945	1.022172	0.596809	0.403191	4.985312
32280	-3434.551	-3601.821	167.2697	0.9240179	0.596809	0.403191	4.29782
32286	-3453.179	-3620.251	167.0717	0.9751614	0.596809	0.403191	4.380835
32292	-3449.4	-3616.53	167.1304	0.9891463	0.596062	0.403938	4.339753
32298	-3443.842	-3610.042	166.1999	0.9909898	0.593956	0.406044	4.8608
32304	-3435.937	-3603.348	167.4108	1.111427	0.581116	0.418884	4.111437
32310	-3437.922	-3605.53	167.6078	1.082129	0.581116	0.418884	4.01581
32316	-3434.081	-3601.682	167.6015	1.088378	0.547609	0.452391	4.01581
32322	-3436.168	-3603.724	167.5556	1.153601	0.651368	0.348632	4.004798
32328	-3441.48	-3610.189	168.7094	1.208101	0.704835	0.295165	3.304525
32334	-3440.244	-3608.51	168.2669	1.17471	0.621945	0.378055	3.582918
32340	-3448.453	-3616.716	168.2631	1.224816	0.600926	0.399074	3.556001
32346	-3453.715	-3620.597	166.882	1.141008	0.517265	0.482735	4.394274
32352	-3458.531	-3628.348	169.8168	1.289828	0.617999	0.382001	2.587703
32358	-3448.373	-3617.782	169.4089	1.347273	0.563386	0.436614	2.802858
32364	-3439.099	-3606.773	167.6739	1.236405	0.599225	0.400775	3.889644
32370	-3445.755	-3613.725	167.9694	1.091707	0.430643	0.569357	3.802986
32376	-3448.826	-3616.409	167.5827	1.012703	0.522094	0.477906	4.069707
32382	-3445.401	-3613.037	167.6363	1.155162	0.624275	0.375725	3.95774
32388	-3438.261	-3606.081	167.8201	1.133896	0.624275	0.375725	3.864589
32394	-3440.18	-3608.826	168.6461	1.109242	0.592816	0.407184	3.399844
32400	-3437.257	-3605.802	168.545	1.21028	0.646792	0.353208	3.399844
32406	-3436.287	-3605.233	168.9461	1.15622	0.459536	0.540464	3.195335
32412	-3438.664	-3608.078	169.4139	1.18788	0.645717	0.354283	2.896518
32418	-3439.138	-3608.48	169.3414	1.303765	0.522529	0.477471	2.870232
32424	-3438.128	-3607.841	169.7121	1.303765	0.546925	0.453075	2.643832
32430	-3438.51	-3608.33	169.8202	1.389358	0.623677	0.376323	2.52372
32436	-3447.383	-3617.183	169.8008	1.511398	0.587176	0.412824	2.459539
32442	-3451.989	-3622.762	170.7731	1.623152	0.558738	0.441262	1.74628
32448	-3445.323	-3616.152	170.8294	1.581577	0.514158	0.485842	1.735921
32454	-3451.921	-3622.483	170.5614	1.553773	0.588541	0.411459	1.939197
32460	-3440.407	-3609.599	169.1922	1.26738	0.526091	0.473909	2.982189
32466	-3440.276	-3609.456	169.18	1.260757	0.533403	0.466597	2.993479
32472	-3441.467	-3609.211	167.7441	1.131329	0.568149	0.431851	3.909671
32478	-3441.234	-3609.726	168.4927	1.087946	0.585642	0.414358	3.502003
32484	-3432.762	-3601.606	168.8439	1.215431	0.572138	0.427862	3.220786
32490	-3439.187	-3607.766	168.5785	1.199158	0.615106	0.384894	3.386767
32496	-3438.107	-3606.52	168.4131	1.16093	0.617808	0.382192	3.505849
32502	-3447.523	-3615.673	168.1493	1.185887	0.501376	0.498624	3.644674
32508	-3443.549	-3612.712	169.1636	1.245746	0.654746	0.345254	3.012335
32514	-3445.408	-3614.849	169.4406	1.257844	0.610722	0.389278	2.837974
32520	-3446.489	-3614.734	168.2448	1.142774	0.580435	0.419565	3.614311
32526	-3437.676	-3605.924	168.2486	1.164709	0.674226	0.325774	3.599371
32532	-3452.322	-3619.465	167.1425	1.182398	0.426942	0.573058	4.223545
32538	-3435.137	-3603.442	168.3054	1.192679	0.54291	0.45709	3.550102
32544	-3444.665	-3614.284	169.6191	1.256917	0.519326	0.480674	2.729729
32550	-3449.705	-3619.208	169.5026	1.250991	0.549395	0.450605	2.804423
32556	-3452.289	-3622.091	169.8013	1.350029	0.393184	0.606816	2.559962
32562	-3443.052	-3613.031	169.9788	1.531012	0.53272	0.46728	2.334642
32568	-3441.452	-3612.297	170.8443	1.597915	0.65689	0.34311	1.713909
32574	-3436.232	-3607.176	170.9438	1.578326	0.549112	0.450888	1.657115
32580	-3417.829	-3588.781	170.9519	1.59589	0.63504	0.36496	1.638669
32586	-3423.3	-3594.244	170.9445	1.681507	0.496263	0.503737	1.581942
32592	-3432.427	-3603.66	171.2328	1.74714	0.540119	0.459881	1.311115
32598	-3434.554	-3605.761	171.2068	1.741528	0.581378	0.418622	1.336489
32604	-3449.096	-3620.596	171.5006	1.837795	0.578677	0.421323	0.9928567
32610	-3451.539	-3622.945	171.4063	2.014888	0.4604	0.5396	0.9053044
32616	-3439.763	-3611.206	171.4435	2.062487	0.471938	0.528062	0.80287
32622	-3438.721	-3610.042	171.3205	2.19777	0.557175	0.442825	0.7862704
32628	-3433.572	-3604.959	171.3862	2.220826	0.603662	0.396338	0.6352157
32634	-3439.989	-3611.334	171.3449	2.212352	0.505487	0.494513	0.72891
32640	-3444.575	-3616.008	171.433	2.163613	0.524941	0.475059	0.6581995
32646	-3449.192	-3620.556	171.3639	2.132874	0.524941	0.475059	0.8148754
32652	-3444.856	-3616.229	171.3731	2.095886	0.488331	0.511669	0.8496706
32658	-3461.77	-3633.119	171.3496	2.1945	0.586119	0.413881	0.7492708
32664	-3454.445	-3625.819	171.3746	2.213678	0.666334	0.333666	0.6749465
32670	-3459.398	-3630.717	171.3194	2.17559	0.612854	0.387146	0.8172352
32676	-3455.011	-3626.383	171.3722	2.122796	0.49883	0.50117	0.8172352
32682	-3464.669	-3635.551	170.8817	1.711055	0.49732	0.50268	1.606194
32688	-3452.797	-3623.587	170.7901	1.515182	0.546181	0.453819	1.809518
32694	-3440.474	-3610.627	170.1538	1.464836	0.546181	0.453819	2.265121
32700	-3447.703	-3619.055	171.3523	1.953452	0.553273	0.446727	1.025223
32706	-3452.325	-3623.693	171.368	1.937757	0.610327	0.389673	1.025223
32712	-3451.613	-3623.028	171.4148	1.877803	0.547515	0.452485	1.037997
32718	-3450.032	-3621.314	171.2826	1.851682	0.623308	0.376692	1.182204
32724	-3446.291	-3617.323	171.0321	1.820562	0.559222	0.440778	1.411724
32730	-3448.405	-3619.319	170.9144	1.72729	0.565209	0.434791	1.570461
32736	-3438.536	-3609.059	170.5227	1.577191	0.565209	0.434791	1.949477
32742	-3437.861	-3608.81	170.9487	1.704672	0.628092	0.371908	1.561891
32748	-3440.375	-3611.39	171.0157	1.671956	0.543877	0.456123	1.536591
32754	-3445.513	-3616.938	171.4252	1.7601	0.610812	0.389188	1.1373
32760	-3432.129	-3603.13	171.0013	1.687828	0.627432	0.372568	1.535502
32766	-3431.412	-3602.449	171.0369	1.670682	0.573342	0.426658	1.52178
32772	-3435.955	-3606.974	171.0183	1.689343	0.575966	0.424034	1.52178
32778	-3430.6	-3601.637	171.0368	1.656443	0.573671	0.426329	1.53244
32784	-3436.045	-3606.803	170.7585	1.602266	0.522501	0.477499	1.77104
32790	-3437.441	-3608.183	170.7416	1.567064	0.559415	0.440585	1.807192
32796	-3441.262	-3611.977	170.7153	1.46823	0.559415	0.440585	1.892923
32802	-3432.596	-3603.385	170.7893	1.60592	0.520528	0.479472	1.746964
32808	-3436.491	-3607.61	171.119	1.799272	0.536283	0.463717	1.360381
32814	-3440.087	-3611.346	171.2585	1.628168	0.567253	0.432747	1.385268
32820	-3437.596	-3608.551	170.9552	1.663522	0.722546	0.277454	1.587296
32826	-3434.871	-3605.761	170.8905	1.663522	0.550044	0.449956	1.634213
32832	-3429.754	-3600.494	170.7402	1.57082	0.56081	0.43919	1.805598
32838	-3432.333	-3603.263	170.9304	1.745847	0.522929	0.477071	1.545023
32844	-3426.894	-3598.22	171.3259	1.746289	0.52803	0.47197	1.235136
32850	-3431.131	-3602.316	171.1849	1.776677	0.555721	0.444279	1.325932
32856	-3427.935	-3599.097	171.1618	1.799771	0.598231	0.401769	1.325932
32862	-3439.015	-3610.246	171.2309	1.799771	0.636694	0.363306	1.269687
32868	-3445.415	-3616.534	171.1188	1.817682	0.669614	0.330386	1.345927
32874	-3438.337	-3609.499	171.1623	1.774226	0.669614	0.330386	1.345927
32880	-3439.298	-3610.367	171.0693	1.687454	0.490632	0.509368	1.484957
32886	-3431.699	-3602.848	171.1484	1.651119	0.508494	0.491506	1.45255
32892	-3427.788	-3598.879	171.091	1.63569	0.584714	0.415286	1.507527
32898	-3435.906	-3607.175	171.2692	1.784656	0.545208	0.454792	1.250481
32904	-3432.571	-3603.864	171.2921	1.761723	0.539714	0.460286	1.250481
32910	-3434.386	-3605.536	171.1505	1.731528	0.527972	0.472028	1.388887
32916	-3443.653	-3614.833	171.1803	1.682645	0.566153	0.433847	1.403765
32922	-3444.182	-3615.279	171.0965	1.766435	0.48841	0.51159	1.403765
32928	-3440.896	-3612.11	171.2139	1.762395	0.583655	0.416345	1.314015
32934	-3434.096	-3605.378	171.2821	1.823656	0.689633	0.310367	1.206674
32940	-3428.965	-3599.768	170.8034	1.709895	0.496458	0.503542	1.663419
32946	-3441.261	-3612.297	171.036	1.593772	0.533388	0.466612	1.579253
32952	-3435.367	-3606.384	171.0174	1.612368	0.533388	0.466612	1.579253
32958	-3435.563	-3606.107	170.5434	1.612368	0.505922	0.494078	1.911778
32964	-3435.878	-3605.878	170.0008	1.521144	0.582781	0.417219	2.326977
32970	-3435.549	-3605.477	169.9278	1.405767	0.469019	0.530981	2.446081
32976	-3434.622	-3604.723	170.1007	1.425269	0.653448	0.346552	2.32441
32982	-3438.488	-3609.058	170.5703	1.450122	0.507427	0.492573	2.002652
32988	-3441.247	-3611.969	170.7226	1.534536	0.556192	0.443808	1.842689
32994	-3435.127	-3605.806	170.6787	1.495703	0.604757	0.395243	1.899111
33000	-3449.644	-3619.892	170.248	1.502901	0.570279	0.429721	2.179834
33006	-3445.869	-3616.541	170.6717	1.487712	0.496317	0.503683	1.909322
33012	-3437.872	-3608.429	170.5568	1.521889	0.496317	0.503683	1.963745
33018	-3436.968	-3607.504	170.5358	1.542837	0.51991	0.48009	1.963745
33024	-3433.783	-3604.879	171.0959	1.723804	0.462622	0.537378	1.437122
33030	-3438.565	-3609.752	171.1873	1.680028	0.64226	0.35774	1.400298
33036	-3444.808	-3615.813	171.0045	1.555502	0.675561	0.324439	1.629905
33042	-3437.746	-3608.536	170.7892	1.626211	0.675561	0.324439	1.732777
33048	-3434.716	-3605.589	170.8738	1.544102	0.531907	0.468093	1.731073
33054	-3445.399	-3616.358	170.9589	1.733376	0.593971	0.406029	1.533204
33060	-3442.472	-3613.351	170.8792	1.691888	0.567695	0.432305	1.62192
33066	-3441.364	-3611.877	170.5136	1.609571	0.567695	0.432305	1.933801
33072	-3436.572	-3606.485	169.9123	1.447714	0.649531	0.350469	2.429459
33078	-3434.345	-3604.82	170.4757	1.478124	0.479912	0.520088	2.046858
33084	-3429.228	-3600.121	170.8934	1.606124	0.586548	0.413452	1.673283
33090	-3440.093	-3611.037	170.9444	1.488625	0.602551	0.397449	1.72044
33096	-3437.265	-3607.987	170.7225	1.407211	0.513303	0.486697	1.929404
33102	-3442.081	-3613.022	170.9416	1.573782	0.483297	0.516703	1.661934
33108	-3442.521	-3612.847	170.3266	1.549958	0.580322	0.419678	2.097827
33114	-3438.384	-3608.876	170.4924	1.475902	0.599107	0.400893	2.037275
33120	-3444.376	-3615.137	170.7615	1.558065	0.472007	0.527993	1.799626
33126	-3442.424	-3613.017	170.5925	1.599221	0.66302	0.33698	1.887349
33132	-3447.654	-3618.088	170.4342	1.519863	0.523493	0.476507	2.04671
33138	-3441.79	-3612.419	170.629	1.482802	0.518381	0.481619	1.941491
33144	-3438.793	-3608.603	169.8105	1.480903	0.632965	0.367035	2.472549
33150	-3439.44	-3609.292	169.8519	1.398132	0.716594	0.283406	2.498482
33156	-3430.132	-3600.481	170.3488	1.576917	0.651909	0.348091	2.065483
33162	-3440.94	-3611.668	170.7281	1.566217	0.62262	0.37738	1.817087
33168	-3425.481	-3595.632	170.15	1.471595	0.563961	0.436039	2.263223
33174	-3435.674	-3605.341	169.6662	1.434907	0.673119	0.326881	2.591144
33180	-3447.991	-3617.349	169.3579	1.323106	0.385394	0.614606	2.84856
33186	-3428.27	-3597.725	169.455	1.359325	0.570297	0.429703	2.767434
33192	-3439.218	-3609.188	169.9706	1.47058	0.720219	0.279781	2.378201
33198	-3447.775	-3617.582	169.8068	1.360867	0.673942	0.326058	2.549849
33204	-3437.914	-3607.829	169.9152	1.414006	0.63899	0.36101	2.448856
33210	-3433.848	-3603.163	169.3151	1.232545	0.462376	0.537624	2.929156
33216	-3430.371	-3599.789	169.418	1.277234	0.528664	0.471336	2.839892
33222	-3449.65	-3619.52	169.87	1.277234	0.60808	0.39192	2.562491
33228	-3441.062	-3611.443	170.3806	1.481143	0.542173	0.457827	2.107508
33234	-3437.43	-3607.332	169.9014	1.483226	0.549644	0.450356	2.413948
33240	-3439.38	-3609.387	170.007	1.477609	0.436062	0.563938	2.350698
33246	-3436.423	-3606.665	170.2422	1.432082	0.553369	0.446631	2.229351
33252	-3430.483	-3601.413	170.9293	1.564868	0.576173	0.423827	1.677099
33258	-3430.872	-3601.588	170.7155	1.503632	0.565157	0.434843	1.868703
33264	-3432.191	-3602.86	170.6685	1.550597	0.639163	0.360837	1.868703
33270	-3435.363	-3605.688	170.325	1.430231	0.575397	0.424603	2.176976
33276	-3423.794	-3594.439	170.6444	1.446416	0.564746	0.435254	1.955542
33282	-3431.662	-3602.208	170.5463	1.492535	0.529418	0.470582	1.990365
33288	-3421.785	-3592.301	170.5155	1.456411	0.633078	0.366922	2.034906
33294	-3430.597	-3600.825	170.2275	1.586509	0.582259	0.417741	2.138726
33300	-3427.688	-3598.335	170.6476	1.611897	0.678043	0.321957	1.841095
33306	-3432.03	-3602.594	170.564	1.594127	0.619577	0.380423	1.910155
33312	-3440.097	-3611.024	170.9266	1.62809	0.560427	0.439573	1.633744
33318	-3446.793	-3617.251	170.4585	1.529626	0.511643	0.488357	2.024185
33324	-3444.107	-3614.514	170.4068	1.594239	0.693609	0.306391	2.01556
33330	-3449.766	-3620.518	170.7525	1.670178	0.566557	0.433443	1.727701
33336	-3432.882	-3603.678	170.7961	1.593675	0.595226	0.404774	1.750768
33342	-3439.654	-3610.173	170.5189	1.557115	0.660602	0.339398	1.965506
33348	-3430.899	-3601.066	170.1668	1.471392	0.585664	0.414336	2.252553
33354	-3437.815	-3608.851	171.0366	1.521346	0.625134	0.374866	1.631392
33360	-3440.551	-3611.278	170.7266	1.708381	0.610547	0.389453	1.719049
33366	-3440.336	-3611.311	170.9742	1.690832	0.607652	0.392348	1.553314
33372	-3431.579	-3602.701	171.1218	1.566626	0.56118	0.43882	1.536005
33378	-3437.831	-3607.851	170.0204	1.414979	0.5351	0.4649	2.381884
33384	-3442.419	-3611.875	169.4552	1.232023	0.5351	0.4649	2.844792
33390	-3434.555	-3603.001	168.446	1.158327	0.564577	0.435423	3.488152
33396	-3432.796	-3600.833	168.0369	1.098783	0.500369	0.499631	3.759996
33402	-3431.663	-3600.469	168.8068	1.216151	0.51094	0.48906	3.242326
33408	-3434.693	-3603.778	169.0852	1.224758	0.629577	0.370423	3.071778
33414	-3430.96	-3599.868	168.9085	1.215978	0.497934	0.502066	3.182185
33420	-3430.459	-3596.934	166.4742	1.058853	0.603572	0.396428	4.669677
33426	-3443.023	-3610.513	167.4893	1.109077	0.578651	0.421349	4.06803
33432	-3445.21	-3613.261	168.0515	1.109125	0.647283	0.352717	3.745628
33438	-3444.136	-3611.662	167.5261	1.0411	0.647283	0.352717	4.085825
33444	-3452.654	-3621.495	168.841	1.110475	0.506618	0.493382	3.284522
33450	-3443.535	-3612.943	169.4084	1.28345	0.553418	0.446582	2.841983
33456	-3451.094	-3620.192	169.0982	1.267791	0.584712	0.415288	3.038266
33462	-3429.489	-3599.06	169.571	1.287957	0.640157	0.359843	2.740171
33468	-3442.84	-3611.881	169.0403	1.202549	0.669212	0.330788	3.111818
33474	-3446.891	-3616.273	169.3824	1.383093	0.669212	0.330788	2.797229
33480	-3448.211	-3618.232	170.0215	1.36705	0.737227	0.262773	2.411457
33486	-3448.122	-3617.942	169.8205	1.418003	0.655649	0.344351	2.50564
33492	-3434.949	-3604.425	169.476	1.329044	0.630903	0.369097	2.773126
33498	-3434.51	-3604.119	169.6093	1.388605	0.74981	0.25019	2.654916
33504	-3455.889	-3624.795	168.906	1.168306	0.644264	0.355736	3.211941
33510	-3439.773	-3606.827	167.0543	1.087918	0.595998	0.404002	4.32694
33516	-3441.279	-3610.118	168.8385	1.204159	0.622807	0.377193	3.230642
33522	-3446.501	-3614.921	168.4195	1.097015	0.725307	0.274693	3.539383
33528	-3447.21	-3615.675	168.4655	1.141073	0.690752	0.309248	3.486857
33534	-3445.098	-3613.806	168.708	1.14029	0.612442	0.387558	3.345292
33540	-3445.826	-3613.736	167.9094	1.208802	0.561637	0.438363	3.770104
33546	-3431.224	-3600.575	169.3515	1.273949	0.605901	0.394099	2.882206
33552	-3441.215	-3611.463	170.2485	1.347662	0.519023	0.480977	2.279565
33558	-3442.445	-3612.264	169.8186	1.377366	0.511466	0.488534	2.532207
33564	-3443.899	-3612.812	168.9127	1.218067	0.538667	0.461333	3.178456
33570	-3440.904	-3608.866	167.9624	1.207359	0.649277	0.350723	3.740354
33576	-3437.765	-3605.279	167.5142	1.107853	0.649277	0.350723	4.054516
33582	-3439.78	-3607.117	167.3375	1.042181	0.582748	0.417252	4.192426
33588	-3434.52	-3603.114	168.5941	1.294058	0.612859	0.387141	3.321836
33594	-3443.924	-3613.201	169.2776	1.31399	0.539498	0.460502	2.902674
33600	-3451.382	-3621.714	170.3316	1.514843	0.525148	0.474852	2.117572
33606	-3443.208	-3613.937	170.7288	1.637991	0.644052	0.355948	1.766837
33612	-3431.275	-3602.063	170.788	1.637332	0.676653	0.323347	1.725837
33618	-3429.402	-3599.38	169.9783	1.403029	0.619328	0.380672	2.416059
33624	-3434.643	-3604.621	169.9783	1.403029	0.619328	0.380672	2.416059
33630	-3438.079	-3608.42	170.3418	1.524019	0.592422	0.407578	2.104873
33636	-3450.356	-3620.577	170.2213	1.470294	0.531506	0.468494	2.218204
33642	-3438.286	-3608.221	169.9347	1.398583	0.512434	0.487566	2.446304
33648	-3456.568	-3626.886	170.3174	1.461908	0.568446	0.431554	2.16136
33654	-3437.339	-3607.744	170.4054	1.551868	0.569458	0.430542	2.044614
33660	-3444.358	-3615.113	170.7549	1.551868	0.580594	0.419406	1.808506
33666	-3432.075	-3602.327	170.2513	1.513698	0.537169	0.462831	2.170648
33672	-3433.833	-3604.077	170.2441	1.489772	0.682523	0.317477	2.190854
33678	-3439.969	-3610.136	170.1668	1.390259	0.553912	0.446088	2.304538
33684	-3429.824	-3600.286	170.462	1.440663	0.6765	0.3235	2.080644
33690	-3434.055	-3604.932	170.8772	1.522266	0.661763	0.338237	1.744028
33696	-3428.011	-3598.707	170.6958	1.529815	0.540897	0.459103	1.86427
33702	-3429.979	-3600.496	170.5164	1.469128	0.61617	0.38383	2.025908
33708	-3428.412	-3598.352	169.9394	1.443681	0.61617	0.38383	2.414908
33714	-3435.288	-3605.922	170.634	1.536326	0.612647	0.387353	1.901892
33720	-3428.448	-3598.737	170.2892	1.442259	0.554484	0.445516	2.192391
33726	-3441.245	-3610.849	169.6032	1.433033	0.554484	0.445516	2.631238
33732	-3453.518	-3622.86	169.3417	1.316919	0.71951	0.28049	2.862091
33738	-3442.192	-3612.229	170.0374	1.381735	0.537795	0.462205	2.392171
33744	-3432.982	-3603.06	170.0776	1.421509	0.537795	0.462205	2.341459
33750	-3440.391	-3609.078	168.6869	1.290704	0.640681	0.359319	3.269088
33756	-3439.032	-3608.031	168.9991	1.335574	0.589763	0.410237	3.057032
33762	-3447.91	-3616.219	168.3096	1.167015	0.631676	0.368324	3.562592
33768	-3438.149	-3606.436	168.2869	1.189708	0.634252	0.365748	3.562592
33774	-3429.003	-3597.89	168.8862	1.315996	0.595871	0.404129	3.135995
33780	-3427.949	-3597.109	169.1604	1.189975	0.699593	0.300407	3.047631
33786	-3431.837	-3599.268	167.4313	1.107261	0.621674	0.378326	4.102123
33792	-3436.288	-3604.599	168.3101	1.173761	0.682068	0.317932	3.558353
33798	-3430.736	-3598.879	168.1433	1.12631	0.7224	0.2776	3.682657
33804	-3437.05	-3605.12	168.0696	1.189099	0.59825	0.40175	3.68898
33810	-3445.075	-3613.248	168.173	1.08569	0.606927	0.393073	3.68898
33816	-3436.806	-3604.047	167.2412	1.132652	0.655522	0.344478	4.195734
33822	-3435.75	-3603.189	167.4395	1.025324	0.614419	0.385581	4.144048
33828	-3453.049	-3620.474	167.4252	1.039705	0.561623	0.438377	4.144048
33834	-3455.308	-3623.729	168.4213	1.149065	0.515631	0.484369	3.507972
33840	-3435.985	-3604.356	168.371	1.199387	0.643827	0.356173	3.507972
33846	-3439.816	-3607.961	168.1452	1.196464	0.624607	0.375393	3.640912
33852	-3445.818	-3614.878	169.0602	1.301136	0.572135	0.427865	3.041079
33858	-3437.967	-3607.284	169.3177	1.360805	0.69672	0.30328	2.85004
33864	-3441.818	-3610.908	169.0903	1.261806	0.706337	0.293663	3.046626
33870	-3446.832	-3616.653	169.8208	1.405738	0.701409	0.298591	2.513168
33876	-3444.349	-3614.055	169.7064	1.393062	0.674215	0.325785	2.592142
33882	-3454.256	-3623.226	168.9693	1.173368	0.612359	0.387641	3.171408
33888	-3442.841	-3612.474	169.6336	1.378132	0.720314	0.279686	2.646365
33894	-3440.044	-3610.022	169.9785	1.435748	0.623659	0.376341	2.395271
33900	-3433.246	-3602.949	169.7029	1.373815	0.583404	0.416596	2.60623
33906	-3433.745	-3602.869	169.1241	1.311799	0.636911	0.363089	2.99638
33912	-3444.133	-3613.298	169.1646	1.26973	0.59122	0.40878	2.997327
33918	-3438.211	-3606.919	168.7077	1.206158	0.67234	0.32766	3.306715
33924	-3448.498	-3617.746	169.2485	1.229672	0.617476	0.382524	2.971031
33930	-3444.366	-3612.778	168.4123	1.106334	0.642278	0.357722	3.538115
33936	-3447.749	-3615.061	167.3122	1.169131	0.684363	0.315637	4.134705
33942	-3445.938	-3615.121	169.1831	1.286163	0.649041	0.350959	2.976358
33948	-3444.904	-3613.813	168.9097	1.267912	0.666029	0.333971	3.15065
33954	-3442.095	-3611.926	169.8308	1.352609	0.648855	0.351145	2.54004
33960	-3448.738	-3617.733	168.9955	1.343385	0.541875	0.458125	3.054511
33966	-3453.748	-3622.201	168.4524	1.230057	0.555928	0.444072	3.442543
33972	-3448.627	-3617.096	168.4689	1.181125	0.603634	0.396366	3.461462
33978	-3454.072	-3621.485	167.4128	1.145343	0.528698	0.471302	4.090968
33984	-3466.432	-3635.178	168.7465	1.209448	0.593001	0.406999	3.281858
33990	-3454.198	-3623.152	168.9541	1.298147	0.587263	0.412737	3.10624
33996	-3447.545	-3614.61	167.0645	1.122708	0.661276	0.338724	4.30153
34002	-3448.136	-3617.405	169.2683	1.277531	0.531991	0.468009	2.930297
34008	-3440.656	-3610.037	169.3803	1.325584	0.537349	0.462651	2.833424
34014	-3448.07	-3616.542	168.4722	1.283119	0.708915	0.291085	3.399849
34020	-3423.042	-3591.446	168.4041	1.217079	0.641485	0.358515	3.478353
34026	-3439.474	-3608.495	169.0206	1.217079	0.538249	0.461751	3.114923
34032	-3443.378	-3612.13	168.7511	1.227562	0.660143	0.339857	3.268499
34038	-3446.864	-3614.713	167.8492	1.110165	0.713015	0.286985	3.861486
34044	-3450.044	-3618.131	168.0869	1.107053	0.586143	0.413857	3.726404
34050	-3441.415	-3608.548	167.1328	1.086214	0.656989	0.343011	4.283495
34056	-3432.513	-3599.706	167.1937	1.025385	0.688737	0.311263	4.283495
34062	-3434.817	-3602.517	167.7009	1.134957	0.69559	0.30441	3.932349
34068	-3437.972	-3606.358	168.386	1.190875	0.628297	0.371703	3.504194
34074	-3440.412	-3609.207	168.7955	1.250006	0.561305	0.438695	3.228955
34080	-3446.874	-3615.581	168.7062	1.339347	0.591869	0.408131	3.228955
34086	-3442.728	-3611.758	169.03	1.262997	0.598341	0.401659	3.081896
34092	-3434.623	-3603.737	169.114	1.281522	0.584889	0.415111	3.020608
34098	-3433.867	-3602.774	168.907	1.252163	0.584889	0.415111	3.161593
34104	-3436.289	-3605.047	168.7584	1.173976	0.74044	0.25956	3.295798
34110	-3435.403	-3604.425	169.0224	1.232729	0.69556	0.30444	3.104511
34116	-3446.502	-3615.489	168.9873	1.317888	0.664389	0.335611	3.074646
34122	-3438.092	-3607.093	169.0009	1.343456	0.593425	0.406575	3.051262
34128	-3443.667	-3613.58	169.9133	1.539343	0.606243	0.393757	2.37096
34134	-3441.88	-3612.539	170.6591	1.553881	0.603677	0.396323	1.872904
34140	-3436.312	-3607.178	170.8655	1.603918	0.638648	0.361352	1.694683
34146	-3434.415	-3604.816	170.4015	1.499845	0.503894	0.496106	2.081524
34152	-3441.006	-3611.768	170.7624	1.556767	0.660087	0.339913	1.799932
34158	-3438.726	-3609.16	170.4338	1.565157	0.587368	0.412632	2.016986
34164	-3436.94	-3607.271	170.3314	1.467648	0.587442	0.412558	2.148492
34170	-3440.61	-3611.087	170.4777	1.452792	0.647483	0.352517	2.062285
34176	-3441.811	-3611.926	170.1144	1.345038	0.683297	0.316703	2.366633
34182	-3444.967	-3613.37	168.4031	1.084387	0.689613	0.310387	3.556261
34188	-3445.053	-3613.346	168.2931	1.194384	0.648239	0.351761	3.556261
34194	-3437.308	-3606.645	169.3369	1.342314	0.648239	0.351761	2.84961
34200	-3436.701	-3606.024	169.3237	1.355552	0.682194	0.317806	2.84961
34206	-3436.553	-3606.979	170.4259	1.452593	0.773824	0.226176	2.096523
34212	-3423.461	-3594.028	170.5667	1.545919	0.654288	0.345712	1.940899
34218	-3435.357	-3605.609	170.2518	1.54609	0.608329	0.391671	2.149229
34224	-3439.169	-3609.037	169.8685	1.343148	0.614509	0.385491	2.522444
34230	-3438.777	-3608.655	169.8776	1.356106	0.583342	0.416658	2.508662
34236	-3433.644	-3602.72	169.076	1.239239	0.60479	0.39521	3.06863
34242	-3431.47	-3599.899	168.4286	1.207782	0.707702	0.292298	3.469455
34248	-3429.089	-3597.583	168.4941	1.206136	0.570667	0.429333	3.432119
34254	-3440.102	-3608.91	168.8077	1.212724	0.570667	0.429333	3.243775
34260	-3439.455	-3609.101	169.6457	1.288789	0.591431	0.408569	2.693913
34266	-3431.843	-3600.785	168.9421	1.254722	0.656503	0.343497	3.139222
34272	-3432.97	-3602.407	169.4372	1.271295	0.628411	0.371589	2.831862
34278	-3425.163	-3593.002	167.8398	1.136908	0.629902	0.370098	3.851528
34284	-3431.571	-3599.79	168.219	1.175699	0.511653	0.488347	3.610152
34290	-3437.295	-3606.892	169.5968	1.284199	0.571236	0.428764	2.726715
34296	-3422.428	-3592.126	169.6981	1.348823	0.644348	0.355652	2.624654
34302	-3428.396	-3598.197	169.8009	1.245989	0.760171	0.239829	2.624654
34308	-3440.242	-3609.019	168.7769	1.265244	0.673452	0.326548	3.230973
34314	-3442.781	-3612.176	169.3948	1.271674	0.664514	0.335486	2.857345
34320	-3450.14	-3619.513	169.3735	1.28061	0.64577	0.35423	2.864837
34326	-3458.396	-3627.237	168.8416	1.346231	0.664576	0.335424	3.144579
34332	-3447.837	-3617.273	169.4357	1.344037	0.664576	0.335424	2.788542
34338	-3441.413	-3610.883	169.4696	1.310125	0.689174	0.310826	2.788542
34344	-3432.701	-3601.282	168.5808	1.226755	0.717527	0.282473	3.369189
34350	-3452.853	-3620.626	167.7722	1.100042	0.636526	0.363474	3.911486
34356	-3453.517	-3620.845	167.3285	1.045711	0.559067	0.440933	4.19553
34362	-3444.272	-3614.139	169.8674	1.396145	0.614659	0.385341	2.490011
34368	-3438.277	-3608.412	170.1349	1.391851	0.575862	0.424138	2.323895
34374	-3440.355	-3610.751	170.3963	1.498966	0.600693	0.399307	2.085486
34380	-3444.725	-3615.265	170.5396	1.521671	0.70116	0.29884	1.975377
34386	-3446.009	-3616.36	170.3506	1.373534	0.455992	0.544008	2.197125
34392	-3441.186	-3611.758	170.5724	1.54579	0.492925	0.507075	1.937184
34398	-3432.854	-3603.385	170.531	1.533765	0.471402	0.528598	1.973055
34404	-3439.1	-3609.714	170.6137	1.545119	0.716174	0.283826	1.909697
34410	-3434.753	-3605.535	170.7816	1.597593	0.515745	0.484255	1.758221
34416	-3440.109	-3610.89	170.7805	1.565685	0.493672	0.506328	1.781194
34422	-3431.023	-3601.752	170.729	1.476096	0.59098	0.40902	1.878298
34428	-3431.553	-3600.649	169.0959	1.261533	0.525577	0.474423	3.043392
34434	-3438.276	-3607.93	169.6533	1.227384	0.568396	0.431604	2.726861
34440	-3428.053	-3597.158	169.1045	1.159857	0.540987	0.459013	3.099018
34446	-3440.502	-3609.458	168.956	1.210444	0.587489	0.412511	3.157268
34452	-3438.19	-3606.884	168.6938	1.137242	0.608133	0.391867	3.355391
34458	-3431.145	-3600.475	169.3294	1.261809	0.602605	0.397395	2.902865
34464	-3440.869	-3610.545	169.6759	1.277865	0.540515	0.459485	2.682066
34470	-3443.577	-3612.98	169.4023	1.292254	0.48495	0.51505	2.840315
34476	-3440.65	-3608.826	168.1765	1.250811	0.504478	0.495522	3.591207
34482	-3440.909	-3609.63	168.7216	1.129166	0.504478	0.495522	3.343817
34488	-3442.931	-3610.966	168.0352	1.146527	0.547269	0.452731	3.733416
34494	-3454.368	-3622.498	168.13	1.163938	0.547269	0.452731	3.668582
34500	-3454.513	-3622.871	168.3587	1.379827	0.590434	0.409566	3.409701
34506	-3439.378	-3608.044	168.6662	1.221739	0.590434	0.409566	3.321954
34512	-3437.943	-3606.975	169.0318	1.348062	0.608538	0.391462	3.03001
34518	-3449.708	-3619.824	170.1158	1.293808	0.481411	0.518589	2.398164
34524	-3443.256	-3613.66	170.4048	1.396116	0.540897	0.459103	2.147278
34530	-3433.951	-3604.305	170.354	1.446936	0.517226	0.482774	2.147278
34536	-3432.479	-3603.083	170.6047	1.665556	0.549451	0.450549	1.833669
34542	-3440.594	-3611.748	171.1548	1.60663	0.566593	0.433407	1.481457
34548	-3435.163	-3606.106	170.9431	1.656735	0.566593	0.433407	1.601088
34554	-3446.862	-3618.071	171.2083	1.946842	0.625352	0.374648	1.163989
34560	-3450.454	-3621.192	170.7383	1.642189	0.532155	0.467845	1.757279
34566	-3437.566	-3607.178	169.6122	1.463789	0.490997	0.509003	2.606669
34572	-3437.884	-3607.651	169.7674	1.338238	0.535143	0.464857	2.588327
34578	-3435.495	-3604.625	169.1295	1.291703	0.591888	0.408112	3.005235
34584	-3429.337	-3596.525	167.1888	1.099179	0.619594	0.380406	4.244457
34590	-3446.648	-3617.5	170.8525	1.743681	0.545328	0.454672	1.603744
34596	-3443.221	-3614.083	170.8621	1.663928	0.589259	0.410741	1.654323
34602	-3435.844	-3606.726	170.8824	1.643596	0.47122	0.52878	1.654323
34608	-3441.607	-3612.17	170.5633	1.5028	0.526128	0.473872	1.972154
34614	-3444.867	-3614.977	170.1104	1.416615	0.441514	0.558486	2.323718
34620	-3454.867	-3623.689	168.822	1.285954	0.565925	0.434075	3.191997
34626	-3457.756	-3627.816	170.0593	1.412843	0.463926	0.536074	2.358584
34632	-3446.884	-3616.447	169.5628	1.375747	0.570161	0.429839	2.691413
34638	-3435.016	-3604.345	169.3285	1.317847	0.549166	0.450834	2.869527
34644	-3448.65	-3619.233	170.583	1.393898	0.555307	0.444693	2.031624
34650	-3444.229	-3613.676	169.4468	1.382532	0.640742	0.359258	2.758272
34656	-3437.481	-3606.748	169.2676	1.406287	0.530367	0.469633	2.852843
34662	-3438.552	-3605.292	166.7391	1.076305	0.616496	0.383504	4.511208
34668	-3436.161	-3603.602	167.4415	1.154912	0.539218	0.460782	4.069144
34674	-3432.392	-3601.658	169.2656	1.356745	0.539218	0.460782	2.884071
34680	-3433.249	-3603.654	170.4048	1.435736	0.511975	0.488025	2.121418
34686	-3430.026	-3600.122	170.0957	1.47844	0.558494	0.441506	2.293646
34692	-3431.041	-3601.548	170.5063	1.544603	0.547164	0.452836	1.982301
34698	-3433.381	-3603.853	170.4723	1.578636	0.463467	0.536533	1.982301
34704	-3439.679	-3610.317	170.6376	1.685433	0.579215	0.420785	1.797255
34710	-3443.847	-3613.713	169.8656	1.51703	0.52055	0.47945	2.415253
34716	-3439.442	-3608.244	168.8016	1.324008	0.535859	0.464141	3.181531
34722	-3447.909	-3617.833	169.9239	1.341816	0.585805	0.414195	2.488646
34728	-3441.226	-3610.514	169.2877	1.419884	0.595635	0.404365	2.832418
34734	-3442.704	-3612.003	169.299	1.408543	0.516096	0.483904	2.832418
34740	-3442.564	-3612.804	170.2395	1.442269	0.587791	0.412209	2.224544
34746	-3445.66	-3616.377	170.7171	1.530185	0.676111	0.323889	1.84947
34752	-3437.752	-3608.51	170.7581	1.624586	0.568378	0.431622	1.755757
34758	-3440.153	-3610.767	170.6149	1.628472	0.555517	0.444483	1.852116
34764	-3446.629	-3617.298	170.6687	1.529158	0.559646	0.440354	1.883228
34770	-3441.679	-3611.791	170.1115	1.510752	0.550647	0.449353	2.262823
34776	-3439.635	-3609.726	170.0913	1.472972	0.517968	0.482032	2.299968
34782	-3446.675	-3616.315	169.6398	1.48527	0.645135	0.354865	2.576302
34788	-3451.125	-3621.427	170.3015	1.48527	0.569632	0.430368	2.15649
34794	-3442.487	-3612.075	169.588	1.417141	0.508355	0.491645	2.650439
34800	-3444.947	-3615.655	170.7081	1.561027	0.43005	0.56995	1.83445
34806	-3433.448	-3603.945	170.4969	1.572973	0.535643	0.464357	1.969643
34812	-3431.883	-3602.903	171.0198	1.686526	0.581577	0.418423	1.522699
34818	-3437.149	-3608.126	170.9766	1.859069	0.452079	0.547921	1.424857
34824	-3426.644	-3597.825	171.1802	1.819481	0.512785	0.487215	1.295091
34830	-3430.645	-3601.792	171.1469	1.769019	0.512785	0.487215	1.362239
34836	-3440.836	-3611.593	170.7564	1.616922	0.559289	0.440711	1.76231
34842	-3440.58	-3611.39	170.8105	1.618226	0.639925	0.360075	1.723456
34848	-3435.758	-3606.052	170.2947	1.407218	0.616078	0.383922	2.211495
34854	-3449.976	-3620.132	170.1555	1.508113	0.616078	0.383922	2.236227
34860	-3434.081	-3604.445	170.3643	1.535913	0.563476	0.436524	2.082284
34866	-3444.675	-3615.195	170.52	1.544215	0.5335	0.4665	1.973445
34872	-3450.649	-3619.623	168.9746	1.311864	0.592891	0.407109	3.085808
34878	-3455.404	-3623.897	168.493	1.236712	0.592891	0.407109	3.414856
34884	-3443.913	-3613.479	169.566	1.398537	0.515697	0.484303	2.675433
34890	-3455.51	-3625.145	169.6354	1.231398	0.580854	0.419146	2.735404
34896	-3445.789	-3615.975	170.1857	1.38036	0.55487	0.44513	2.298813
34902	-3440.465	-3609.749	169.2847	1.268598	0.608932	0.391068	2.925784
34908	-3432.681	-3602.016	169.3353	1.217957	0.550369	0.449631	2.925784
34914	-3431.184	-3601.174	169.9892	1.331494	0.596218	0.403782	2.454208
34920	-3437.812	-3606.472	168.6601	1.305708	0.492031	0.507969	3.276061
34926	-3441.846	-3609.634	167.7885	1.305708	0.492031	0.507969	3.78391
34932	-3437.657	-3606.484	168.8265	1.170515	0.498386	0.501614	3.257632
34938	-3441.949	-3611.135	169.1857	1.262399	0.587952	0.412048	2.989062
34944	-3450.252	-3618.076	167.8244	1.23021	0.570243	0.429757	3.806749
34950	-3439.455	-3608.402	168.9467	1.319257	0.608851	0.391149	3.098026
34956	-3446.159	-3615.018	168.8586	1.254152	0.539494	0.460506	3.189116
34962	-3437.401	-3603.921	166.5193	1.162008	0.571745	0.428255	4.586552
34968	-3432.47	-3600.016	167.5461	1.12267	0.620333	0.379667	4.027885
34974	-3440.764	-3608.117	167.3532	1.076256	0.625351	0.374649	4.164167
34980	-3441.104	-3609.033	167.9293	1.16138	0.639127	0.360873	3.785953
34986	-3428.514	-3596.539	168.025	1.177066	0.669573	0.330427	3.721707
34992	-3437.53	-3605.165	167.6348	1.120402	0.603062	0.396938	3.978475
34998	-3443.402	-3610.099	166.6974	1.062444	0.609023	0.390977	4.542471
35004	-3435.25	-3605.878	170.6285	1.443872	0.648555	0.351445	1.967962
35010	-3439.086	-3609.533	170.4476	1.514047	0.535217	0.464783	2.041709
35016	-3445.473	-3614.972	169.4987	1.409453	0.611188	0.388812	2.71004
35022	-3452.967	-3622.909	169.9422	1.40514	0.492484	0.507516	2.437435
35028	-3442.239	-3611.715	169.4757	1.328211	0.571378	0.428622	2.77379
35034	-3438.974	-3607.856	168.8815	1.25894	0.498602	0.501398	3.172715
35040	-3440.896	-3609.031	168.1351	1.275227	0.531258	0.468742	3.601076
35046	-3437.508	-3605.985	168.4764	1.169928	0.642715	0.357285	3.463635
35052	-3435.327	-3603.765	168.4375	1.18676	0.593964	0.406036	3.476554
35058	-3433.65	-3601.956	168.3058	1.131472	0.690509	0.309491	3.585468
35064	-3435.924	-3604.273	168.3493	1.126152	0.60857	0.39143	3.563226
35070	-3436.675	-3604.875	168.2005	1.153383	0.594298	0.405702	3.633844
35076	-3444.337	-3612.823	168.4859	1.284414	0.691672	0.308328	3.391066
35082	-3428.446	-3598.122	169.6758	1.322426	0.620813	0.379187	2.654719
35088	-3440.636	-3610.57	169.9342	1.322426	0.713226	0.286774	2.494357
35094	-3444.892	-3614.596	169.7035	1.309378	0.68596	0.31404	2.645692
35100	-3431.123	-3601.456	170.3324	1.563611	0.472852	0.527148	2.085008
35106	-3437.023	-3607.708	170.6848	1.553272	0.674795	0.325205	1.855735
35112	-3438.308	-3609.159	170.8507	1.655875	0.697973	0.302027	1.668267
35118	-3425.416	-3595.996	170.5807	1.601485	0.548446	0.451554	1.893829
35124	-3444.719	-3614.23	169.5109	1.476117	0.553959	0.446041	2.661567
35130	-3454.221	-3622.702	168.4803	1.443773	0.565954	0.434046	3.30065
35136	-3442.34	-3611.055	168.7143	1.209852	0.639552	0.360448	3.30065
35142	-3438.713	-3608.205	169.4921	1.265656	0.55251	0.44749	2.801938
35148	-3448.168	-3617.626	169.4581	1.299614	0.549018	0.450982	2.801938
35154	-3446.003	-3615.926	169.9237	1.446824	0.651284	0.348716	2.422857
35160	-3454.443	-3624.67	170.2275	1.508232	0.447596	0.552404	2.189666
35166	-3449.014	-3619.848	170.8342	1.627532	0.554539	0.445461	1.700126
35172	-3453.251	-3624.033	170.7824	1.68455	0.554539	0.445461	1.696438
35178	-3442.285	-3613.141	170.8552	1.611706	0.571397	0.428603	1.696438
35184	-3443.441	-3614.43	170.989	1.673721	0.666767	0.333233	1.555014
35190	-3440.281	-3610.684	170.4032	1.608883	0.560599	0.439401	2.008214
35196	-3449.016	-3619.659	170.6428	1.578659	0.536016	0.463984	1.867123
35202	-3463.725	-3634.268	170.5428	1.445055	0.652901	0.347099	2.024332
35208	-3454.806	-3625.415	170.6095	1.510579	0.677878	0.322122	1.935917
35214	-3462.469	-3633.137	170.6676	1.567653	0.558697	0.441303	1.857655
35220	-3460.219	-3630.944	170.7247	1.510608	0.635774	0.364226	1.857655
35226	-3449.343	-3620.092	170.7483	1.60273	0.554488	0.445512	1.777829
35232	-3448.367	-3618.893	170.5263	1.621126	0.565639	0.434361	1.917388
35238	-3443.404	-3614.344	170.9402	1.785218	0.645141	0.354859	1.508449
35244	-3440.116	-3611.091	170.9751	1.750346	0.601179	0.398821	1.508449
35250	-3433.62	-3604.676	171.0554	1.680834	0.747623	0.252377	1.500396
35256	-3445.226	-3616.068	170.8417	1.598922	0.700563	0.299437	1.715035
35262	-3445.812	-3616.423	170.611	1.527327	0.602987	0.397013	1.923579
35268	-3440.667	-3611.316	170.6491	1.489177	0.623406	0.376594	1.923579
35274	-3439.845	-3610.495	170.6497	1.501925	0.623406	0.376594	1.914593
35280	-3442.889	-3613.614	170.725	1.446349	0.573374	0.426626	1.901209
35286	-3439.016	-3609.582	170.5651	1.626742	0.517725	0.482275	1.887307
35292	-3434.377	-3605.4	171.0228	1.550083	0.677481	0.322519	1.620583
35298	-3433.746	-3604.511	170.7644	1.550083	0.677481	0.322519	1.803177
35304	-3444.533	-3615.034	170.5011	1.547327	0.741944	0.258056	1.983965
35310	-3446.303	-3617.216	170.9129	1.632614	0.632442	0.367558	1.640347
35316	-3443.577	-3614.866	171.2896	1.805943	0.689349	0.310651	1.215424
35322	-3439.797	-3611.076	171.2799	1.848633	0.575337	0.424663	1.187161
35328	-3448.861	-3620.249	171.3884	1.848633	0.54796	0.45204	1.090419
35334	-3456.206	-3624.81	168.6042	1.188097	0.573711	0.426289	3.378137
35340	-3451.224	-3622.535	171.3103	1.831377	0.569678	0.430322	1.175795
35346	-3444.66	-3615.947	171.2871	1.790937	0.463817	0.536183	1.230226
35352	-3454.915	-3626.178	171.2627	1.698604	0.525379	0.474621	1.326125
35358	-3442.874	-3614.061	171.1868	1.616107	0.559493	0.440507	1.449971
35364	-3434.318	-3605.507	171.1881	1.706967	0.576834	0.423166	1.378644
35370	-3443.409	-3614.489	171.0801	1.626138	0.492156	0.507844	1.522828
35376	-3437.609	-3608.19	170.5809	1.637068	0.573392	0.426608	1.869461
35382	-3449.332	-3620.357	171.0244	1.67239	0.573392	0.426608	1.529838
35388	-3448.167	-3618.913	170.7464	1.666314	0.490672	0.509328	1.734682
35394	-3446.65	-3617.446	170.7965	1.61625	0.51066	0.48934	1.734682
35400	-3446.882	-3617.769	170.8863	1.61625	0.617825	0.382175	1.671078
35406	-3448.487	-3619.365	170.8776	1.526491	0.535568	0.464432	1.740781
35412	-3449.661	-3620.543	170.8819	1.597849	0.583875	0.416125	1.687339
35418	-3450.353	-3621.097	170.7443	1.668101	0.571338	0.428662	1.734956
35424	-3443.157	-3614.104	170.9469	1.658016	0.740949	0.259051	1.597365
35430	-3426.369	-3597.199	170.83	1.613935	0.619458	0.380542	1.71271
35436	-3435.221	-3606.102	170.8805	1.5941	0.58189	0.41811	1.690984
35442	-3438.154	-3609.413	171.2597	1.682937	0.670202	0.329798	1.341079
35448	-3439.939	-3611.198	171.2597	1.682937	0.709534	0.290466	1.341079
35454	-3436.315	-3607.291	170.9767	1.641839	0.586932	0.413068	1.587418
35460	-3436.077	-3607.133	171.0558	1.79612	0.551206	0.448794	1.412283
35466	-3440.762	-3611.878	171.1154	1.77255	0.70828	0.29172	1.384274
35472	-3442.249	-3613.414	171.1656	1.845655	0.664347	0.335653	1.285666
35478	-3446.024	-3617.362	171.3376	1.850809	0.587636	0.412364	1.134598
35484	-3449.353	-3620.621	171.2685	1.850809	0.651243	0.348757	1.195075
35490	-3439.79	-3611.016	171.2262	1.857813	0.682462	0.317538	1.225203
35496	-3445.236	-3616.482	171.2454	1.838597	0.653353	0.346647	1.225203
35502	-3440.213	-3611.43	171.2162	1.770263	0.706782	0.293218	1.30585
35508	-3438.668	-3609.777	171.1092	1.789629	0.578087	0.421913	1.375716
35514	-3445.983	-3616.798	170.8154	1.497377	0.658051	0.341949	1.804335
35520	-3445.497	-3615.278	169.7808	1.360306	0.721791	0.278209	2.566323
35526	-3437.906	-3607.902	169.996	1.423533	0.638811	0.361189	2.391941
35532	-3445.333	-3613.357	168.0236	1.064193	0.586504	0.413496	3.787602
35538	-3438.126	-3606.704	168.5782	1.169679	0.657175	0.342825	3.404194
35544	-3444.778	-3613.018	168.2407	1.23883	0.573109	0.426891	3.560857
35550	-3442.732	-3612.42	169.6883	1.322728	0.603869	0.396131	2.646805
35556	-3442.967	-3613.406	170.4398	1.40039	0.567167	0.432833	2.121648
35562	-3440.711	-3610.506	169.7954	1.371098	0.559735	0.440265	2.550524
35568	-3438.512	-3608.267	169.7544	1.48017	0.636721	0.363279	2.508114
35574	-3430.152	-3600.801	170.6497	1.515461	0.652846	0.347154	1.905424
35580	-3437.247	-3608.1	170.8536	1.656822	0.707122	0.292878	1.665497
35586	-3448.046	-3619.149	171.1031	1.66015	0.62404	0.37596	1.480057
35592	-3449.219	-3620.184	170.9651	1.610688	0.56987	0.43013	1.618508
35598	-3438.394	-3609.309	170.9148	1.619239	0.680516	0.319484	1.648546
35604	-3434.738	-3605.44	170.7015	1.517445	0.660566	0.339434	1.868825
35610	-3432.259	-3602.732	170.4727	1.508513	0.656699	0.343301	2.028765
35616	-3433.056	-3603.633	170.5773	1.538697	0.726035	0.273965	1.938639
35622	-3431.763	-3602.083	170.3191	1.609412	0.652885	0.347115	2.063612
35628	-3431.996	-3602.515	170.5185	1.509993	0.489098	0.510902	1.997313
35634	-3435.808	-3606.532	170.7236	1.472694	0.497637	0.502363	1.88427
35640	-3431.025	-3601.563	170.5382	1.522338	0.649471	0.350529	1.975909
35646	-3433.832	-3604.116	170.2849	1.474069	0.670364	0.329636	2.174586
35652	-3436.236	-3606.604	170.3686	1.390368	0.515874	0.484126	2.174586
35658	-3441.733	-3611.282	169.5497	1.425664	0.605588	0.394412	2.668756
35664	-3445.336	-3615.707	170.3705	1.463044	0.59491	0.40509	2.125983
35670	-3447.108	-3616.653	169.545	1.45853	0.547167	0.452833	2.651432
35676	-3447.448	-3617.271	169.8232	1.319306	0.593938	0.406062	2.565451
35682	-3444.211	-3614.782	170.5708	1.462849	0.636765	0.363235	1.993835
35688	-3432.873	-3602.522	169.6483	1.393268	0.738765	0.261235	2.627937
35694	-3440.938	-3610.562	169.624	1.411165	0.503015	0.496985	2.631892
35700	-3439.17	-3608.418	169.2481	1.452142	0.632141	0.367859	2.836845
35706	-3433.419	-3603.467	170.048	1.437194	0.681064	0.318936	2.350306
35712	-3440.207	-3610.235	170.0289	1.377904	0.532915	0.467085	2.399984
35718	-3433.647	-3604.336	170.6888	1.552534	0.520961	0.479039	1.853525
35724	-3435.231	-3605.966	170.735	1.515256	0.503475	0.496525	1.847407
35730	-3429.56	-3599.754	170.194	1.386606	0.642849	0.357151	2.289527
35736	-3440.996	-3611.755	170.7599	1.541961	0.614735	0.385265	1.811867
35742	-3442.229	-3613.016	170.7872	1.611666	0.632363	0.367637	1.74441
35748	-3440.078	-3610.83	170.7518	1.515096	0.578306	0.421694	1.835951
35754	-3445.484	-3615.913	170.4292	1.392306	0.604451	0.395549	2.133876
35760	-3446.107	-3616.857	170.7493	1.567528	0.668246	0.331754	1.801528
35766	-3443.499	-3614.367	170.8675	1.699263	0.516239	0.483761	1.625047
35772	-3441.61	-3612.492	170.8818	1.660095	0.557564	0.442436	1.642954
35778	-3443.982	-3614.612	170.6299	1.583582	0.514463	0.485537	1.87252
35784	-3446.114	-3616.891	170.7769	1.542645	0.545816	0.454184	1.79966
35790	-3439.599	-3609.927	170.3287	1.552647	0.600245	0.399755	2.094689
35796	-3452.667	-3623.259	170.5926	1.572622	0.593596	0.406404	1.905387
35802	-3449.397	-3619.831	170.4344	1.596413	0.626104	0.373896	1.995718
35808	-3439.108	-3608.695	169.5867	1.386145	0.679699	0.320301	2.670309
35814	-3439.405	-3608.514	169.1096	1.290581	0.613186	0.386814	3.017822
35820	-3450.584	-3619.979	169.3952	1.234281	0.58963	0.41037	2.879777
35826	-3450.562	-3619.88	169.3182	1.391999	0.564537	0.435463	2.83084
35832	-3440.106	-3609.897	169.7912	1.32103	0.497062	0.502938	2.58424
35838	-3444.33	-3611.947	167.6171	1.155869	0.625371	0.374629	3.968308
35844	-3442.15	-3611.248	169.0975	1.197872	0.590353	0.409647	3.080487
35850	-3439.876	-3607.141	167.2645	0.9946391	0.669003	0.330997	4.260787
35856	-3443.922	-3611.279	167.3572	1.075342	0.662154	0.337846	4.162407
35862	-3433.71	-3600.68	166.9708	1.004542	0.650887	0.349113	4.421185
35868	-3432.299	-3600.372	168.0729	1.197866	0.719867	0.280133	3.682011
35874	-3435.71	-3604.957	169.2467	1.175756	0.537551	0.462449	3.00448
35880	-3444.814	-3612.883	168.0694	1.145844	0.620461	0.379539	3.714069
35886	-3444.295	-3610.246	165.9509	0.9759655	0.645094	0.354906	5.007704
35892	-3450.427	-3617.61	167.1825	1.043621	0.734354	0.265646	4.279478
35898	-3442.412	-3610.318	167.9057	1.06776	0.670266	0.329734	3.853375
35904	-3443.012	-3610.97	167.9583	1.198807	0.532065	0.467935	3.747654
35910	-3445.427	-3613.744	168.3165	1.023696	0.629885	0.370115	3.641778
35916	-3434.235	-3601.376	167.1416	1.16612	0.707899	0.292101	4.233258
35922	-3434.749	-3603.045	168.2962	1.157653	0.654605	0.345395	3.575784
35928	-3432.856	-3602.185	169.3288	1.348975	0.753645	0.246355	2.850495
35934	-3433.615	-3603.165	169.5502	1.28254	0.520325	0.479675	2.756218
35940	-3431.038	-3600.602	169.5635	1.346291	0.627832	0.372168	2.709022
35946	-3438.039	-3607.697	169.6587	1.357856	0.587412	0.412588	2.643366
35952	-3435.775	-3606.053	170.2786	1.391445	0.627119	0.372881	2.232067
35958	-3434.02	-3603.714	169.6938	1.427065	0.595854	0.404146	2.578857
35964	-3441.59	-3611.416	169.8266	1.279869	0.552565	0.447435	2.587838
35970	-3438.542	-3608.106	169.5636	1.423612	0.68248	0.31752	2.661465
35976	-3444.042	-3613.364	169.3217	1.262149	0.603946	0.396054	2.907329
35982	-3440.123	-3607.51	167.3866	1.114478	0.714115	0.285885	4.123448
35988	-3438.16	-3606.681	168.5209	1.123759	0.577687	0.422313	3.464629
35994	-3431.832	-3600.538	168.7058	1.295677	0.615533	0.384467	3.255015
36000	-3441.927	-3610.941	169.0144	1.309985	0.581017	0.418983	3.063201
36006	-3431.682	-3601.136	169.4545	1.238744	0.60637	0.39363	2.841089
36012	-3438.707	-3608.05	169.3427	1.232759	0.713988	0.286012	2.912372
36018	-3450.743	-3619.84	169.0966	1.27065	0.630536	0.369464	3.03753
36024	-3446.059	-3614.001	167.9419	1.101069	0.515583	0.484417	3.813401
36030	-3440.249	-3608.097	167.8483	1.194686	0.454823	0.545177	3.813401
36036	-3428.56	-3595.889	167.329	1.054299	0.538242	0.461758	4.190396
36042	-3434.391	-3602.682	168.2912	1.216112	0.538242	0.461758	3.544728
36048	-3440.658	-3609.672	169.0143	1.209621	0.548637	0.451363	3.123069
36054	-3441.298	-3611.15	169.8515	1.26841	0.646002	0.353998	2.579475
36060	-3441.037	-3610.265	169.2289	1.304502	0.572867	0.427133	2.937788
36066	-3437.278	-3607.288	170.0105	1.386691	0.680273	0.319727	2.406065
36072	-3452.928	-3621.369	168.4411	1.152651	0.59535	0.40465	3.494359
36078	-3439.364	-3607.921	168.5569	1.161012	0.629408	0.370592	3.421773
36084	-3448.443	-3615.224	166.7812	1.01555	0.695597	0.304403	4.521718
36090	-3454.768	-3621.853	167.0841	1.018252	0.548462	0.451538	4.349472
36096	-3445.119	-3613.196	168.0778	1.155892	0.586764	0.413236	3.703432
36102	-3451.469	-3619.448	167.9784	1.135286	0.697453	0.302547	3.77268
36108	-3454.825	-3621.968	167.1423	1.112189	0.644809	0.355191	4.263432
36114	-3455.017	-3623.589	168.572	1.163147	0.636375	0.363625	3.411676
36120	-3446.237	-3614.952	168.7156	1.274308	0.568604	0.431396	3.261825
36126	-3447.587	-3615.536	167.9488	1.232197	0.566789	0.433211	3.73385
36132	-3451.71	-3620.595	168.8851	1.255358	0.616026	0.383974	3.172704
36138	-3461.886	-3631.192	169.3055	1.242128	0.444113	0.555887	2.929206
36144	-3456.341	-3624.439	168.0982	1.163254	0.603499	0.396501	3.687383
36150	-3464.651	-3635.661	171.0094	1.703328	0.609566	0.390434	1.517931
36156	-3460.134	-3631.337	171.2029	1.676954	0.6206	0.3794	1.390564
36162	-3465.775	-3633.575	167.8001	1.111588	0.7087	0.2913	3.88888
36168	-3461.958	-3631.871	169.9125	1.324225	0.558321	0.441679	2.506751
36174	-3455.902	-3625.29	169.3887	1.200104	0.537205	0.462795	2.904362
36180	-3438.186	-3606.961	168.7751	1.281173	0.595693	0.404307	3.222571
36186	-3442.327	-3611.571	169.2439	1.350601	0.599876	0.400124	2.900928
36192	-3445.956	-3615.115	169.1585	1.279287	0.423858	0.576142	2.995291
36198	-3446.064	-3615.074	169.0101	1.3067	0.64495	0.35505	3.067707
36204	-3451.963	-3623.054	171.0909	1.723959	0.750064	0.249936	1.44082
36210	-3448.663	-3619.808	171.1454	1.719674	0.667496	0.332504	1.402063
36216	-3440.452	-3611.349	170.8969	1.616883	0.556939	0.443061	1.663078
36222	-3444.613	-3614.986	170.3729	1.612789	0.712288	0.287712	2.025743
36228	-3456.789	-3626.541	169.7518	1.462398	0.73057	0.26943	2.520856
36234	-3434.128	-3604.876	170.7471	1.599306	0.613841	0.386159	1.78102
36240	-3430.19	-3601.046	170.8558	1.598433	0.73204	0.26796	1.70541
36246	-3434.975	-3605.892	170.9167	1.573996	0.614288	0.385712	1.679572
36252	-3443.979	-3613.936	169.9566	1.434718	0.660658	0.339342	2.409764
36258	-3441.019	-3610.959	169.9402	1.398529	0.660658	0.339342	2.442841
36264	-3439.872	-3609.776	169.9038	1.352832	0.664686	0.335314	2.494324
36270	-3431.389	-3601.474	170.0857	1.405307	0.729254	0.270746	2.34665
36276	-3442.397	-3612.939	170.5426	1.582621	0.732459	0.267541	1.932437
36282	-3437.945	-3608.855	170.9093	1.651232	0.619599	0.380401	1.629486
36288	-3437.374	-3608.066	170.6914	1.662553	0.608124	0.391876	1.775771
36294	-3445.498	-3616.433	170.9356	1.745294	0.674936	0.325064	1.541627
36300	-3444.395	-3615.579	171.1845	1.733407	0.586318	0.413682	1.360689
36306	-3432.088	-3602.95	170.8615	1.667785	0.541629	0.458371	1.651986
36312	-3436.232	-3607.549	171.3173	1.704985	0.567663	0.432337	1.276587
36318	-3439.384	-3610.741	171.3571	1.870357	0.687289	0.312711	1.099243
36324	-3429.713	-3601.098	171.385	1.917984	0.656548	0.343452	1.027951
36330	-3443.352	-3614.738	171.3856	1.917398	0.704168	0.295832	1.027951
36336	-3432.737	-3604.032	171.2946	1.917398	0.457242	0.542758	1.113278
36342	-3438.59	-3609.824	171.2347	1.800163	0.559341	0.440659	1.266215
36348	-3435.319	-3606.614	171.2949	1.739954	0.559341	0.440659	1.266215
36354	-3427.565	-3598.692	171.1277	1.782026	0.503141	0.496859	1.367174
36360	-3431.155	-3602.111	170.9558	1.74501	0.523826	0.476174	1.526855
36366	-3437.267	-3608.112	170.8449	1.592226	0.470623	0.529377	1.717503
36372	-3434.056	-3604.445	170.3886	1.556989	0.647744	0.352256	2.052344
36378	-3445.312	-3616.035	170.7223	1.614145	0.608808	0.391192	1.78796
36384	-3450.784	-3621.544	170.7602	1.576202	0.622759	0.377241	1.78796
36390	-3443.116	-3613.66	170.5439	1.504732	0.485663	0.514337	1.983832
36396	-3445.74	-3616.569	170.8287	1.554714	0.525386	0.474614	1.755222
36402	-3445.941	-3616.839	170.8979	1.617308	0.474727	0.525273	1.662071
36408	-3437.48	-3607.942	170.4615	1.570805	0.71298	0.28702	1.994721
36414	-3439.013	-3609.867	170.8541	1.629448	0.463771	0.536229	1.684664
36420	-3435.049	-3605.384	170.3347	1.478639	0.545667	0.454333	2.139159
36426	-3448.06	-3617.946	169.8863	1.42191	0.545667	0.454333	2.462045
36432	-3443.347	-3614.596	171.2489	1.825213	0.747317	0.252683	1.233514
36438	-3442.047	-3613.256	171.2083	1.825213	0.646697	0.353303	1.267366
36444	-3438.522	-3609.93	171.4087	1.816923	0.582936	0.417064	1.100914
36450	-3443.415	-3614.64	171.2251	1.809314	0.7988	0.2012	1.2666
36456	-3439.354	-3610.616	171.2619	1.7988	0.678917	0.321083	1.244782
36462	-3435.878	-3606.49	170.6115	1.650434	0.575011	0.424989	1.839387
36468	-3438.787	-3609.608	170.8207	1.657764	0.567173	0.432827	1.688223
36474	-3425.653	-3596.562	170.9089	1.607818	0.562105	0.437895	1.660991
36480	-3434.567	-3605.16	170.5926	1.530402	0.560116	0.439884	1.933904
36486	-3451.762	-3621.394	169.6327	1.353983	0.537573	0.462427	2.661817
36492	-3447.251	-3616.885	169.6338	1.352839	0.642696	0.357304	2.661817
36498	-3439.118	-3607.922	168.8032	1.221325	0.568325	0.431675	3.241358
36504	-3446.465	-3614.349	167.8834	1.164174	0.620904	0.379096	3.810757
36510	-3440.438	-3607.667	167.2296	1.183688	0.618029	0.381971	4.173363
36516	-3441.191	-3609.512	168.3202	1.149871	0.643445	0.356555	3.566358
36522	-3437.957	-3605.911	167.9544	1.250624	0.540723	0.459277	3.720015
36528	-3440.739	-3609.6	168.8608	1.314013	0.553943	0.446057	3.152318
36534	-3428.991	-3598.196	169.2049	1.250861	0.484033	0.515967	2.984449
36540	-3436.254	-3605.415	169.1614	1.263817	0.528773	0.471227	3.002823
36546	-3439.501	-3608.675	169.1739	1.251253	0.662905	0.337095	3.002823
36552	-3433.26	-3602.969	169.7091	1.333466	0.668213	0.331787	2.627344
36558	-3432.135	-3602.24	170.1046	1.407812	0.581048	0.418952	2.333012
36564	-3423.828	-3594.004	170.1766	1.502932	0.626555	0.373445	2.225944
36570	-3438.09	-3608.251	170.1612	1.325334	0.615294	0.384706	2.349448
36576	-3437.473	-3606.718	169.2452	1.325334	0.414771	0.585229	2.915357
36582	-3427.856	-3597.646	169.7898	1.45486	0.665424	0.334576	2.501834
36588	-3424.17	-3594.045	169.8753	1.387319	0.584688	0.415312	2.490575
36594	-3426.513	-3596.349	169.8359	1.263076	0.497805	0.502195	2.592433
36600	-3437.834	-3606.974	169.1404	1.256638	0.536539	0.463461	3.019676
36606	-3443.469	-3611.283	167.8147	1.166383	0.494469	0.505531	3.849018
36612	-3443.3	-3610.82	167.5205	1.116105	0.606152	0.393848	4.046246
36618	-3430.925	-3600.375	169.449	1.32043	0.606152	0.393848	2.794784
36624	-3426.676	-3595.335	168.6592	1.203694	0.618365	0.381635	3.336711
36630	-3431.967	-3600.586	168.6192	1.214131	0.610788	0.389212	3.35409
36636	-3440.986	-3609.688	168.702	1.323746	0.610788	0.389212	3.240638
36642	-3437.539	-3606.738	169.1992	1.304436	0.619351	0.380649	2.955711
36648	-3439.933	-3608.813	168.8804	1.232133	0.538613	0.461387	3.189291
36654	-3441.895	-3609.104	167.2092	1.054893	0.656475	0.343525	4.258002
36660	-3440.531	-3608.521	167.99	1.140688	0.588403	0.411597	3.762897
36666	-3432.855	-3600.709	167.8541	1.032072	0.526629	0.473371	3.903487
36672	-3445.657	-3613.767	168.1103	1.14038	0.682574	0.317426	3.693592
36678	-3438.515	-3606.254	167.7395	1.053878	0.650758	0.349242	3.956664
36684	-3431.76	-3599.488	167.7283	1.087921	0.666936	0.333064	3.943563
36690	-3441.092	-3609.748	168.6562	1.1727	0.672515	0.327485	3.356643
36696	-3433.288	-3601.1	167.8118	0.9623907	0.663448	0.336552	3.967656
36702	-3446.04	-3614.974	168.9336	1.15	0.694285	0.305715	3.206426
36708	-3437.052	-3605.835	168.783	1.300565	0.646456	0.353544	3.206426
36714	-3432.749	-3602.457	169.7076	1.385729	0.645148	0.354852	2.595931
36720	-3434.158	-3604.01	169.852	1.406399	0.65958	0.34042	2.493211
36726	-3438.654	-3608.074	169.42	1.315243	0.598298	0.401702	2.815616
36732	-3437.654	-3606.695	169.0406	1.252875	0.583883	0.416117	3.08165
36738	-3443.514	-3612.905	169.3904	1.240656	0.645102	0.354898	2.87881
36744	-3447.486	-3617.153	169.6671	1.297844	0.480899	0.519101	2.675184
36750	-3440.563	-3610.414	169.8513	1.462956	0.60149	0.39851	2.458238
36756	-3439.357	-3609.456	170.099	1.581849	0.611898	0.388102	2.225115
36762	-3445.395	-3615.605	170.2101	1.400392	0.542427	0.457573	2.270388
36768	-3429.933	-3599.823	169.8897	1.400392	0.483453	0.516547	2.473364
36774	-3443.12	-3613.244	170.1246	1.488953	0.562734	0.437266	2.268422
36780	-3435.315	-3605.489	170.174	1.43953	0.657987	0.342013	2.268422
36786	-3425.328	-3595.334	170.0059	1.4788	0.627733	0.372267	2.350606
36792	-3423.596	-3593.624	170.0279	1.467522	0.558497	0.441503	2.34383
36798	-3434.939	-3605.249	170.3109	1.523984	0.515588	0.484412	2.125142
36804	-3442.098	-3612.389	170.2907	1.571286	0.449128	0.550872	2.107342
36810	-3450.136	-3620.403	170.2673	1.598603	0.421153	0.578847	2.104813
36816	-3447.528	-3618.314	170.7857	1.719012	0.569176	0.430824	1.669565
36822	-3448.468	-3618.458	169.9902	1.390227	0.569176	0.430824	2.41661
36828	-3452.327	-3622.007	169.6796	1.472373	0.530237	0.469763	2.5596
36834	-3444.628	-3614.602	169.9738	1.409888	0.621418	0.378582	2.414535
36840	-3438.342	-3607.586	169.244	1.366277	0.645078	0.354922	2.891353
36846	-3430.281	-3598.273	167.9922	1.149169	0.554913	0.445087	3.756722
36852	-3429.558	-3598.575	169.0163	1.31909	0.505266	0.494734	3.056585
36858	-3436.354	-3605.622	169.2683	1.409769	0.602095	0.397905	2.850313
36864	-3435.368	-3605.247	169.8789	1.409769	0.590878	0.409122	2.474307
36870	-3429.08	-3598.727	169.6461	1.36633	0.590878	0.409122	2.645944
36876	-3436.082	-3605.64	169.5579	1.384647	0.672223	0.327777	2.68895
36882	-3439.339	-3609.784	170.4446	1.591713	0.428353	0.571647	1.992087
36888	-3438.725	-3609.38	170.6549	1.533025	0.625834	0.374166	1.889966
36894	-3441.526	-3611.553	170.0263	1.39812	0.488475	0.511525	2.388848
36900	-3445.621	-3614.976	169.355	1.399189	0.583552	0.416448	2.80408
36906	-3444.634	-3613.589	168.9545	1.298819	0.547511	0.452489	3.105555
36912	-3447.515	-3616.535	169.0204	1.292046	0.442591	0.557409	3.070319
36918	-3442.108	-3611.741	169.6337	1.391905	0.551979	0.448021	2.637826
36924	-3439.239	-3609.163	169.9235	1.438156	0.614741	0.385259	2.42844
36930	-3458.767	-3627.837	169.0697	1.25231	0.564668	0.435332	3.064599
36936	-3450.764	-3620.291	169.5277	1.311452	0.612728	0.387272	2.752268
36942	-3449.383	-3618.93	169.5471	1.269179	0.704388	0.295612	2.766225
36948	-3451.076	-3620.849	169.7732	1.407789	0.583774	0.416226	2.541511
36954	-3453.483	-3623.897	170.4137	1.480187	0.503301	0.496699	2.086409
36960	-3442.675	-3612.896	170.2202	1.46284	0.52934	0.47066	2.223727
36966	-3437.457	-3607.285	169.8279	1.490017	0.611101	0.388899	2.45596
36972	-3438.913	-3609.083	170.1698	1.3605	0.602304	0.397696	2.321626
36978	-3443.203	-3613.585	170.3823	1.504094	0.552606	0.447394	2.091322
36984	-3443.957	-3613.05	169.093	1.289399	0.561013	0.438987	3.028471
36990	-3440.399	-3609.482	169.0827	1.299703	0.618864	0.381136	3.028471
36996	-3450.18	-3618.802	168.6222	1.295476	0.612793	0.387207	3.304455
37002	-3458.594	-3627.393	168.7985	1.382455	0.587147	0.412853	3.148671
37008	-3453.951	-3623.781	169.8305	1.478304	0.623323	0.376677	2.461669
37014	-3449.601	-3619.681	170.0797	1.344669	0.584145	0.415855	2.388848
37020	-3443.685	-3613.407	169.7217	1.38333	0.608545	0.391455	2.588729
37026	-3441.519	-3611.209	169.6895	1.343396	0.479767	0.520233	2.633339
37032	-3441.889	-3611.375	169.4858	1.309686	0.55708	0.44292	2.778926
37038	-3445.842	-3615.259	169.4171	1.318379	0.55708	0.44292	2.815492
37044	-3446.017	-3614.747	168.7308	1.250105	0.655966	0.344034	3.267152
37050	-3446.181	-3614.227	168.046	1.063613	0.594088	0.405912	3.775027
37056	-3435.052	-3604.177	169.125	1.321336	0.565814	0.434186	2.990112
37062	-3431.604	-3601.826	170.2218	1.471895	0.580932	0.419068	2.216814
37068	-3433.575	-3603.252	169.6769	1.373765	0.502231	0.497769	2.622338
37074	-3437.146	-3606.13	168.9844	1.300669	0.581395	0.418605	3.086642
37080	-3438.687	-3608.519	169.8318	1.394784	0.581395	0.418605	2.513095
37086	-3438.108	-3607.397	169.289	1.341627	0.517436	0.482564	2.879068
37092	-3429.825	-3598.791	168.9662	1.311092	0.61911	0.38089	3.091317
37098	-3436.878	-3606.853	169.9745	1.406856	0.698749	0.301251	2.416041
37104	-3427.795	-3597.553	169.7577	1.338377	0.48146	0.51854	2.594277
37110	-3435.593	-3604.293	168.7003	1.33375	0.586834	0.413166	3.23574
37116	-3439.289	-3608.113	168.8238	1.361949	0.596502	0.403498	3.145812
37122	-3429.323	-3598.195	168.8729	1.251112	0.582938	0.417062	3.18244
37128	-3436.638	-3605.618	168.9793	1.43181	0.582938	0.417062	3.011263
37134	-3433.085	-3602.364	169.2783	1.301924	0.487376	0.512624	2.909515
37140	-3433.662	-3602.475	168.8132	1.310921	0.538869	0.461131	3.182389
37146	-3431.815	-3601.094	169.2793	1.300484	0.573039	0.426961	2.909789
37152	-3427.996	-3597.832	169.8369	1.283558	0.522078	0.477922	2.579144
37158	-3423.738	-3593.536	169.7985	1.461636	0.576156	0.423844	2.492156
37164	-3426.019	-3595.853	169.8334	1.45698	0.533476	0.466524	2.473241
37170	-3430.181	-3599.987	169.8051	1.485209	0.512603	0.487397	2.473241
37176	-3433.469	-3603.671	170.202	1.404627	0.619461	0.380539	2.272859
37182	-3442.975	-3613.025	170.0499	1.424149	0.521087	0.478913	2.357385
37188	-3449.523	-3618.893	169.3693	1.243228	0.528153	0.471847	2.889978
37194	-3443.962	-3613.683	169.7211	1.402322	0.600748	0.399252	2.577294
37200	-3449.54	-3619.261	169.7211	1.402322	0.670306	0.329694	2.577294
37206	-3431.229	-3601.198	169.969	1.359722	0.589208	0.410792	2.449164
37212	-3437.12	-3607.524	170.4034	1.583588	0.589208	0.410792	2.024934
37218	-3441.443	-3611.799	170.3563	1.605615	0.571932	0.428068	2.041558
37224	-3446.423	-3616.873	170.4503	1.453582	0.57685	0.42315	2.079869
37230	-3440.845	-3611.435	170.5904	1.510652	0.634372	0.365628	1.948698
37236	-3430.266	-3600.078	169.8117	1.56875	0.551113	0.448887	2.416609
37242	-3434.587	-3604.484	169.8969	1.483515	0.499271	0.500729	2.416609
37248	-3429.442	-3599.828	170.3863	1.483515	0.507934	0.492066	2.102219
37254	-3438.546	-3608.929	170.3828	1.487006	0.446579	0.553421	2.102219
37260	-3434.347	-3605.189	170.8417	1.4471	0.588191	0.411809	1.820907
37266	-3437.976	-3608.751	170.7747	1.452831	0.588191	0.411809	1.86297
37272	-3443.588	-3614.215	170.6264	1.60107	0.508055	0.491945	1.86297
37278	-3441.944	-3612.315	170.3713	1.533558	0.568614	0.431386	2.079183
37284	-3443.952	-3613.755	169.8024	1.491316	0.58531	0.41469	2.471108
37290	-3453.876	-3622.534	168.6572	1.103217	0.58531	0.41469	3.396861
37296	-3444.838	-3612.526	167.688	1.14573	0.525381	0.474619	3.933575
37302	-3454.097	-3622.634	168.5367	1.124809	0.627443	0.372557	3.454749
37308	-3442.864	-3612.45	169.5861	1.301804	0.607109	0.392891	2.722483
37314	-3431.111	-3600.26	169.1495	1.375572	0.523708	0.476292	2.942771
37320	-3434.632	-3604.396	169.7642	1.396556	0.537012	0.462988	2.554141
37326	-3440.433	-3609.974	169.5412	1.305199	0.607225	0.392775	2.747856
37332	-3452.623	-3621.726	169.1035	1.298645	0.473796	0.526204	3.016653
37338	-3453.909	-3623.055	169.1461	1.301699	0.629811	0.370189	2.989281
37344	-3448.289	-3617.296	169.0077	1.287096	0.696333	0.303667	3.080843
37350	-3442.794	-3611.73	168.9364	1.184219	0.530206	0.469794	3.184469
37356	-3445.92	-3613.473	167.5529	1.104767	0.592877	0.407123	4.034239
37362	-3438.932	-3606.457	167.5249	1.132732	0.640898	0.359102	4.034239
37368	-3437.901	-3606.307	168.4067	1.205159	0.647502	0.352498	3.483797
37374	-3437.134	-3604.947	167.813	1.148252	0.695679	0.304321	3.860383
37380	-3440.848	-3609.92	169.072	1.221194	0.682787	0.317213	3.081797
37386	-3431.883	-3601.493	169.6109	1.43875	0.576975	0.423025	2.622981
37392	-3429.372	-3599.235	169.8638	1.42844	0.605814	0.394186	2.47207
37398	-3448.836	-3618.798	169.9616	1.330591	0.463391	0.536609	2.47207
37404	-3440.243	-3609.667	169.4235	1.317574	0.501763	0.498237	2.812085
37410	-3443.363	-3612.979	169.6159	1.432269	0.537786	0.462214	2.623901
37416	-3437.479	-3608.007	170.5279	1.531847	0.581469	0.418531	1.976403
37422	-3432.654	-3603.49	170.8355	1.595555	0.62763	0.37237	1.72178
37428	-3435.025	-3605.137	170.1126	1.494621	0.640845	0.359155	2.272449
37434	-3440.91	-3611.233	170.3237	1.510411	0.606724	0.393276	2.125609
37440	-3439.646	-3609.554	169.9082	1.412845	0.633856	0.366144	2.453961
37446	-3435.49	-3605.423	169.9328	1.410353	0.623706	0.376294	2.44008
37452	-3437.662	-3607.53	169.868	1.418162	0.485011	0.514989	2.475879
37458	-3445.688	-3616.036	170.3488	1.51752	0.552435	0.447565	2.10451
37464	-3436.244	-3606.4	170.1565	1.403907	0.566356	0.433644	2.302406
37470	-3440.491	-3610.243	169.7515	1.431102	0.566356	0.433644	2.540519
37476	-3435.474	-3605.275	169.8008	1.381858	0.563518	0.436482	2.540519
37482	-3428.061	-3597.608	169.5468	1.343031	0.58391	0.41609	2.721259
37488	-3426.913	-3596.632	169.7196	1.410477	0.584517	0.415483	2.573197
37494	-3428.458	-3598.107	169.6486	1.32034	0.542553	0.457447	2.672691
37500	-3430.887	-3600.244	169.3578	1.341028	0.607897	0.392103	2.837709
37506	-3444.975	-3614.356	169.3812	1.345146	0.64903	0.35097	2.821005
37512	-3439.38	-3608.903	169.5233	1.239952	0.532461	0.467539	2.798552
37518	-3444.927	-3614.065	169.1374	1.139394	0.585472	0.414528	3.091604
37524	-3435.699	-3604.662	168.9626	1.291807	0.537173	0.462827	3.104951
37530	-3443.796	-3613.035	169.2391	1.169224	0.508384	0.491616	3.012916
37536	-3450.135	-3618.639	168.504	1.256589	0.555683	0.444317	3.396787
37542	-3457.616	-3628.748	171.1317	1.848027	0.576304	0.423696	1.311247
37548	-3460.529	-3631.63	171.1017	1.860408	0.620282	0.379718	1.325452
37554	-3445.072	-3615.971	170.8992	1.67067	0.635661	0.364339	1.622763
37560	-3453.863	-3624.331	170.4681	1.469173	0.525097	0.474903	2.057848
37566	-3460.154	-3629.403	169.2489	1.370161	0.565817	0.434183	2.886048
37572	-3444	-3614.24	170.2399	1.460736	0.541942	0.458058	2.21238
37578	-3450.138	-3620.294	170.1555	1.445419	0.541942	0.458058	2.276515
37584	-3457.557	-3627.856	170.2989	1.432698	0.425056	0.574944	2.192308
37590	-3435.191	-3603.857	168.6662	1.244504	0.474623	0.525377	3.308531
37596	-3431.915	-3601.076	169.1614	1.341843	0.486737	0.513263	2.955956
37602	-3435.725	-3605.395	169.6703	1.389783	0.554199	0.445801	2.616507
37608	-3448.539	-3618.853	170.3135	1.569663	0.554199	0.445801	2.093445
37614	-3448.844	-3619.719	170.875	1.537231	0.584344	0.415656	1.735011
37620	-3450.187	-3621.148	170.961	1.730648	0.512844	0.487156	1.533652
37626	-3447.631	-3617.617	169.9861	1.36474	0.546499	0.453501	2.435227
37632	-3443.65	-3613.172	169.522	1.352117	0.546499	0.453501	2.73091
37638	-3433.88	-3603.521	169.6404	1.368396	0.504959	0.495041	2.648153
37644	-3452.667	-3622.339	169.6719	1.33695	0.549991	0.450009	2.648153
37650	-3451.29	-3620.893	169.6032	1.405614	0.61061	0.38939	2.648153
37656	-3451.369	-3620.78	169.4112	1.341955	0.658838	0.341162	2.80469
37662	-3447.744	-3617.54	169.7963	1.380593	0.553633	0.446367	2.544107
37668	-3438.847	-3608.599	169.7518	1.425045	0.588669	0.411331	2.544107
37674	-3443.236	-3612.306	169.07	1.436125	0.535268	0.464732	2.954218
37680	-3436.016	-3605.081	169.0651	1.435589	0.494828	0.505172	2.957478
37686	-3445.028	-3614.737	169.7081	1.281235	0.558507	0.441493	2.660192
37692	-3438.765	-3608.44	169.6754	1.418922	0.533307	0.466693	2.595311
37698	-3433.205	-3601.752	168.5472	1.227117	0.580604	0.419396	3.388731
37704	-3440.105	-3608.589	168.4831	1.113074	0.547413	0.452587	3.492947
37710	-3437.652	-3605.576	167.9234	1.171075	0.553554	0.446446	3.783743
37716	-3427.289	-3596.7	169.4115	1.298632	0.534481	0.465519	2.830894
37722	-3429.055	-3597.486	168.431	1.222577	0.520388	0.479612	3.459373
37728	-3438.417	-3607.729	169.3127	1.233468	0.453058	0.546942	2.930064
37734	-3449.442	-3617.532	168.0896	1.215897	0.565801	0.434199	3.661861
37740	-3438.283	-3606.386	168.1028	1.177947	0.570041	0.429959	3.676196
37746	-3430.792	-3599.405	168.6128	1.171693	0.41928	0.58072	3.382757
37752	-3431.478	-3600.428	168.9503	1.360416	0.584131	0.415869	3.071328
37758	-3437.082	-3606.07	168.9881	1.202978	0.543142	0.456858	3.142608
37764	-3439.533	-3609.021	169.4875	1.198062	0.584033	0.415967	2.845777
37770	-3448.682	-3618.903	170.2216	1.59371	0.574184	0.425816	2.137914
37776	-3456.099	-3626.36	170.2611	1.452205	0.501717	0.498283	2.204186
37782	-3443.816	-3611.312	167.496	1.041754	0.480503	0.519497	4.102548
37788	-3435.143	-3602.743	167.6	1.112419	0.577564	0.422436	4.002964
37794	-3444.304	-3612.004	167.7005	1.229231	0.477127	0.522873	3.878522
37800	-3438.265	-3606.11	167.8451	1.084598	0.591668	0.408332	3.878522
37806	-3445.182	-3614.25	169.0683	1.191468	0.549825	0.450175	3.101744
37812	-3455.816	-3624.853	169.0372	1.169769	0.543491	0.456509	3.133172
37818	-3439.436	-3608.462	169.0268	1.180186	0.543491	0.456509	3.133172
37824	-3442.382	-3612.015	169.6329	1.373939	0.536853	0.463147	2.649397
37830	-3441.784	-3611.722	169.9376	1.385425	0.692694	0.307306	2.452734
37836	-3433.927	-3603.983	170.0564	1.419083	0.485894	0.514106	2.356474
37842	-3436.149	-3606.818	170.6692	1.544475	0.574765	0.425235	1.87242
37848	-3445.08	-3615.801	170.7212	1.547453	0.59647	0.40353	1.834801
37854	-3437.762	-3607.911	170.1482	1.309876	0.597677	0.402323	2.367539
37860	-3451.62	-3621.396	169.7768	1.448148	0.445122	0.554878	2.514135
37866	-3452.678	-3623.229	170.5515	1.575009	0.647517	0.352483	1.931558
37872	-3459.121	-3627.468	168.3472	1.059878	0.508409	0.491591	3.602971
37878	-3448.239	-3617.65	169.4109	1.236843	0.554615	0.445385	2.868702
37884	-3439.922	-3609.168	169.2462	1.401505	0.594086	0.405914	2.868702
37890	-3434.656	-3603.803	169.1472	1.315622	0.706266	0.293734	2.980217
37896	-3446.737	-3616.804	170.0668	1.315622	0.656147	0.343853	2.415375
37902	-3453.694	-3622.946	169.2523	1.280515	0.716957	0.283043	2.938145
37908	-3434.765	-3603.569	168.8046	1.278338	0.634628	0.365372	3.206833
37914	-3434.197	-3604.054	169.8563	1.333351	0.614991	0.385009	2.536158
37920	-3440.516	-3607.728	167.2115	1.208879	0.72573	0.27427	4.169333
37926	-3437.532	-3604.849	167.3172	0.972456	0.68791	0.31209	4.24351
37932	-3434.639	-3605.388	170.749	1.616932	0.604873	0.395127	1.767458
37938	-3432.451	-3602.927	170.4758	1.464956	0.543179	0.456821	2.055561
37944	-3425.767	-3596.365	170.5979	1.540338	0.485788	0.514212	1.923625
37950	-3436.333	-3607.286	170.9525	1.592988	0.533366	0.466634	1.640319
37956	-3440.846	-3611.778	170.9315	1.733033	0.463656	0.536344	1.553667
37962	-3435.068	-3606.355	171.2879	1.752942	0.558333	0.441667	1.261318
37968	-3435.22	-3606.602	171.3812	1.80175	0.513685	0.486315	1.139419
37974	-3436.587	-3607.677	171.0903	1.756048	0.607143	0.392857	1.416605
37980	-3435.029	-3606.383	171.3535	1.812262	0.610773	0.389227	1.154667
37986	-3434.425	-3605.774	171.3491	1.816683	0.636687	0.363313	1.154667
37992	-3431.194	-3602.635	171.4407	1.885546	0.720937	0.279063	1.00498
37998	-3435.804	-3607.276	171.4713	1.978462	0.529401	0.470599	0.8726006
38004	-3446.104	-3617.551	171.4472	2.055602	0.647335	0.352665	0.807128
38010	-3447.874	-3619.322	171.4472	2.055602	0.726434	0.273566	0.807128
38016	-3445.328	-3616.741	171.4128	2.024032	0.712172	0.287828	0.8875786
38022	-3438.722	-3610.12	171.3982	1.860797	0.624229	0.375771	1.069978
38028	-3455.138	-3626.31	171.1718	1.860797	0.721413	0.278587	1.268126
38034	-3447.801	-3618.974	171.173	1.872677	0.603086	0.396914	1.257272
38040	-3449.302	-3620.475	171.173	1.872677	0.624435	0.375565	1.257272
38046	-3437.876	-3608.947	171.0711	1.834939	0.66985	0.33015	1.370071
38052	-3442.422	-3613.665	171.2433	1.899026	0.777149	0.222851	1.175166
38058	-3446.997	-3618.171	171.174	1.98815	0.582958	0.417042	1.157808
38064	-3442.304	-3613.484	171.1804	1.85533	0.645509	0.354491	1.265499
38070	-3428.827	-3600.075	171.2478	1.777289	0.586102	0.413898	1.274257
38076	-3439.862	-3610.73	170.8685	1.60303	0.700301	0.299699	1.693153
38082	-3441.771	-3612.439	170.6677	1.627697	0.471411	0.528589	1.816376
38088	-3437.869	-3608.77	170.9008	1.627697	0.695268	0.304732	1.652567
38094	-3450.722	-3621.37	170.6473	1.715197	0.535454	0.464546	1.769837
38100	-3442.877	-3613.319	170.4416	1.663646	0.549353	0.450647	1.945889
38106	-3427.325	-3598.214	170.8887	1.571437	0.633098	0.366902	1.701241
38112	-3432.731	-3603.634	170.903	1.593756	0.528817	0.471183	1.675258
38118	-3423.196	-3593.311	170.1151	1.384433	0.717943	0.282057	2.341212
38124	-3425.18	-3595.246	170.0657	1.433829	0.638007	0.361993	2.341212
38130	-3424.368	-3594.254	169.8862	1.335975	0.688396	0.311604	2.51584
38136	-3442.016	-3611.821	169.8048	1.369178	0.62066	0.37934	2.545896
38142	-3450.655	-3620.455	169.7993	1.315221	0.675568	0.324432	2.582796
38148	-3441.641	-3611.579	169.9386	1.313215	0.5919	0.4081	2.497318
38154	-3449.537	-3618.034	168.4972	1.149146	0.57824	0.42176	3.463613
38160	-3438.999	-3606.818	167.8196	1.121671	0.567338	0.432662	3.871851
38166	-3447.439	-3616.317	168.8786	1.33548	0.592387	0.407613	3.12895
38172	-3437.19	-3606.51	169.3192	1.310411	0.606999	0.393001	2.879673
38178	-3437.918	-3607.19	169.2716	1.283775	0.58726	0.41274	2.924549
38184	-3443.972	-3613.359	169.3872	1.168123	0.606189	0.393811	2.924549
38190	-3439.85	-3608.416	168.5657	1.237393	0.637704	0.362296	3.371802
38196	-3445.359	-3615.101	169.7422	1.223886	0.600977	0.399023	2.674491
38202	-3455.622	-3625.116	169.494	1.394726	0.596988	0.403012	2.721964
38208	-3440.461	-3610.103	169.6424	1.300154	0.700666	0.299334	2.688925
38214	-3443.909	-3613.367	169.4582	1.24702	0.651007	0.348993	2.833829
38220	-3448.054	-3617.732	169.6772	1.240749	0.516854	0.483146	2.70402
38226	-3447.629	-3616.12	168.4903	1.29148	0.591731	0.408269	3.384306
38232	-3450.256	-3620.9	170.6441	1.468926	0.63721	0.36279	1.940654
38238	-3442.403	-3613.055	170.6527	1.460343	0.559519	0.440481	1.940654
38244	-3442.883	-3613.508	170.6247	1.552453	0.65186	0.34814	1.897269
38250	-3438.037	-3608.765	170.7282	1.593159	0.610176	0.389824	1.798381
38256	-3432.079	-3602.508	170.4286	1.571868	0.644054	0.355946	2.015926
38262	-3443.357	-3613.723	170.3658	1.510075	0.677758	0.322242	2.098277
38268	-3436.453	-3606.886	170.4329	1.533386	0.633935	0.366065	2.03861
38274	-3444.769	-3614.471	169.7019	1.456486	0.703617	0.296383	2.555586
38280	-3438.767	-3609.322	170.5551	1.530237	0.630531	0.369469	1.959236
38286	-3430.365	-3600.717	170.3512	1.562062	0.630531	0.369469	2.073687
38292	-3431.505	-3601.327	169.8217	1.425922	0.60862	0.39138	2.499986
38298	-3431.781	-3601.358	169.5769	1.386654	0.612419	0.387581	2.676022
38304	-3431.374	-3601.155	169.7804	1.359944	0.612419	0.387581	2.566804
38310	-3429.568	-3599.808	170.2394	1.469116	0.574484	0.425516	2.207262
38316	-3430.329	-3600.245	169.9165	1.442553	0.690964	0.309036	2.430106
38322	-3429.458	-3600.097	170.6386	1.505303	0.693549	0.306451	1.919822
38328	-3432.503	-3602.914	170.4115	1.487499	0.721014	0.278986	2.083043
38334	-3432.22	-3602.919	170.6997	1.53742	0.697202	0.302798	1.856424
38340	-3434.248	-3604.527	170.2792	1.485457	0.707098	0.292902	2.17091
38346	-3436.154	-3605.961	169.8073	1.37007	0.593476	0.406524	2.543759
38352	-3427.861	-3596.924	169.0627	1.354736	0.629477	0.370523	3.007479
38358	-3433.458	-3602.653	169.1957	1.468391	0.64406	0.35594	2.858804
38364	-3421.191	-3591.461	170.2702	1.346204	0.645316	0.354684	2.266545
38370	-3433.952	-3602.728	168.7752	1.304605	0.588786	0.411214	3.20865
38376	-3438.255	-3607.387	169.1321	1.287338	0.684942	0.315058	3.006277
38382	-3441.581	-3610.903	169.3216	1.430903	0.689193	0.310807	2.805137
38388	-3449.656	-3618.829	169.1731	1.204295	0.606211	0.393789	3.031492
38394	-3440.093	-3609.99	169.8969	1.389844	0.684193	0.315807	2.475462
38400	-3449.948	-3620.145	170.1972	1.368557	0.658838	0.341162	2.299012
38406	-3446.984	-3615.872	168.8882	1.204273	0.640871	0.359129	3.20117
38412	-3435.369	-3603.459	168.0906	1.095035	0.655089	0.344911	3.731207
38418	-3434.062	-3603.226	169.1638	1.211369	0.649213	0.350787	3.032825
38424	-3450.93	-3619.956	169.0257	1.191248	0.575462	0.424538	3.127252
38430	-3450.353	-3620.203	169.8506	1.3609	0.67507	0.32493	2.522517
38436	-3428.758	-3598.934	170.1762	1.468205	0.67507	0.32493	2.248572
38442	-3434.252	-3604.17	169.9189	1.470583	0.570194	0.429806	2.410887
38448	-3433.923	-3603.946	170.0221	1.451449	0.704493	0.295507	2.357695
38454	-3434.254	-3604.122	169.8675	1.387801	0.586337	0.413663	2.495168
38460	-3429.16	-3599.338	170.1773	1.496929	0.645168	0.354832	2.229371
38466	-3430.263	-3600.858	170.5952	1.598183	0.651275	0.348725	1.886274
38472	-3444.356	-3615.187	170.8304	1.766881	0.453515	0.546485	1.602947
38478	-3435.287	-3606.224	170.9366	1.660651	0.697676	0.302324	1.602947
38484	-3439.229	-3608.326	169.0971	1.232948	0.748684	0.251316	3.0598
38490	-3439.641	-3607.939	168.2982	1.165044	0.645361	0.354639	3.570324
38496	-3446.56	-3616.137	169.5761	1.301654	0.584889	0.415111	2.728659
38502	-3455.253	-3625.764	170.5109	1.613594	0.488062	0.511938	1.932924
38508	-3447.451	-3618.421	170.9705	1.656208	0.502941	0.497059	1.581479
38514	-3450.678	-3621.711	171.033	1.786243	0.604759	0.395241	1.437446
38520	-3442.847	-3614.221	171.3741	1.786243	0.583275	0.416725	1.159467
38526	-3434.964	-3606.319	171.3545	1.888987	0.615214	0.384786	1.084392
38532	-3437.993	-3609.434	171.4406	1.90426	0.639385	0.360615	0.9862944
38538	-3435.712	-3607.124	171.4115	1.942102	0.628494	0.371506	0.9773883
38544	-3433.657	-3605.003	171.3458	1.902025	0.568409	0.431591	1.080389
38550	-3440.752	-3611.982	171.2301	1.872856	0.561009	0.438991	1.209098
38556	-3443.531	-3614.752	171.221	1.889774	0.535491	0.464509	1.202454
38562	-3458.832	-3628.368	169.5359	1.303537	0.623935	0.376065	2.752134
38568	-3453.142	-3622.829	169.6871	1.363692	0.551926	0.448074	2.622236
38574	-3452.656	-3624.2	171.5443	1.890256	0.56739	0.43261	0.8902062
38580	-3452.494	-3622.522	170.0278	1.446579	0.706849	0.293151	2.357209
38586	-3453.859	-3623.596	169.7368	1.428887	0.752555	0.247445	2.551021
38592	-3457.383	-3626.921	169.5383	1.41282	0.722041	0.277959	2.68368
38598	-3443.274	-3613.317	170.043	1.451463	0.722041	0.277959	2.344407
38604	-3446.942	-3616.664	169.7217	1.44276	0.624688	0.375312	2.551813
38610	-3452.305	-3622.655	170.3503	1.494091	0.688627	0.311373	2.118909
38616	-3455.378	-3625.086	169.7086	1.509397	0.650573	0.349427	2.518453
38622	-3445.192	-3615.076	169.8842	1.509397	0.690556	0.309444	2.408277
38628	-3448.34	-3617.965	169.6249	1.38777	0.638838	0.361162	2.6458
38634	-3448.003	-3619.451	171.4483	2.023642	0.569058	0.430942	0.8460912
38640	-3446.031	-3617.409	171.3781	1.982721	0.468825	0.531175	0.9699703
38646	-3449.538	-3620.979	171.4416	1.919264	0.468825	0.531175	0.9699703
38652	-3449.125	-3616.763	167.6381	1.090774	0.569424	0.430576	3.993569
38658	-3443.505	-3611.427	167.9221	1.157487	0.633802	0.366198	3.792349
38664	-3447.801	-3616.544	168.7428	1.33069	0.538008	0.461992	3.212407
38670	-3439.179	-3606.952	167.7732	1.12997	0.480686	0.519314	3.893733
38676	-3435.652	-3602.991	167.3386	1.072767	0.596812	0.403188	4.174469
38682	-3439.182	-3607.309	168.1266	1.193169	0.468432	0.531568	3.653589
38688	-3456.626	-3624.971	168.345	1.255558	0.485647	0.514353	3.490368
38694	-3457.101	-3625.846	168.7447	1.129978	0.526511	0.473489	3.32973
38700	-3448.33	-3616.964	168.6345	1.205797	0.526511	0.473489	3.34995
38706	-3449.027	-3618.019	168.9923	1.261564	0.497475	0.502525	3.105252
38712	-3440.679	-3609.733	169.0543	1.29557	0.62508	0.37492	3.047958
38718	-3444.049	-3613.023	168.9743	1.297216	0.511098	0.488902	3.094735
38724	-3452.424	-3621.251	168.8267	1.231703	0.458015	0.541985	3.221318
38730	-3440.565	-3609.059	168.4944	1.231703	0.631534	0.368466	3.416947
38736	-3431.273	-3598.97	167.6968	1.090028	0.623625	0.376375	3.96042
38742	-3447.819	-3615.668	167.8485	1.090117	0.585376	0.414624	3.873426
38748	-3448.478	-3616.104	167.6251	1.198404	0.597101	0.402899	3.939375
38754	-3445.261	-3612.722	167.4611	1.130035	0.591496	0.408504	4.072174
38760	-3441.282	-3607.158	165.8761	0.8937486	0.576054	0.423946	5.09483
38766	-3447.292	-3613.785	166.4929	0.9343275	0.592043	0.407957	4.728856
38772	-3444.455	-3611.709	167.2546	1.002154	0.655987	0.344013	4.262125
38778	-3434.239	-3601.054	166.8147	0.9708902	0.531435	0.468565	4.527958
38784	-3442.95	-3611.003	168.0527	1.169029	0.588372	0.411628	3.710314
38790	-3440.243	-3609.147	168.904	1.261981	0.508872	0.491128	3.15757
38796	-3428.587	-3597.156	168.5694	1.110848	0.527931	0.472069	3.443798
38802	-3440.321	-3608.574	168.2538	1.062715	0.527931	0.472069	3.655494
38808	-3446.791	-3614.193	167.4024	1.05652	0.509693	0.490307	4.14744
38814	-3438.144	-3606.832	168.6877	1.21151	0.559416	0.440584	3.315312
38820	-3445.998	-3614.737	168.7388	1.281375	0.594197	0.405803	3.243929
38826	-3440.763	-3609.978	169.2149	1.243266	0.53399	0.46601	2.983042
38832	-3454.486	-3623.243	168.757	1.247873	0.700337	0.299663	3.252994
38838	-3445.698	-3614.638	168.9406	1.248299	0.556533	0.443467	3.14392
38844	-3430.333	-3599.226	168.8928	1.218693	0.456329	0.543671	3.189913
38850	-3446.379	-3615.163	168.7839	1.225764	0.503478	0.496522	3.250158
38856	-3439.486	-3608.209	168.7228	1.291736	0.592848	0.407152	3.24726
38862	-3449.268	-3617.802	168.5338	1.271001	0.598477	0.401523	3.37083
38868	-3448.635	-3618.282	169.6464	1.416917	0.416594	0.583406	2.614534
38874	-3443.279	-3612.783	169.5041	1.370843	0.618946	0.381054	2.730382
38880	-3445.144	-3615.119	169.9754	1.321243	0.623488	0.376512	2.46927
38886	-3445.595	-3614.742	169.1464	1.240063	0.688614	0.311386	3.026048
38892	-3452.64	-3622.831	170.1914	1.399867	0.654067	0.345933	2.282695
38898	-3440.906	-3610.87	169.9634	1.418704	0.657606	0.342394	2.415578
38904	-3431.329	-3601.237	169.9081	1.371304	0.665734	0.334266	2.480116
38910	-3443.689	-3613.557	169.8674	1.484003	0.518691	0.481309	2.434861
38916	-3448.124	-3618.077	169.9526	1.446998	0.683507	0.316493	2.404514
38922	-3445.769	-3615.517	169.7488	1.385981	0.562111	0.437889	2.570255
38928	-3439.051	-3608.117	169.0661	1.242453	0.597458	0.402542	3.072626
38934	-3448.124	-3617.101	168.9767	1.26515	0.600715	0.399285	3.11242
38940	-3447.423	-3615.847	168.4247	1.224024	0.632782	0.367218	3.462251
38946	-3445.526	-3615.228	169.7016	1.294689	0.655085	0.344915	2.655867
38952	-3452.052	-3621.609	169.5575	1.459746	0.688077	0.311923	2.642947
38958	-3450.188	-3619.924	169.7364	1.364084	0.577268	0.422732	2.591529
38964	-3446.299	-3616.136	169.8371	1.349348	0.716949	0.283051	2.538149
38970	-3440.511	-3610.696	170.1849	1.388628	0.716949	0.283051	2.294033
38976	-3447.65	-3617.936	170.2863	1.353684	0.692829	0.307171	2.251453
38982	-3434.737	-3603.91	169.173	1.211247	0.593512	0.406488	3.027356
38988	-3441.777	-3611.929	170.1521	1.486802	0.613901	0.386099	2.252134
38994	-3441.183	-3611.872	170.6898	1.507499	0.568429	0.431571	1.883558
39000	-3450.191	-3620.806	170.6146	1.642418	0.53376	0.46624	1.842759
39006	-3457.293	-3627.645	170.3521	1.553301	0.717398	0.282602	2.078848
39012	-3440.053	-3609.922	169.8686	1.471049	0.616692	0.383308	2.442287
39018	-3438.349	-3607.691	169.3426	1.312167	0.616692	0.383308	2.864468
39024	-3432.825	-3602.478	169.6531	1.325228	0.606486	0.393514	2.666971
39030	-3434.512	-3604.453	169.9415	1.47561	0.606486	0.393514	2.393461
39036	-3422.502	-3591.392	168.8902	1.334042	0.602164	0.397836	3.122915
39042	-3430.876	-3600.041	169.1652	1.334042	0.683044	0.316956	2.958363
39048	-3437.668	-3607.13	169.4625	1.366342	0.553725	0.446275	2.758604
39054	-3431.353	-3601.384	170.0315	1.427539	0.611395	0.388605	2.366899
39060	-3435.661	-3605.693	170.032	1.4271	0.724955	0.275045	2.366899
39066	-3433.151	-3602.308	169.1573	1.202705	0.55621	0.44379	3.04189
39072	-3432.643	-3601.31	168.6664	1.148373	0.613796	0.386204	3.364937
39078	-3423.29	-3592.711	169.4211	1.327042	0.613796	0.386204	2.807769
39084	-3431.154	-3600.073	168.9194	1.255249	0.522654	0.477346	3.152393
39090	-3440.538	-3608.67	168.1325	1.263945	0.711784	0.288216	3.609143
39096	-3424.483	-3594.059	169.5762	1.311702	0.647175	0.352825	2.72248
39102	-3424.954	-3594.789	169.8358	1.452979	0.600984	0.399016	2.474231
39108	-3429.606	-3599.616	170.0108	1.513048	0.538625	0.461375	2.325759
39114	-3440.069	-3610.187	170.1179	1.560746	0.802913	0.197087	2.226564
39120	-3437.503	-3607.524	170.0205	1.494595	0.611579	0.388421	2.33132
39126	-3431.867	-3602.453	170.5865	1.501088	0.621907	0.378093	1.957746
39132	-3430.013	-3599.899	169.886	1.340632	0.654679	0.345321	2.513107
39138	-3438.38	-3608.142	169.7615	1.268758	0.578297	0.421703	2.63492
39144	-3431.975	-3600.624	168.6485	1.272441	0.590096	0.409904	3.302525
39150	-3430.335	-3599.732	169.3964	1.298615	0.590096	0.409904	2.840028
39156	-3432.958	-3603.21	170.2522	1.393614	0.618852	0.381148	2.247702
39162	-3442.468	-3611.745	169.2774	1.248569	0.516389	0.483611	2.942223
39168	-3437.339	-3606.558	169.219	1.306994	0.517973	0.482027	2.942223
39174	-3431.781	-3601.215	169.434	1.366944	0.622956	0.377044	2.775594
39180	-3436.334	-3605.869	169.5353	1.251768	0.587936	0.412064	2.784066
39186	-3433.989	-3602.841	168.8516	1.169406	0.682866	0.317134	3.243485
39192	-3427.527	-3596.8	169.2736	1.280754	0.63681	0.36319	2.925138
39198	-3435.745	-3604.711	168.9664	1.171878	0.63681	0.36319	3.173987
39204	-3439.702	-3608.865	169.163	1.171878	0.647061	0.352939	3.056896
39210	-3441.795	-3610.39	168.5947	1.319941	0.587035	0.412965	3.306252
39216	-3438.166	-3607.582	169.4159	1.3249	0.516557	0.483443	2.812261
39222	-3441.303	-3611.383	170.08	1.38742	0.647417	0.352583	2.36162
39228	-3446.015	-3616.36	170.3445	1.371557	0.688903	0.311097	2.202374
39234	-3448.282	-3618.142	169.8599	1.404427	0.625945	0.374055	2.489535
39240	-3447.708	-3617.78	170.0716	1.372355	0.707869	0.292131	2.376474
39246	-3447.317	-3617.354	170.0374	1.406587	0.615946	0.384054	2.376474
39252	-3451.462	-3622.488	171.0263	1.851189	0.580406	0.419594	1.392381
39258	-3466.619	-3637.642	171.0226	1.624379	0.663829	0.336171	1.566575
39264	-3449.33	-3619.194	169.8646	1.324009	0.673652	0.326348	2.536807
39270	-3444.09	-3613.492	169.4017	1.388966	0.668546	0.331454	2.781883
39276	-3442.826	-3612.123	169.2972	1.339936	0.62394	0.37606	2.875109
39282	-3445.888	-3615.872	169.9846	1.44003	0.587036	0.412964	2.388682
39288	-3445.119	-3615.496	170.3771	1.595443	0.687948	0.312052	2.034477
39294	-3442.604	-3613.103	170.4988	1.54827	0.640959	0.359041	1.984881
39300	-3443.467	-3613.653	170.1867	1.541795	0.610802	0.389198	2.194344
39306	-3452.455	-3622.651	170.1958	1.477109	0.610802	0.389198	2.230268
39312	-3446.555	-3617.233	170.6781	1.52742	0.721483	0.278517	1.877952
39318	-3444.815	-3614.743	169.9279	1.505763	0.530433	0.469567	2.382975
39324	-3434.724	-3604.688	169.9643	1.426052	0.528123	0.471877	2.41034
39330	-3436.742	-3605.295	168.5529	1.271137	0.706193	0.293807	3.359533
39336	-3437.675	-3605.897	168.222	1.134445	0.563405	0.436595	3.632353
39342	-3436.942	-3605.128	168.1859	1.170542	0.702122	0.297878	3.632353
39348	-3447.443	-3616.195	168.7518	1.124485	0.700699	0.299301	3.328789
39354	-3443.488	-3612.577	169.089	1.246199	0.750661	0.249339	3.056704
39360	-3441.382	-3611.77	170.388	1.582249	0.679566	0.320434	2.036005
39366	-3442.265	-3612.836	170.5719	1.584959	0.545659	0.454341	1.911018
39372	-3437.181	-3607.719	170.538	1.584959	0.596042	0.403958	1.933947
39378	-3435.367	-3605.772	170.4043	1.512685	0.636465	0.363535	2.071238
39384	-3444.979	-3615.496	170.5172	1.63493	0.681483	0.318517	1.914229
39390	-3450.182	-3620.746	170.5645	1.488448	0.721544	0.278456	1.980973
39396	-3434.22	-3604.77	170.5502	1.502725	0.653965	0.346035	1.980973
39402	-3434.976	-3605.412	170.436	1.616974	0.628931	0.371069	1.980973
39408	-3443.347	-3613.941	170.5941	1.504994	0.57214	0.42786	1.950009
39414	-3443.856	-3614.151	170.2949	1.445829	0.705983	0.294017	2.186382
39420	-3442.129	-3612.826	170.6966	1.532989	0.698115	0.301885	1.861584
39426	-3441.27	-3612.167	170.8967	1.576819	0.680154	0.319846	1.691782
39432	-3429.818	-3600.561	170.7427	1.55037	0.618986	0.381014	1.817964
39438	-3440.756	-3611.506	170.7503	1.488119	0.705293	0.294707	1.855539
39444	-3435.997	-3606.148	170.1506	1.488119	0.655134	0.344866	2.252234
39450	-3439.071	-3609.369	170.2981	1.529443	0.666659	0.333341	2.129882
39456	-3433.772	-3604.579	170.807	1.723877	0.646591	0.353409	1.650849
39462	-3429.789	-3600.723	170.934	1.715265	0.588799	0.411201	1.564895
39468	-3443.682	-3614.68	170.9979	1.610087	0.652806	0.347194	1.595148
39474	-3440.038	-3611.014	170.9757	1.667042	0.652806	0.347194	1.569689
39480	-3444.601	-3615.508	170.9068	1.600035	0.697056	0.302944	1.668084
39486	-3455.962	-3626.821	170.8591	1.64765	0.625484	0.374516	1.668084
39492	-3443.611	-3614.518	170.9069	1.599849	0.685657	0.314343	1.668084
39498	-3436.381	-3607.125	170.744	1.588454	0.685657	0.314343	1.790694
39504	-3433.87	-3604.611	170.7415	1.623588	0.685657	0.314343	1.768013
39510	-3436.636	-3607.389	170.7523	1.565759	0.627383	0.372617	1.800729
39516	-3441.569	-3612.106	170.5369	1.589739	0.627383	0.372617	1.931478
39522	-3434.312	-3604.761	170.449	1.583978	0.688687	0.311313	1.994282
39528	-3443.773	-3614.311	170.5382	1.583978	0.613853	0.386147	1.934456
39534	-3447.764	-3618.422	170.6581	1.608121	0.571926	0.428074	1.83646
39540	-3449.929	-3620.429	170.4996	1.47067	0.625755	0.374245	2.03599
39546	-3445.341	-3615.254	169.9129	1.346194	0.625755	0.374245	2.492796
39552	-3435.068	-3603.583	168.5147	1.225401	0.620246	0.379754	3.40875
39558	-3444.3	-3613.374	169.0745	1.253712	0.556303	0.443697	3.060899
39564	-3439.486	-3607.035	167.5489	1.08569	0.560277	0.439723	4.047384
39570	-3435.063	-3602.621	167.5579	1.076657	0.587553	0.412447	4.047384
39576	-3435.385	-3602.939	167.5533	1.026244	0.60954	0.39046	4.078774
39582	-3433.87	-3600.683	166.813	1.067373	0.724631	0.275369	4.474689
39588	-3431.344	-3598.083	166.7382	0.9656465	0.718343	0.281657	4.573907
39594	-3444.187	-3614.391	170.2038	1.488169	0.546997	0.453003	2.217971
39600	-3436.982	-3607.764	170.7821	1.529045	0.549749	0.450251	1.805517
39606	-4774.484	-4943.819	169.3341	1.503293	0.205323	0.794677	2.753336
40002	-6479.838	-6252.985	-226.8527	54.78876	0.35245	0.64755	176.2836
40008	-6540.906	-6222.458	-318.448	54.1597	0.518156	0.481844	222.5123
