Iteration	Posterior	Likelihood	Prior	rate_log_sd	root_freqs[1]	root_freqs[2]	tree_length
0	-3430.436	-3600.905	170.4688	1.54958	0.621607	0.378393	2.004027
6	-3421.745	-3592.521	170.7759	1.606827	0.613189	0.386811	1.755706
12	-3426.904	-3597.1	170.1966	1.488091	0.678844	0.321156	2.222619
18	-3425.832	-3595.475	169.6432	1.348898	0.651631	0.348369	2.658442
24	-3424.995	-3594.728	169.7333	1.46231	0.58639	0.41361	2.532425
30	-3426.987	-3596.215	169.228	1.27233	0.598442	0.401558	2.957705
36	-3426.464	-3595.512	169.0477	1.23484	0.711012	0.288988	3.08813
42	-3438.315	-3607.935	169.6198	1.441685	0.695576	0.304424	2.615639
48	-3440.775	-3610.461	169.6863	1.375264	0.584015	0.415985	2.615639
54	-3443.687	-3612.455	168.7682	1.212114	0.625067	0.374933	3.26751
60	-3436.452	-3605.195	168.7435	1.205942	0.528806	0.471194	3.285689
66	-3432.536	-3601.988	169.4519	1.199764	0.57229	0.42771	2.866309
72	-3433.339	-3601.823	168.4841	1.199764	0.500386	0.499614	3.441668
78	-3439.709	-3608.773	169.0639	1.308319	0.570105	0.429895	3.034568
84	-3433.79	-3603.091	169.3008	1.266226	0.603084	0.396916	2.917505
90	-3444.915	-3614.343	169.4279	1.376882	0.64998	0.35002	2.773252
96	-3447.267	-3617.737	170.4703	1.492426	0.489236	0.510764	2.040995
102	-3439.42	-3610.392	170.9718	1.605739	0.599126	0.400874	1.617257
108	-3434.732	-3605.616	170.8838	1.575088	0.677726	0.322274	1.702113
114	-3428.397	-3599.059	170.6619	1.687764	0.573734	0.426266	1.778777
120	-3425.227	-3595.975	170.7483	1.6278	0.485245	0.514755	1.760372
126	-3433.21	-3603.559	170.3485	1.460019	0.620503	0.379497	2.142307
132	-3428.87	-3599.436	170.566	1.517373	0.620503	0.379497	1.960565
138	-3439.107	-3609.595	170.4884	1.594958	0.492647	0.507353	1.960565
144	-3440.475	-3609.061	168.5861	1.077653	0.729442	0.270558	3.453454
150	-3435.436	-3605.889	170.453	1.539665	0.50335	0.49665	2.021141
156	-3436.846	-3607.423	170.5774	1.558372	0.479083	0.520917	1.925311
162	-3433.188	-3603.524	170.3356	1.44597	0.522762	0.477238	2.159865
168	-3431.661	-3602.306	170.6442	1.498336	0.536875	0.463125	1.920695
174	-3440.982	-3611.282	170.2998	1.448346	0.660366	0.339634	2.181589
180	-3432.45	-3601.991	169.5417	1.239821	0.618432	0.381568	2.787463
186	-3439.399	-3609.055	169.6564	1.255009	0.604369	0.395631	2.708057
192	-3440.564	-3608.236	167.6722	1.083319	0.481297	0.518703	3.978336
198	-3424.824	-3594.245	169.4217	1.318403	0.591598	0.408402	2.812646
204	-3438.206	-3607.191	168.9848	1.233249	0.607541	0.392459	3.126559
210	-3433.265	-3602.01	168.7446	1.133596	0.607541	0.392459	3.327677
216	-3429.54	-3598.594	169.0544	1.165135	0.607541	0.392459	3.125696
222	-3434.646	-3603.727	169.0812	1.261416	0.593296	0.406704	3.052286
228	-3434.101	-3603.243	169.1422	1.231645	0.647634	0.352366	3.033621
234	-3432.041	-3601.587	169.5461	1.381095	0.575061	0.424939	2.698363
240	-3433.754	-3603.493	169.7395	1.409313	0.58198	0.41802	2.561568
246	-3434.405	-3604.169	169.7637	1.385116	0.60974	0.39026	2.561568
252	-3428.109	-3597.343	169.2344	1.347201	0.628755	0.371245	2.908671
258	-3430.75	-3599.972	169.2222	1.260535	0.525479	0.474521	2.968249
264	-3435.924	-3605.462	169.5371	1.429363	0.598122	0.401878	2.674231
270	-3440.129	-3610.214	170.0851	1.378536	0.549953	0.450047	2.363976
276	-3432.206	-3602.34	170.134	1.449266	0.564732	0.435268	2.287816
282	-3437.97	-3607.554	169.584	1.342875	0.578163	0.421837	2.698594
288	-3434.727	-3604.359	169.6317	1.346538	0.555642	0.444358	2.667015
294	-3441.04	-3610.362	169.3218	1.334956	0.589882	0.410118	2.863255
300	-3442.724	-3612.652	169.9277	1.268968	0.545424	0.454576	2.531789
306	-3442.593	-3611.042	168.4487	1.17628	0.490332	0.509668	3.476121
312	-3445.456	-3613.937	168.4811	1.125878	0.449439	0.550561	3.486598
318	-3447.834	-3615.968	168.1342	1.234156	0.518537	0.481463	3.625449
324	-3451.783	-3620.966	169.183	1.308032	0.623841	0.376159	2.963259
330	-3440.479	-3608.933	168.4531	1.219332	0.570404	0.429596	3.448394
336	-3439.92	-3608.43	168.5101	1.19752	0.570404	0.429596	3.427816
342	-3446.57	-3615.044	168.4745	1.233054	0.570404	0.429596	3.427816
348	-3450.327	-3618.549	168.222	1.161487	0.662488	0.337512	3.616679
354	-3435.951	-3604.316	168.3648	1.239429	0.625063	0.374937	3.488211
360	-3430.593	-3599.37	168.7766	1.193846	0.688845	0.311155	3.273299
366	-3432.23	-3601.081	168.8511	1.247824	0.477194	0.522806	3.197334
372	-3428.176	-3597.543	169.3669	1.292805	0.545761	0.454239	2.861451
378	-3426.088	-3595.174	169.086	1.292256	0.586708	0.413292	3.030947
384	-3426.223	-3595.499	169.2762	1.401385	0.648083	0.351917	2.850635
390	-3425.962	-3595.38	169.4184	1.352527	0.648083	0.351917	2.793914
396	-3424.276	-3592.918	168.6418	1.234584	0.631625	0.368375	3.328724
402	-3427.574	-3596.67	169.096	1.243816	0.533207	0.466793	3.053929
408	-3438.718	-3608.32	169.6026	1.232789	0.533207	0.466793	2.754551
414	-3441.252	-3609.77	168.5185	1.177523	0.611014	0.388986	3.434597
420	-3448.908	-3615.435	166.5268	1.048804	0.464984	0.535016	4.645817
426	-3446.117	-3612.698	166.5816	1.103189	0.593244	0.406756	4.584574
432	-3448.789	-3616.326	167.5372	1.189462	0.599071	0.400929	3.994824
438	-3433.138	-3601.239	168.1019	1.173311	0.688427	0.311573	3.679417
444	-3442.365	-3610.354	167.9891	1.175381	0.511284	0.488716	3.743397
450	-3445.397	-3614.642	169.2446	1.270611	0.621584	0.378416	2.948724
456	-3437.297	-3605.921	168.6238	1.211795	0.646667	0.353333	3.352731
462	-3447.09	-3615.794	168.7047	1.18592	0.646667	0.353333	3.320362
468	-3453.119	-3622.501	169.3818	1.272246	0.648232	0.351768	2.864885
474	-3450.989	-3619.872	168.8833	1.141129	0.555907	0.444093	3.241453
480	-3434.782	-3603.486	168.7041	1.320321	0.537602	0.462398	3.241453
486	-3434.588	-3604.253	169.6654	1.328708	0.537602	0.462398	2.657239
492	-3456.179	-3625.362	169.1826	1.365321	0.586609	0.413391	2.929011
498	-3445.476	-3614.722	169.2458	1.380852	0.558238	0.441762	2.881454
504	-3435.597	-3605.566	169.969	1.380852	0.558238	0.441762	2.435878
510	-3428.966	-3598.453	169.4868	1.398162	0.575203	0.424797	2.724244
516	-3437.916	-3606.676	168.7598	1.271832	0.5535	0.4465	3.237185
522	-3452.821	-3619.855	167.0345	1.093072	0.66192	0.33808	4.335253
528	-3450.718	-3617.641	166.9234	1.039915	0.706084	0.293916	4.427964
534	-3447.046	-3615.71	168.6637	1.254088	0.728112	0.271888	3.30439
540	-3441.197	-3609.757	168.56	1.357707	0.561397	0.438603	3.30439
546	-3446.793	-3616.198	169.4053	1.262641	0.62907	0.37093	2.856448
552	-3441.938	-3611.179	169.2412	1.398327	0.729466	0.270534	2.873695
558	-3444.262	-3613.719	169.4572	1.341283	0.58482	0.41518	2.777135
564	-3433.177	-3603.313	170.1357	1.476483	0.630677	0.369323	2.269301
570	-3437.933	-3607.903	169.9695	1.445585	0.56639	0.43361	2.394728
576	-3444.745	-3614.257	169.5123	1.435376	0.630435	0.369565	2.685787
582	-3431.001	-3599.419	168.4172	1.164273	0.656931	0.343069	3.50148
588	-3428.671	-3596.751	168.0805	1.218268	0.653541	0.346459	3.665803
594	-3428.899	-3597.322	168.4234	1.166071	0.652278	0.347722	3.496812
600	-3429.962	-3598.228	168.2659	1.153598	0.526351	0.473649	3.595751
606	-3445.299	-3613.573	168.2731	1.146421	0.689783	0.310217	3.595751
612	-3445.505	-3613.94	168.4354	1.211871	0.755037	0.244963	3.463065
618	-3452.334	-3620.873	168.5387	1.108562	0.51021	0.48979	3.463065
624	-3450.185	-3618.186	168.0012	1.127311	0.508442	0.491558	3.764143
630	-3434.96	-3602.273	167.3132	1.114553	0.639228	0.360772	4.165139
636	-3444.982	-3613.439	168.4571	1.190889	0.590593	0.409407	3.46269
642	-3443.013	-3611.655	168.642	1.126431	0.626794	0.373206	3.392158
648	-3452.107	-3619.504	167.3973	1.217399	0.684927	0.315073	4.058729
654	-3449.746	-3616.853	167.1069	1.105053	0.533563	0.466437	4.287521
660	-3446.249	-3613.34	167.0908	0.973913	0.599743	0.400257	4.37075
666	-3444.72	-3612.748	168.0281	1.174757	0.609422	0.390578	3.721218
672	-3438.768	-3606.841	168.0728	1.274738	0.609422	0.390578	3.63751
678	-3442.941	-3611.084	168.1423	1.240101	0.576115	0.423885	3.617307
684	-3443.713	-3614.449	170.7352	1.513425	0.624313	0.375687	1.84853
690	-3443.553	-3612.915	169.362	1.264665	0.59437	0.40563	2.881443
696	-3452.846	-3621.283	168.4375	1.305905	0.602615	0.397385	3.40681
702	-3441.456	-3610.37	168.9137	1.289073	0.643346	0.356654	3.135656
708	-3442.162	-3610.498	168.3366	1.195453	0.68235	0.31765	3.530317
714	-3445.917	-3615.031	169.1139	1.271282	0.68235	0.31765	3.026803
720	-3452.237	-3620.765	168.5278	1.2782	0.649732	0.350268	3.370137
726	-3446.392	-3614.401	168.0092	1.174106	0.669811	0.330189	3.732529
732	-3447.701	-3616.841	169.1407	1.36246	0.669811	0.330189	2.956001
738	-3449.158	-3617.147	167.9894	1.305982	0.580381	0.419619	3.667733
744	-3443.094	-3613.348	170.2545	1.447378	0.544272	0.455728	2.211526
750	-3437.977	-3608.967	170.9905	1.600913	0.593031	0.406969	1.60716
756	-3434.768	-3604.448	169.6797	1.302485	0.549705	0.450295	2.664571
762	-3433.234	-3602.444	169.2099	1.305865	0.708378	0.291622	2.948391
768	-3437.651	-3605.937	168.2852	1.077308	0.627508	0.372492	3.628871
774	-3451.652	-3618.801	167.1496	1.055292	0.645085	0.354915	4.291504
780	-3456.875	-3624.095	167.2197	0.9852455	0.593856	0.406144	4.291504
786	-3463.012	-3629.82	166.8076	1.138059	0.541474	0.458526	4.437903
792	-3450.713	-3620.537	169.8233	1.368532	0.609331	0.390669	2.534752
798	-3447.926	-3616.826	168.9003	1.265757	0.66998	0.33002	3.157532
804	-3430.758	-3600.682	169.9247	1.319855	0.590264	0.409736	2.50191
810	-3444.503	-3614.114	169.6104	1.348063	0.598208	0.401792	2.679147
816	-3450.462	-3619.885	169.423	1.310454	0.538634	0.461366	2.816684
822	-3438.656	-3606.909	168.2527	1.162532	0.69265	0.30735	3.598241
828	-3444.388	-3612.091	167.7039	1.076793	0.698353	0.301647	3.963935
834	-3447.12	-3614.741	167.621	1.088459	0.599014	0.400986	4.004619
840	-3441.33	-3608.936	167.6058	1.016204	0.599014	0.400986	4.054566
846	-3448.599	-3616.368	167.7691	1.049984	0.689637	0.310363	3.941909
852	-3449.162	-3617.136	167.974	1.124509	0.598228	0.401772	3.781445
858	-3440.294	-3609.298	169.0043	1.26236	0.598228	0.401772	3.097656
864	-3439.293	-3608.329	169.0361	1.237933	0.545874	0.454126	3.093228
870	-3441.745	-3610.667	168.9221	1.351962	0.658449	0.341551	3.093228
876	-3447.205	-3615.519	168.3139	1.030354	0.52399	0.47601	3.639425
882	-3445.581	-3613.673	168.0916	1.252698	0.60463	0.39537	3.639425
888	-3429.883	-3598.093	168.2107	1.133537	0.587342	0.412658	3.639425
894	-3438.511	-3605.546	167.0352	1.105419	0.57603	0.42397	4.327881
900	-3433.976	-3602.894	168.9185	1.283258	0.626794	0.373206	3.136309
906	-3430.099	-3599.57	169.4703	1.337986	0.57389	0.42611	2.771112
912	-3431.852	-3601.475	169.6221	1.365113	0.57389	0.42611	2.66147
918	-3434.663	-3604.722	170.0595	1.530284	0.50913	0.49087	2.283608
924	-3431.615	-3601.706	170.0908	1.499071	0.526721	0.473279	2.283608
930	-3434.35	-3604.495	170.1455	1.4016	0.50865	0.49135	2.310921
936	-3431.368	-3601.294	169.9256	1.483117	0.681927	0.318073	2.39875
942	-3441.759	-3612.369	170.6093	1.542256	0.598579	0.401421	1.914618
948	-3444.824	-3614.78	169.9559	1.484657	0.51957	0.48043	2.378603
954	-3441.157	-3611.394	170.2372	1.559862	0.593606	0.406394	2.149781
960	-3443.958	-3614.689	170.7311	1.538107	0.457536	0.542464	1.834398
966	-3445.172	-3615.97	170.7981	1.522017	0.614469	0.385531	1.79925
972	-3435.872	-3606.623	170.751	1.610531	0.574852	0.425148	1.770534
978	-3435.108	-3605.406	170.2978	1.553791	0.605207	0.394793	2.114179
984	-3436.063	-3606.107	170.0439	1.470547	0.601673	0.398327	2.331698
990	-3435.326	-3605.565	170.239	1.452922	0.546086	0.453914	2.217977
996	-3437.213	-3608.051	170.8377	1.570805	0.555402	0.444598	1.73766
1002	-3431.288	-3601.992	170.704	1.583735	0.558353	0.441647	1.821641
1008	-3419.427	-3589.987	170.5603	1.502893	0.566246	0.433754	1.974126
1014	-3432.725	-3602.629	169.9049	1.502893	0.522661	0.477339	2.399328
1020	-3436.17	-3606.203	170.0327	1.490987	0.592068	0.407932	2.325814
1026	-3433.474	-3603.473	169.9991	1.535072	0.628152	0.371848	2.319154
1032	-3435.815	-3605.693	169.8786	1.514023	0.481732	0.518268	2.408922
1038	-3442.143	-3612.047	169.904	1.488618	0.660869	0.339131	2.408922
1044	-3440.096	-3610.072	169.9768	1.378342	0.455274	0.544726	2.432563
1050	-3452.999	-3622.21	169.2106	1.173325	0.610757	0.389243	3.027585
1056	-3445.365	-3614.138	168.7731	1.316203	0.42513	0.57487	3.203033
1062	-3444.427	-3613.988	169.561	1.276515	0.423129	0.576871	2.753252
1068	-3440.477	-3609.961	169.4845	1.314177	0.479235	0.520765	2.776993
1074	-3447.293	-3616.775	169.482	1.289093	0.592977	0.407023	2.793818
1080	-3439.148	-3608.979	169.831	1.410873	0.627744	0.372256	2.503585
1086	-3442.282	-3612.714	170.4313	1.550629	0.562095	0.437905	2.028254
1092	-3434.501	-3604.174	169.6723	1.453813	0.603006	0.396994	2.575657
1098	-3438.835	-3608.53	169.6952	1.359502	0.605611	0.394389	2.619837
1104	-3450.609	-3620.894	170.2847	1.439118	0.743061	0.256939	2.19735
1110	-3447.128	-3617.864	170.7355	1.625674	0.638256	0.361744	1.770742
1116	-3455.858	-3626.419	170.5603	1.687118	0.521623	0.478377	1.849341
1122	-3449.144	-3620.144	171.0002	1.763493	0.456442	0.543558	1.479711
1128	-3449.62	-3620.824	171.2044	1.771643	0.473005	0.526995	1.314246
1134	-3438.238	-3608.573	170.3348	1.603321	0.660683	0.339317	2.057294
1140	-3427.743	-3598.397	170.6533	1.595354	0.558067	0.441933	1.848518
1146	-3444.586	-3614.896	170.3096	1.595354	0.558067	0.441933	2.079126
1152	-3444.46	-3615.218	170.7576	1.519963	0.516626	0.483374	1.828639
1158	-3432.533	-3603.414	170.881	1.68132	0.548306	0.451694	1.628252
1164	-3438.245	-3609.009	170.7632	1.605723	0.598058	0.401942	1.765341
1170	-3439.085	-3609.729	170.6442	1.526055	0.488018	0.511982	1.901938
1176	-3452.467	-3623.038	170.5717	1.599337	0.573137	0.426863	1.901419
1182	-3452.159	-3622.418	170.2584	1.428632	0.597666	0.402334	2.22116
1188	-3441.334	-3611.286	169.9523	1.494873	0.511441	0.488559	2.374462
1194	-3435.783	-3606.38	170.5963	1.576813	0.654688	0.345312	1.900002
1200	-3439.962	-3610.766	170.8035	1.627072	0.608597	0.391403	1.722125
1206	-3452.649	-3622.658	170.0097	1.526051	0.521944	0.478056	2.318169
1212	-3459.263	-3627.944	168.681	1.241214	0.647065	0.352935	3.301783
1218	-3469.422	-3638.135	168.7126	1.209595	0.487256	0.512744	3.301783
1224	-3465.667	-3635.078	169.4104	1.255838	0.523336	0.476664	2.85749
1230	-3450.98	-3619.628	168.6478	1.155448	0.587637	0.412363	3.371723
1236	-3453.485	-3620.471	166.9858	1.094368	0.552742	0.447258	4.362035
1242	-3447.375	-3613.568	166.1937	1.094089	0.60846	0.39154	4.806773
1248	-3429.437	-3597.921	168.4841	1.162918	0.552753	0.447247	3.463228
1254	-3431.095	-3599.568	168.473	1.192248	0.469827	0.530173	3.452581
1260	-3433.396	-3603.496	170.0994	1.407204	0.601557	0.398443	2.3367
1266	-3436.244	-3606.039	169.7955	1.390851	0.70033	0.29967	2.538208
1272	-3437.653	-3607.659	170.006	1.433337	0.614654	0.385346	2.379397
1278	-3435.944	-3606.489	170.5449	1.544845	0.614654	0.385346	1.956297
1284	-3437.402	-3607.067	169.6645	1.404402	0.691696	0.308304	2.611094
1290	-3434.823	-3604.348	169.5247	1.391524	0.551213	0.448787	2.705118
1296	-3439.771	-3610.023	170.2522	1.523544	0.475916	0.524084	2.163672
1302	-3443.205	-3613.386	170.1819	1.457074	0.578741	0.421259	2.252079
1308	-3444.572	-3614.739	170.1666	1.47239	0.559116	0.440884	2.252079
1314	-3434.967	-3605.242	170.2748	1.478513	0.559116	0.440884	2.178266
1320	-3439.637	-3609.125	169.488	1.294696	0.596526	0.403474	2.786749
1326	-3431.992	-3601.555	169.5629	1.325848	0.572074	0.427926	2.721943
1332	-3432.025	-3601.708	169.6832	1.362937	0.58634	0.41366	2.625165
1338	-3430.645	-3599.152	168.5078	1.271592	0.596998	0.403002	3.385705
1344	-3436.145	-3604.66	168.5149	1.201958	0.647577	0.352423	3.422363
1350	-3439.994	-3607.44	167.4464	1.191003	0.565044	0.434956	4.045772
1356	-3430.117	-3599.366	169.2489	1.303288	0.735029	0.264971	2.926431
1362	-3430.116	-3599.887	169.7709	1.386468	0.517426	0.482574	2.556253
1368	-3433.908	-3604.5	170.5919	1.544041	0.674378	0.325622	1.925191
1374	-3430.726	-3601.302	170.5756	1.545186	0.637962	0.362038	1.93543
1380	-3437.625	-3608.233	170.6086	1.535392	0.555473	0.444527	1.919747
1386	-3442.912	-3613.581	170.6689	1.568597	0.497795	0.502205	1.85613
1392	-3439.212	-3610.117	170.9053	1.611807	0.519402	0.480598	1.660708
1398	-3439.14	-3609.222	170.0821	1.43294	0.654982	0.345018	2.331374
1404	-3430.535	-3600.892	170.3574	1.396097	0.521676	0.478324	2.178123
1410	-3431.442	-3599.806	168.3633	1.147204	0.662856	0.337144	3.542845
1416	-3436.782	-3604.464	167.6816	1.170847	0.642267	0.357733	3.922836
1422	-3428.964	-3598.845	169.8808	1.262261	0.603676	0.396324	2.565106
1428	-3432.873	-3603.04	170.1665	1.458965	0.544483	0.455517	2.26073
1434	-3430.441	-3600.749	170.3081	1.44276	0.544483	0.455517	2.179862
1440	-3433.78	-3604.172	170.3926	1.475816	0.588962	0.411038	2.103121
1446	-3428.128	-3598.432	170.3047	1.413412	0.588962	0.411038	2.20103
1452	-3429.251	-3599.163	169.9121	1.261692	0.588962	0.411038	2.545994
1458	-3423.672	-3593.264	169.5923	1.302491	0.588962	0.411038	2.718226
1464	-3425.135	-3594.724	169.5887	1.306066	0.70368	0.29632	2.718226
1470	-3430.499	-3599.713	169.2139	1.249043	0.628318	0.371682	2.980186
1476	-3420.143	-3588.683	168.5393	1.284066	0.628318	0.371682	3.359938
1482	-3424.49	-3594.351	169.861	1.37451	0.486825	0.513175	2.507564
1488	-3435.9	-3605.731	169.8305	1.389457	0.605396	0.394604	2.517253
1494	-3434.593	-3604.405	169.8121	1.322966	0.646359	0.353641	2.570105
1500	-3433.487	-3602.693	169.2066	1.188367	0.564884	0.435116	3.020944
1506	-3434.692	-3603.808	169.1158	1.279122	0.605069	0.394931	3.020944
1512	-3433.775	-3602.563	168.7878	1.247157	0.693366	0.306634	3.235219
1518	-3436.545	-3604.717	168.1723	1.19857	0.580474	0.419526	3.62402
1524	-3434.61	-3602.767	168.1567	1.214089	0.507774	0.492226	3.62402
1530	-3432.747	-3601.9	169.1536	1.174769	0.522189	0.477811	3.060811
1536	-3431.701	-3600.068	168.3666	1.137653	0.553791	0.446209	3.546467
1542	-3437.477	-3606.345	168.868	1.153636	0.64206	0.35794	3.243095
1548	-3435.525	-3604.309	168.7841	1.258567	0.524333	0.475667	3.230669
1554	-3433.859	-3602.651	168.7922	1.25044	0.494286	0.505714	3.230669
1560	-3459.576	-3627.227	167.6507	1.261065	0.494286	0.505714	3.888832
1566	-3452.997	-3621.697	168.7005	1.291705	0.614356	0.385644	3.2605
1572	-3452.027	-3620.961	168.9335	1.293262	0.669031	0.330969	3.121394
1578	-3439.09	-3607.685	168.5945	1.309361	0.599152	0.400848	3.31258
1584	-3431.695	-3601.921	170.2267	1.409587	0.700211	0.299789	2.253794
1590	-3430.234	-3600.32	170.0867	1.494598	0.570372	0.429628	2.289063
1596	-3447.489	-3617.964	170.475	1.498804	0.660143	0.339857	2.033665
1602	-3442.926	-3613.163	170.2374	1.430952	0.560517	0.439483	2.233163
1608	-3444.602	-3614.63	170.0271	1.352014	0.412856	0.587144	2.417458
1614	-3432.45	-3602.165	169.7158	1.36436	0.476186	0.523814	2.60411
1620	-3435.348	-3605.015	169.6663	1.413812	0.523431	0.476569	2.60411
1626	-3448.327	-3617.941	169.6138	1.484371	0.617576	0.382424	2.59293
1632	-3441.429	-3611.169	169.7398	1.358394	0.634775	0.365225	2.59293
1638	-3437.474	-3606.711	169.2366	1.238313	0.666762	0.333238	2.972947
1644	-3448.656	-3618.268	169.6122	1.308135	0.57616	0.42384	2.702555
1650	-3445.119	-3613.59	168.4709	1.269461	0.477512	0.522488	3.408609
1656	-3453.636	-3621.689	168.0525	1.163194	0.487225	0.512775	3.713801
1662	-3440.555	-3608.11	167.5544	1.07343	0.541949	0.458051	4.051237
1668	-3442.636	-3609.619	166.983	0.9580968	0.588009	0.411991	4.440461
1674	-3441.815	-3608.521	166.7059	1.100692	0.588009	0.411991	4.516157
1680	-3441.256	-3608.959	167.7029	1.073094	0.624032	0.375968	3.96658
1686	-3446.748	-3614.937	168.1892	1.135279	0.469406	0.530594	3.650863
1692	-3445.493	-3613.567	168.0743	1.171556	0.601357	0.398643	3.696391
1698	-3444.378	-3611.607	167.2287	1.069327	0.468673	0.531327	4.238759
1704	-3434.903	-3604.173	169.2695	1.246945	0.544579	0.455421	2.947959
1710	-3430.716	-3600.917	170.2004	1.415955	0.544579	0.455421	2.26658
1716	-3434.999	-3604.66	169.6607	1.389589	0.576654	0.423346	2.622576
1722	-3442.089	-3611.838	169.7498	1.284757	0.591909	0.408091	2.632298
1728	-3446.788	-3616.442	169.6546	1.379967	0.607601	0.392399	2.632298
1734	-3441.196	-3611.276	170.0795	1.41575	0.595079	0.404921	2.343947
1740	-3453.684	-3623.124	169.4405	1.323083	0.404606	0.595394	2.798362
1746	-3458.689	-3627.958	169.2691	1.363284	0.571842	0.428158	2.877983
1752	-3452.926	-3622.043	169.1174	1.411266	0.530669	0.469331	2.940638
1758	-3442.638	-3611.686	169.0478	1.336798	0.540545	0.459455	3.027152
1764	-3444.395	-3612.861	168.4659	1.388703	0.5263	0.4737	3.341552
1770	-3449.075	-3617.747	168.6725	1.285352	0.675408	0.324592	3.280723
1776	-3469.882	-3639.55	169.6676	1.368462	0.523676	0.476324	2.631347
1782	-3449.517	-3619.586	170.0695	1.348239	0.523676	0.476324	2.393031
1788	-3450.117	-3619.611	169.4937	1.282228	0.523676	0.476324	2.790835
1794	-3443.995	-3613.292	169.2972	1.202011	0.576722	0.423278	2.958348
1800	-3443.905	-3613.043	169.1381	1.361139	0.572331	0.427669	2.958348
1806	-3456.273	-3626.198	169.9253	1.352577	0.613593	0.386407	2.481017
1812	-3446.268	-3615.602	169.3339	1.324149	0.613593	0.386407	2.862428
1818	-3448.048	-3617.149	169.1007	1.268401	0.5625	0.4375	3.036436
1824	-3439.196	-3608.074	168.8787	1.185725	0.623613	0.376387	3.217781
1830	-3444.619	-3613.62	169.0011	1.279842	0.666329	0.333671	3.08913
1836	-3443.619	-3613.107	169.4879	1.308554	0.647736	0.352264	2.778344
1842	-3436.712	-3606.779	170.0673	1.377117	0.504585	0.495415	2.376176
1848	-3438.987	-3608.937	169.9507	1.382851	0.621499	0.378501	2.446142
1854	-3449.763	-3619.68	169.9176	1.415902	0.71001	0.28999	2.446142
1860	-3451.202	-3621.182	169.981	1.480309	0.602692	0.397308	2.365491
1866	-3455.686	-3625.502	169.816	1.324494	0.632928	0.367072	2.566732
1872	-3453.517	-3623.611	170.0941	1.553885	0.719533	0.280467	2.246262
1878	-3437.223	-3607.705	170.4816	1.633348	0.663283	0.336717	1.939317
1884	-3432.863	-3603.116	170.2527	1.381104	0.678548	0.321452	2.25538
1890	-3448.049	-3618.03	169.9815	1.532885	0.693197	0.306803	2.331778
1896	-3445.333	-3615.692	170.3588	1.452284	0.59287	0.40713	2.140674
1902	-3438.317	-3608.562	170.2448	1.451148	0.59287	0.40713	2.215373
1908	-3439.796	-3610.012	170.2162	1.448801	0.601594	0.398406	2.235311
1914	-3446.935	-3616.579	169.6437	1.318673	0.624633	0.375367	2.676756
1920	-3456.305	-3625.085	168.7802	1.251977	0.541515	0.458485	3.236869
1926	-3442.114	-3611.424	169.3104	1.25767	0.563779	0.436221	2.916866
1932	-3441.336	-3611.79	170.4543	1.505176	0.744728	0.255272	2.043155
1938	-3445.952	-3616.561	170.6091	1.574284	0.488346	0.511654	1.893058
1944	-3435.073	-3605.831	170.7585	1.570438	0.488346	0.511654	1.79313
1950	-3437.495	-3608.337	170.8419	1.692545	0.594131	0.405869	1.648311
1956	-3434.41	-3605.392	170.9818	1.645421	0.594131	0.405869	1.581078
1962	-3435.115	-3606.173	171.0575	1.63472	0.529386	0.470614	1.53319
1968	-3438.831	-3609.791	170.96	1.705956	0.514909	0.485091	1.55265
1974	-3446.94	-3617.729	170.7885	1.798005	0.494819	0.505181	1.610768
1980	-3445.03	-3616.139	171.1098	1.733371	0.608307	0.391693	1.419063
1986	-3445.721	-3616.839	171.1179	1.761686	0.560665	0.439335	1.39081
1992	-3432.781	-3603.741	170.9594	1.655882	0.515695	0.484305	1.589816
1998	-3435.621	-3606.903	171.2829	1.851793	0.561496	0.438504	1.181826
2004	-3436.863	-3608.038	171.1751	1.917794	0.503149	0.496851	1.217681
2010	-3431.005	-3602.415	171.409	1.867172	0.624944	0.375056	1.053693
2016	-3430.339	-3601.837	171.4981	1.941928	0.588193	0.411807	0.8839319
2022	-3441.134	-3612.626	171.492	1.948041	0.583806	0.416194	0.8839319
2028	-3446.091	-3617.598	171.5069	1.97375	0.628179	0.371821	0.8354381
2034	-3441.185	-3612.633	171.4485	1.920074	0.535035	0.464965	0.9619898
2040	-3433.557	-3604.997	171.4403	1.937733	0.582656	0.417344	0.9521017
2046	-3436.242	-3607.725	171.4835	1.984238	0.510414	0.489586	0.8513031
2052	-3428.085	-3599.482	171.3962	2.076382	0.539768	0.460232	0.8453626
2058	-3447.441	-3618.885	171.4442	2.028374	0.654604	0.345396	0.8453626
2064	-3434.592	-3606.039	171.4464	2.089264	0.503055	0.496945	0.7616672
2070	-3450.971	-3621.2	170.2292	1.568111	0.675537	0.324463	2.149648
2076	-3444.076	-3614.311	170.2346	1.553723	0.675537	0.324463	2.155494
2082	-3453.402	-3624.917	171.5148	2.049707	0.421345	0.578655	0.7171904
2088	-3443.2	-3614.572	171.3716	2.073617	0.642457	0.357543	0.8779374
2094	-3447.08	-3618.301	171.2211	2.072765	0.614601	0.385399	1.036765
2100	-3436.267	-3607.487	171.2205	1.867594	0.529635	0.470365	1.221696
2106	-3432.896	-3603.658	170.7619	1.713972	0.579265	0.420735	1.690078
2112	-3445.698	-3616.663	170.9647	1.613616	0.710535	0.289465	1.616697
2118	-3440.713	-3611.639	170.9256	1.738572	0.663912	0.336088	1.553992
2124	-3440.162	-3611.042	170.8801	1.646223	0.646949	0.353051	1.654147
2130	-3445.13	-3614.797	169.6663	1.447623	0.754926	0.245074	2.583165
2136	-3446.867	-3614.892	168.0249	1.185312	0.69454	0.30546	3.717002
2142	-3440.275	-3608.724	168.4488	1.347528	0.603008	0.396992	3.375788
2148	-3443.737	-3612.339	168.602	1.194353	0.652675	0.347325	3.375788
2154	-3445.175	-3613.46	168.2856	1.137489	0.623126	0.376874	3.593703
2160	-3448.887	-3617.967	169.0801	1.418356	0.630106	0.369894	2.958804
2166	-3454.39	-3623.521	169.1309	1.353777	0.654119	0.345881	2.967098
2172	-3461.416	-3630.412	168.9964	1.344932	0.569095	0.430905	3.053064
2178	-3449.577	-3617.82	168.2426	1.175134	0.63153	0.36847	3.596795
2184	-3429.569	-3598.506	168.9371	1.3155	0.544663	0.455337	3.106011
2190	-3434.1	-3603.328	169.2281	1.340901	0.565311	0.434689	2.916283
2196	-3439.886	-3610.077	170.1912	1.376196	0.545943	0.454057	2.297955
2202	-3431.429	-3600.91	169.4817	1.355292	0.599692	0.400308	2.753605
2208	-3439.552	-3609.628	170.0761	1.34387	0.540742	0.459258	2.391621
2214	-3440.833	-3610.246	169.4127	1.34387	0.540742	0.459258	2.802652
2220	-3438.307	-3606.599	168.2924	1.113241	0.553822	0.446178	3.603833
2226	-3446.979	-3614.386	167.4076	0.9044667	0.553822	0.446178	4.230808
2232	-3455.431	-3623.761	168.3306	1.156534	0.506299	0.493701	3.556464
2238	-3450.533	-3620.051	169.5185	1.261382	0.508788	0.491212	2.788451
2244	-3439.176	-3607.85	168.6744	1.196905	0.564448	0.435552	3.33171
2250	-3432.543	-3600.814	168.2705	1.130522	0.460394	0.539606	3.60652
2256	-3435.814	-3604.095	168.2817	1.119299	0.516092	0.483908	3.60652
2262	-3431.185	-3598.916	167.7317	1.079316	0.52256	0.47744	3.946577
2268	-3437.276	-3606.898	169.6223	1.265142	0.48034	0.51966	2.722721
2274	-3431.27	-3600.743	169.4729	1.289176	0.501097	0.498903	2.799315
2280	-3426.954	-3596.308	169.3541	1.430763	0.45255	0.54745	2.785407
2286	-3431.326	-3601.646	170.3192	1.395154	0.450219	0.549781	2.203459
2292	-3431.488	-3600.578	169.0899	1.288736	0.517381	0.482619	3.03072
2298	-3440.237	-3610.115	169.8778	1.387311	0.63122	0.36878	2.489024
2304	-3447.848	-3617.975	170.1271	1.468068	0.638623	0.361377	2.280202
2310	-3454.757	-3624.821	170.0632	1.47815	0.557921	0.442079	2.314583
2316	-3458.681	-3628.976	170.2951	1.44075	0.611396	0.388604	2.189538
2322	-3446.072	-3614.865	168.7932	1.318637	0.671263	0.328737	3.189691
2328	-3437.06	-3606.568	169.5078	1.303063	0.606479	0.393521	2.76955
2334	-3438.138	-3607.986	169.8481	1.405035	0.628348	0.371652	2.496496
2340	-3444.805	-3615.292	170.4867	1.407018	0.547003	0.452997	2.086518
2346	-3446.277	-3616.307	170.0305	1.447231	0.51784	0.48216	2.355071
2352	-3443.622	-3612.667	169.0445	1.277909	0.693498	0.306502	3.06438
2358	-3433.07	-3601.633	168.5624	1.186821	0.559678	0.440322	3.40345
2364	-3437.768	-3606.432	168.664	1.244919	0.55391	0.44609	3.309566
2370	-3438.867	-3608.168	169.3013	1.349836	0.596093	0.403907	2.866634
2376	-3441.813	-3612.578	170.7649	1.637985	0.649592	0.350408	1.741596
2382	-3436.429	-3606.839	170.4102	1.551882	0.592176	0.407824	2.041392
2388	-3438.663	-3608.739	170.0763	1.438606	0.424281	0.575719	2.33144
2394	-3439.031	-3609.715	170.684	1.407722	0.622172	0.377828	1.954954
2400	-3439.619	-3606.816	167.1972	1.088008	0.668013	0.331987	4.246049
2406	-3437.08	-3605.169	168.0887	1.079524	0.598503	0.401497	3.741236
2412	-3442.114	-3609.518	167.4042	1.045518	0.643539	0.356461	4.152661
2418	-3441.39	-3608.476	167.0855	1.076039	0.479578	0.520422	4.31604
2424	-3434.452	-3603.564	169.1123	1.245983	0.583908	0.416092	3.042882
2430	-3433.314	-3602.446	169.1323	1.159524	0.583908	0.416092	3.082617
2436	-3437.977	-3606.172	168.1955	1.088122	0.535692	0.464308	3.674543
2442	-3438.3	-3605.538	167.2385	1.051585	0.61125	0.38875	4.243239
2448	-3435.973	-3603.288	167.3147	1.052055	0.631286	0.368714	4.199762
2454	-3442.403	-3609.904	167.5007	1.224466	0.609188	0.390812	3.99566
2460	-3445.038	-3613.98	168.9417	1.234025	0.506954	0.493046	3.151776
2466	-3440.185	-3609.771	169.5861	1.387003	0.583685	0.416315	2.670182
2472	-3448.713	-3618.673	169.9603	1.452075	0.585209	0.414791	2.396441
2478	-3451.395	-3621.198	169.8029	1.2977	0.577533	0.422467	2.591419
2484	-3443.214	-3613.041	169.827	1.425574	0.598565	0.401435	2.496899
2490	-3448.598	-3618.092	169.4938	1.339733	0.549099	0.450901	2.755712
2496	-3436.939	-3607.239	170.3003	1.40307	0.589014	0.410986	2.210615
2502	-3429.2	-3598.957	169.7574	1.410704	0.548564	0.451436	2.549564
2508	-3437.185	-3607.047	169.8615	1.294869	0.548564	0.451436	2.55685
2514	-3436.912	-3606.671	169.7587	1.397648	0.5009	0.4991	2.55685
2520	-3444.239	-3613.994	169.7548	1.401589	0.555975	0.444025	2.55685
2526	-3438.252	-3607.944	169.6924	1.349513	0.597721	0.402279	2.627778
2532	-3439.79	-3609.149	169.3584	1.381867	0.564264	0.435736	2.812575
2538	-3427.004	-3596.661	169.6573	1.32601	0.574657	0.425343	2.663857
2544	-3431.393	-3600.797	169.4035	1.254128	0.607357	0.392643	2.862742
2550	-3434.94	-3604.478	169.5384	1.31636	0.562934	0.437066	2.742738
2556	-3438.106	-3607.419	169.3136	1.418626	0.642431	0.357569	2.81744
2562	-3436.691	-3606.501	169.8106	1.36333	0.623043	0.376957	2.545931
2568	-3435.688	-3605.873	170.1851	1.499062	0.546471	0.453529	2.222996
2574	-3440.521	-3610.722	170.2013	1.457337	0.610744	0.389256	2.239448
2580	-3435.811	-3604.65	168.8386	1.251574	0.712689	0.287311	3.202518
2586	-3438.382	-3607.078	168.6966	1.236805	0.581407	0.418593	3.295154
2592	-3433.773	-3602.77	168.9969	1.264809	0.461602	0.538398	3.100565
2598	-3427.17	-3596.207	169.0376	1.224177	0.649307	0.350693	3.100565
2604	-3437.182	-3605.741	168.5591	1.261833	0.631453	0.368547	3.361341
2610	-3426.982	-3593.868	166.886	1.021951	0.50794	0.49206	4.459134
2616	-3430.01	-3597.805	167.7949	1.077867	0.530378	0.469622	3.911171
2622	-3431.744	-3598.787	167.0427	1.139531	0.651694	0.348306	4.304317
2628	-3430.438	-3597.995	167.5567	1.134607	0.60453	0.39547	4.015011
2634	-3445.054	-3612.692	167.6382	1.053067	0.401223	0.598777	4.015011
2640	-3439.084	-3606.442	167.3588	1.116187	0.411175	0.588825	4.138299
2646	-3430.897	-3599.353	168.4553	1.166614	0.637294	0.362706	3.477903
2652	-3435.025	-3603.888	168.8637	1.194758	0.550562	0.449438	3.221308
2658	-3445.315	-3613.972	168.6574	1.195769	0.51897	0.48103	3.342389
2664	-3443.383	-3612.192	168.8094	1.266943	0.617998	0.382002	3.210704
2670	-3438.277	-3605.993	167.7158	1.235678	0.545371	0.454629	3.866031
2676	-3434.412	-3601.727	167.3146	1.068077	0.564989	0.435011	4.190754
2682	-3435.396	-3602.654	167.2578	1.124808	0.610151	0.389849	4.190754
2688	-3432.439	-3601.776	169.3362	1.310884	0.592818	0.407182	2.869105
2694	-3436.781	-3606.568	169.7868	1.387472	0.528603	0.471397	2.545728
2700	-3433.6	-3603.05	169.4504	1.380344	0.593533	0.406467	2.757445
2706	-3441.18	-3610.551	169.3713	1.293245	0.665792	0.334208	2.858551
2712	-3436.677	-3606.543	169.866	1.34333	0.485481	0.514519	2.523903
2718	-3448.259	-3618.102	169.8426	1.418925	0.63344	0.36656	2.491264
2724	-3452.456	-3623.008	170.552	1.433179	0.63344	0.36656	2.026125
2730	-3451.269	-3621.647	170.3777	1.481842	0.547034	0.452966	2.108949
2736	-3448.302	-3618.645	170.3433	1.486542	0.528514	0.471486	2.128424
2742	-3466.969	-3637.443	170.4735	1.339548	0.434352	0.565648	2.139345
2748	-3442.496	-3611.733	169.2364	1.179221	0.617534	0.382466	3.008538
2754	-3444.54	-3613.729	169.1893	1.286663	0.536129	0.463871	2.972305
2760	-3454.057	-3622.734	168.6771	1.150757	0.63398	0.36602	3.357262
2766	-3448.669	-3617.247	168.5788	1.158325	0.666896	0.333104	3.410519
2772	-3436.695	-3605.256	168.5607	1.176445	0.453878	0.546122	3.410519
2778	-3439.426	-3608.369	168.9427	1.18378	0.659898	0.340102	3.181017
2784	-3441.942	-3609.451	167.5084	1.1385	0.58212	0.41788	4.040379
2790	-3438.476	-3606.775	168.2994	1.125993	0.670152	0.329848	3.592364
2796	-3433.85	-3601.809	167.9594	1.23212	0.622138	0.377862	3.727762
2802	-3430.179	-3600.043	169.8643	1.361845	0.661815	0.338185	2.513381
2808	-3432.67	-3603.02	170.3506	1.461437	0.582673	0.417327	2.140041
2814	-3442.064	-3612.266	170.2015	1.436433	0.469562	0.530438	2.252766
2820	-3446.326	-3616.197	169.8711	1.40337	0.488796	0.511204	2.483164
2826	-3432.779	-3601.915	169.1362	1.318296	0.627166	0.372834	2.98525
2832	-3435.257	-3605.332	170.0754	1.448844	0.596626	0.403374	2.32548
2838	-3444.914	-3615.328	170.4144	1.57842	0.631502	0.368498	2.021032
2844	-3447.295	-3618.263	170.968	1.725593	0.622249	0.377751	1.532216
2850	-3455.557	-3626.551	170.9936	1.789931	0.670017	0.329983	1.464692
2856	-3450.008	-3621.064	171.0557	1.837929	0.60319	0.39681	1.379809
2862	-3446.517	-3617.712	171.1957	1.780319	0.532735	0.467265	1.314304
2868	-3459.727	-3630.698	170.9707	1.722153	0.598729	0.401271	1.532721
2874	-3449.185	-3619.964	170.7792	1.641314	0.598729	0.401271	1.729196
2880	-3454.833	-3624.366	169.5329	1.411711	0.648873	0.351127	2.687685
2886	-3446.072	-3615.964	169.8919	1.349657	0.618197	0.381803	2.503745
2892	-3450.651	-3619.641	168.9909	1.311267	0.556736	0.443264	3.076468
2898	-3448.021	-3617.243	169.2221	1.320834	0.483393	0.516607	2.932025
2904	-3456.39	-3626.321	169.9307	1.440761	0.565604	0.434396	2.422255
2910	-3455.07	-3624.77	169.7002	1.541683	0.555237	0.444763	2.503549
2916	-3449.18	-3619.177	169.9973	1.498531	0.636347	0.363653	2.343583
2922	-3445.251	-3615.745	170.4936	1.569148	0.65844	0.34156	1.974421
2928	-3455.291	-3626.008	170.7173	1.602377	0.56004	0.43996	1.799593
2934	-3449.578	-3620.809	171.2314	1.75121	0.667319	0.332681	1.308961
2940	-3441.617	-3612.744	171.1268	1.685129	0.619858	0.380142	1.443095
2946	-3437.804	-3608.558	170.7542	1.65794	0.531628	0.468372	1.735131
2952	-3454.931	-3625.828	170.8975	1.595909	0.437777	0.562223	1.677625
2958	-3453.214	-3624.052	170.8375	1.617279	0.473752	0.526248	1.705015
2964	-3451.641	-3622.522	170.8811	1.635557	0.617616	0.382384	1.661047
2970	-3445.905	-3616.963	171.0581	1.739213	0.489626	0.510374	1.454249
2976	-3455.079	-3625.301	170.2225	1.609825	0.62569	0.37431	2.126771
2982	-3441.284	-3611.734	170.4495	1.462274	0.656819	0.343181	2.074628
2988	-3440.662	-3611.223	170.5613	1.553472	0.588508	0.411492	1.939482
2994	-3434.85	-3605.796	170.9456	1.57428	0.567678	0.432322	1.658752
3000	-3433.496	-3604.215	170.7195	1.634154	0.642327	0.357673	1.775964
3006	-3444.157	-3615.288	171.1306	1.543259	0.606841	0.393159	1.54684
3012	-3448.215	-3618.744	170.5292	1.553879	0.720358	0.279642	1.9608
3018	-3442.803	-3613.584	170.781	1.585209	0.494596	0.505404	1.767283
3024	-3442.355	-3612.524	170.169	1.408378	0.60229	0.39771	2.291564
3030	-3447.894	-3618.008	170.1139	1.386173	0.636159	0.363841	2.34087
3036	-3438.432	-3608.461	170.0289	1.379885	0.584546	0.415454	2.398745
3042	-3436.902	-3606.847	169.9453	1.431242	0.645465	0.354535	2.419072
3048	-3433.066	-3603.479	170.4131	1.510677	0.557604	0.442396	2.066762
3054	-3441.342	-3611.036	169.6939	1.398792	0.574142	0.425858	2.596363
3060	-3442.602	-3610.971	168.3694	1.218062	0.574142	0.425858	3.498033
3066	-3446.221	-3615.458	169.237	1.269261	0.660884	0.339116	2.954092
3072	-3458.479	-3625.768	167.2887	1.107305	0.686701	0.313299	4.183149
3078	-3446.23	-3614.466	168.2355	1.164632	0.71745	0.28255	3.607012
3084	-3440.652	-3610.7	170.0474	1.403436	0.492291	0.507709	2.372137
3090	-3457.818	-3627.763	169.945	1.468716	0.533751	0.466249	2.395612
3096	-3448.78	-3618.141	169.3606	1.356506	0.586635	0.413365	2.826606
3102	-3449.135	-3618.615	169.4797	1.307414	0.509484	0.490516	2.784005
3108	-3452.479	-3622.393	169.9138	1.345583	0.669906	0.330094	2.492641
3114	-3447.598	-3617.187	169.5894	1.331307	0.499249	0.500751	2.702354
3120	-3453.112	-3622.91	169.7973	1.409187	0.43477	0.56523	2.525616
3126	-3436.347	-3605.936	169.5887	1.312442	0.554849	0.445151	2.714331
3132	-3441.663	-3610.167	168.504	1.150459	0.593171	0.406829	3.458859
3138	-3440.839	-3608.389	167.5495	1.188329	0.576339	0.423661	3.988419
3144	-3439.291	-3606.994	167.7023	1.15482	0.505794	0.494206	3.920168
3150	-3442.384	-3611.548	169.164	1.325349	0.568141	0.431859	2.96427
3156	-3448.381	-3618.022	169.641	1.386311	0.521559	0.478441	2.636774
3162	-3457.646	-3628.503	170.8566	1.66591	0.521559	0.478441	1.656863
3168	-3446.353	-3616.899	170.546	1.589632	0.521559	0.478441	1.925394
3174	-3450.098	-3620.534	170.4355	1.558357	0.57783	0.42217	2.020354
3180	-3433.59	-3604.032	170.4424	1.5514	0.549053	0.450947	2.020354
3186	-3441.294	-3611.75	170.4561	1.537725	0.549053	0.450947	2.020354
3192	-3448.228	-3618.596	170.3686	1.62522	0.603535	0.396465	2.020354
3198	-3442.441	-3612.996	170.5558	1.556301	0.658438	0.341562	1.941231
3204	-3429.866	-3600.414	170.5481	1.564046	0.547774	0.452226	1.941231
3210	-3447.705	-3617.91	170.2058	1.586043	0.602634	0.397366	2.153201
3216	-3457.255	-3627.673	170.4183	1.605117	0.701644	0.298356	2.000701
3222	-3445.17	-3615.734	170.5637	1.505588	0.590212	0.409788	1.969994
3228	-3457.451	-3627.529	170.0775	1.403483	0.571691	0.428309	2.352963
3234	-3450.633	-3620.547	169.9136	1.311203	0.571691	0.428309	2.514215
3240	-3447.161	-3616.623	169.4625	1.344326	0.614552	0.385448	2.772044
3246	-3446.898	-3616.329	169.4316	1.375137	0.614552	0.385448	2.772044
3252	-3444.189	-3613.157	168.9686	1.263024	0.481537	0.518463	3.118486
3258	-3437.278	-3606.422	169.1441	1.210516	0.660948	0.339052	3.045127
3264	-3442.297	-3611.06	168.763	1.279604	0.700442	0.299558	3.230696
3270	-3433.703	-3603.242	169.5387	1.306059	0.59981	0.40019	2.748824
3276	-3431.795	-3601.813	170.0185	1.418763	0.569949	0.430051	2.380731
3282	-3427.628	-3597.584	169.956	1.398357	0.517261	0.482739	2.433003
3288	-3433.915	-3603.822	169.9075	1.446859	0.55056	0.44944	2.433003
3294	-3442.672	-3612.56	169.8875	1.46895	0.488751	0.511249	2.43173
3300	-3446.827	-3617.066	170.2384	1.536707	0.363131	0.636869	2.164061
3306	-3451.499	-3622.173	170.6733	1.50562	0.535609	0.464391	1.896079
3312	-3452.847	-3623.521	170.6736	1.544071	0.711713	0.288287	1.869724
3318	-3452.118	-3622.882	170.7633	1.576328	0.681126	0.318874	1.785767
3324	-3445.595	-3616.544	170.9484	1.694303	0.509172	0.490828	1.56972
3330	-3443.614	-3614.702	171.0874	1.659515	0.619804	0.380196	1.49233
3336	-3446.653	-3617.498	170.8446	1.651441	0.61729	0.38271	1.675728
3342	-3435.407	-3606.427	171.0204	1.663673	0.61729	0.38271	1.539222
3348	-3446.133	-3617.215	171.0817	1.805412	0.569597	0.430403	1.384903
3354	-3438.109	-3609.296	171.187	1.700117	0.602314	0.397686	1.384903
3360	-3447.321	-3618.745	171.4238	1.815317	0.55719	0.44281	1.088433
3366	-3447.394	-3618.662	171.2684	1.877599	0.549857	0.450143	1.171971
3372	-3448.993	-3620.35	171.3569	1.717342	0.505462	0.494538	1.233433
3378	-3442.202	-3613.61	171.4077	1.747421	0.646864	0.353136	1.164013
3384	-3440.189	-3611.152	170.9627	1.84807	0.646864	0.353136	1.443971
3390	-3442.023	-3613.122	171.0992	1.669475	0.638906	0.361094	1.475924
3396	-3446.178	-3617.516	171.3379	1.624998	0.619352	0.380648	1.324801
3402	-3451.345	-3621.463	170.1174	1.486159	0.763139	0.236861	2.274831
3408	-3434.571	-3604.811	170.2399	1.425924	0.632116	0.367884	2.234809
3414	-3426.987	-3597.311	170.324	1.513655	0.679138	0.320862	2.123292
3420	-3429.232	-3599.055	169.8236	1.417263	0.6445	0.3555	2.504184
3426	-3425.892	-3595.729	169.8377	1.30907	0.625775	0.374225	2.562778
3432	-3431.234	-3600.597	169.3633	1.380123	0.69653	0.30347	2.810647
3438	-3437.271	-3605.127	167.8559	1.12925	0.645271	0.354729	3.846653
3444	-3435.122	-3601.892	166.7691	1.193821	0.601827	0.398173	4.428178
3450	-3440.149	-3607.302	167.1528	1.131773	0.777717	0.222283	4.246384
3456	-3434.983	-3601.313	166.3292	0.9893264	0.505571	0.494429	4.789581
3462	-3431.663	-3598.255	166.5922	1.057742	0.628854	0.371146	4.604162
3468	-3443.045	-3610.088	167.0433	0.952067	0.628854	0.371146	4.409874
3474	-3443.026	-3612.218	169.192	1.202163	0.617443	0.382557	3.021438
3480	-3452.298	-3621.981	169.6828	1.288143	0.575732	0.424268	2.671509
3486	-3445.931	-3615.988	170.057	1.364631	0.682121	0.317879	2.390612
3492	-3432.005	-3601.984	169.9796	1.442046	0.682121	0.317879	2.390612
3498	-3431.577	-3600.719	169.1427	1.216906	0.653914	0.346086	3.042118
3504	-3429.488	-3598.717	169.2296	1.243943	0.633983	0.366017	2.973812
3510	-3432.52	-3601.824	169.3038	1.29808	0.670683	0.329317	2.896435
3516	-3433.867	-3602.404	168.5372	1.224865	0.668083	0.331917	3.395886
3522	-3447.543	-3616.315	168.7727	1.335171	0.583979	0.416021	3.192054
3528	-3445.894	-3615.25	169.3559	1.47054	0.655702	0.344298	2.760067
3534	-3453.441	-3623.88	170.4383	1.573883	0.533819	0.466181	2.008169
3540	-3445.991	-3616.702	170.7112	1.533365	0.646093	0.353907	1.851294
3546	-3456.048	-3626.414	170.3662	1.440784	0.587468	0.412532	2.143344
3552	-3442.49	-3612.834	170.3437	1.389116	0.647073	0.352927	2.191564
3558	-3433.015	-3603.877	170.8612	1.495528	0.582518	0.417482	1.773888
3564	-3444.828	-3615.812	170.9837	1.610963	0.731452	0.268548	1.604844
3570	-3448.049	-3618.753	170.704	1.496543	0.629903	0.370097	1.881384
3576	-3445.918	-3616.105	170.1867	1.520904	0.679924	0.320076	2.207839
3582	-3440.977	-3610.496	169.5191	1.296176	0.545672	0.454328	2.766869
3588	-3443.239	-3612.442	169.2026	1.198737	0.599394	0.400606	3.017098
3594	-3444.449	-3614.637	170.1874	1.45125	0.611066	0.388934	2.25229
3600	-3441.266	-3611.887	170.6207	1.533259	0.572345	0.427655	1.913025
3606	-3434.58	-3605.508	170.9281	1.678772	0.649757	0.350243	1.595968
3612	-3431.911	-3602.862	170.9513	1.66968	0.614153	0.385847	1.58565
3618	-3423.012	-3593.841	170.8294	1.520132	0.614153	0.385847	1.778845
3624	-3442.83	-3613.054	170.2242	1.546295	0.614153	0.385847	2.167062
3630	-3441.466	-3611.467	170.0006	1.319157	0.620788	0.379212	2.454757
3636	-3442.753	-3612.709	169.9562	1.363628	0.66837	0.33163	2.454757
3642	-3433.04	-3602.447	169.4077	1.316652	0.528302	0.471698	2.82225
3648	-3445.395	-3614.725	169.3297	1.386279	0.624844	0.375156	2.827345
3654	-3434.751	-3605.521	170.7705	1.576248	0.659416	0.340584	1.780829
3660	-3441.057	-3611.093	170.0362	1.387286	0.623872	0.376128	2.389399
3666	-3441.52	-3611.793	170.2729	1.501128	0.623872	0.376128	2.164793
3672	-3432.784	-3603.107	170.3227	1.503082	0.669623	0.330377	2.131043
3678	-3441.795	-3611.827	170.032	1.435603	0.692868	0.307132	2.361479
3684	-3425.591	-3595.346	169.7553	1.416081	0.692868	0.307132	2.547538
3690	-3427.932	-3597.769	169.8372	1.350727	0.701401	0.298599	2.5372
3696	-3435.055	-3605.271	170.2169	1.54162	0.639125	0.360875	2.174875
3702	-3431.375	-3601.627	170.2527	1.505778	0.68352	0.31648	2.174875
3708	-3447.721	-3618.09	170.3687	1.615382	0.512632	0.487368	2.026851
3714	-3434.225	-3604.362	170.1368	1.345717	0.625771	0.374229	2.352032
3720	-3437.37	-3608.122	170.7521	1.569788	0.669531	0.330469	1.798043
3726	-3439.143	-3609.993	170.8499	1.579741	0.70112	0.29888	1.722765
3732	-3435.81	-3606.626	170.8161	1.613606	0.579254	0.420746	1.722765
3738	-3431.645	-3602.428	170.7839	1.552557	0.570903	0.429097	1.787922
3744	-3434.297	-3604.677	170.3804	1.459051	0.506404	0.493596	2.122114
3750	-3431.801	-3602.263	170.4614	1.510434	0.650916	0.349084	2.034962
3756	-3436.301	-3606.602	170.3007	1.412154	0.624134	0.375866	2.204441
3762	-3441.238	-3610.546	169.308	1.387971	0.477156	0.522844	2.839467
3768	-3431.947	-3600.996	169.0491	1.245035	0.723385	0.276615	3.081258
3774	-3438.342	-3606.525	168.1824	1.182786	0.644872	0.355128	3.627284
3780	-3434.715	-3602.858	168.1429	1.145473	0.658087	0.341913	3.671811
3786	-3426.727	-3594.895	168.1682	1.140689	0.670164	0.329836	3.659896
3792	-3430.31	-3598.161	167.8518	1.140689	0.591784	0.408216	3.842478
3798	-3429.38	-3597.21	167.83	1.162445	0.587487	0.412513	3.842478
3804	-3440.882	-3609.026	168.1443	1.138079	0.570813	0.429187	3.675261
3810	-3436.259	-3604.312	168.0531	1.229263	0.653432	0.346568	3.675261
3816	-3433.118	-3600.423	167.3053	1.091568	0.715051	0.284949	4.182701
3822	-3420.363	-3588.683	168.32	1.054793	0.715051	0.284949	3.621699
3828	-3432.873	-3601.518	168.6447	1.181744	0.620631	0.379369	3.358134
3834	-3429.516	-3598.435	168.9183	1.297873	0.641925	0.358075	3.127683
3840	-3432.737	-3601.903	169.166	1.258636	0.633393	0.366607	3.003175
3846	-3432.117	-3601.287	169.1701	1.254537	0.612309	0.387691	3.003175
3852	-3439.793	-3608.618	168.8257	1.239193	0.598894	0.401106	3.217487
3858	-3435.945	-3605.399	169.454	1.250331	0.583237	0.416763	2.834362
3864	-3437.321	-3607.531	170.2095	1.472522	0.739776	0.260224	2.224381
3870	-3443.484	-3613.14	169.6562	1.464471	0.739776	0.260224	2.579003
3876	-3444.985	-3615.649	170.664	1.548674	0.64041	0.35959	1.873103
3882	-3455.084	-3625.102	170.0177	1.44229	0.666349	0.333651	2.366333
3888	-3437.591	-3607.796	170.2053	1.466333	0.63362	0.36638	2.231083
3894	-3432.669	-3602.36	169.6908	1.288288	0.646521	0.353479	2.666487
3900	-3437.799	-3607.779	169.98	1.376288	0.645615	0.354385	2.431817
3906	-3446.822	-3616.241	169.4183	1.356164	0.787216	0.212784	2.791753
3912	-3443.248	-3613.751	170.5033	1.454895	0.695951	0.304049	2.043986
3918	-3434.388	-3604.589	170.2008	1.436537	0.683948	0.316052	2.253128
3924	-3433.308	-3602.83	169.5226	1.427336	0.57323	0.42677	2.684382
3930	-3427.642	-3596.993	169.3508	1.304356	0.658679	0.341321	2.864234
3936	-3441.146	-3610.876	169.7303	1.395019	0.646153	0.353847	2.576145
3942	-3442.521	-3611.671	169.1507	1.151415	0.491031	0.508969	3.076484
3948	-3442.315	-3611.339	169.0242	1.277863	0.645453	0.354547	3.076484
3954	-3459.609	-3628.395	168.7864	1.350302	0.687197	0.312803	3.17491
3960	-3450.761	-3620.628	169.8661	1.406602	0.704169	0.295831	2.484269
3966	-3451.724	-3621.461	169.7374	1.366996	0.547305	0.452695	2.589089
3972	-3440.343	-3610.544	170.2015	1.472301	0.566575	0.433425	2.229658
3978	-3439.232	-3609.588	170.3566	1.39768	0.512527	0.487473	2.177619
3984	-3436.096	-3606.076	169.9804	1.510285	0.603728	0.396272	2.346821
3990	-3432.043	-3602.524	170.4805	1.598325	0.599881	0.400119	1.963596
3996	-3438.886	-3608.792	169.906	1.385918	0.64709	0.35291	2.472276
4002	-3437.037	-3607.819	170.7819	1.547725	0.610053	0.389947	1.792675
4008	-3445.8	-3616.677	170.8765	1.599576	0.59559	0.40441	1.689949
4014	-3440.651	-3611.375	170.7245	1.610174	0.546814	0.453186	1.78921
4020	-3446.366	-3616.896	170.53	1.532961	0.626435	0.373565	1.974258
4026	-3460.546	-3631.199	170.6522	1.58133	0.586707	0.413293	1.858868
4032	-3434.032	-3604.628	170.5955	1.51274	0.590348	0.409652	1.94383
4038	-3442.608	-3613.507	170.8991	1.619172	0.530332	0.469668	1.65989
4044	-3437.606	-3608.42	170.814	1.604448	0.460157	0.539843	1.730684
4050	-3438.077	-3609.305	171.2283	1.666364	0.526265	0.473735	1.378972
4056	-3434.914	-3605.791	170.8767	1.691801	0.632371	0.367629	1.623745
4062	-3435.011	-3606.15	171.1388	1.749683	0.559436	0.440564	1.383816
4068	-3423.951	-3595.043	171.0919	1.710624	0.718238	0.281762	1.450235
4074	-3434.015	-3604.935	170.9205	1.787912	0.637742	0.362258	1.521182
4080	-3429.71	-3600.927	171.2171	1.756178	0.620317	0.379683	1.316503
4086	-3435.305	-3606.682	171.3773	1.80453	0.599139	0.400861	1.140432
4092	-3438.067	-3609.5	171.4326	2.100968	0.543984	0.456016	0.7648271
4098	-3435.47	-3606.837	171.3668	2.100968	0.543984	0.456016	0.8512108
4104	-3443.832	-3615.309	171.4768	2.035299	0.58435	0.41565	0.7946752
4110	-3438.675	-3610.138	171.4632	2.024387	0.58435	0.41565	0.8267191
4116	-3436.24	-3607.593	171.3532	2.017849	0.5344	0.4656	0.9593941
4122	-3449.543	-3620.995	171.4522	2.11292	0.644957	0.355043	0.7160827
4128	-3435.341	-3606.778	171.4369	1.996975	0.558045	0.441955	0.8910275
4134	-3429.303	-3600.725	171.4222	1.966216	0.467438	0.532562	0.9410634
4140	-3447.518	-3618.897	171.3793	1.909295	0.686833	0.313167	1.041836
4146	-3436.267	-3607.705	171.4377	1.850848	0.549597	0.450403	1.041836
4152	-3437.147	-3608.425	171.2773	1.850848	0.632151	0.367849	1.187479
4158	-3432.398	-3603.762	171.3633	1.943727	0.545127	0.454873	1.02397
4164	-3432.631	-3604.041	171.4091	1.834309	0.545127	0.454873	1.084495
4170	-3435.515	-3606.742	171.2261	1.834309	0.635521	0.364479	1.245042
4176	-3442.856	-3614.211	171.3546	1.853529	0.665857	0.334143	1.116796
4182	-3450.8	-3622.104	171.304	1.857314	0.637541	0.362459	1.158541
4188	-3446.555	-3617.942	171.3864	1.877846	0.637541	0.362459	1.065035
4194	-3445.107	-3615.868	170.7601	1.525672	0.609772	0.390228	1.82297
4200	-3432.327	-3603.03	170.7028	1.637644	0.660881	0.339119	1.785168
4206	-3438.248	-3609.263	171.0151	1.58952	0.660881	0.339119	1.597567
4212	-3451.347	-3620.86	169.5128	1.294954	0.708209	0.291791	2.771452
4218	-3465.301	-3635.689	170.3883	1.497261	0.731881	0.268119	2.0919
4224	-3449.231	-3619.994	170.7634	1.77052	0.63844	0.36156	1.648628
4230	-3450.031	-3621.141	171.11	1.797883	0.55267	0.44733	1.368618
4236	-3427.336	-3598.352	171.0155	1.760667	0.602529	0.397471	1.470296
4242	-3431.599	-3602.645	171.0453	1.767856	0.669758	0.330242	1.442113
4248	-3440.68	-3611.773	171.0934	1.668053	0.522383	0.477617	1.481425
4254	-3446.783	-3618.045	171.2612	1.728891	0.496865	0.503135	1.302869
4260	-3441.791	-3613.035	171.2442	1.738956	0.523886	0.476114	1.308488
4266	-3437.831	-3609.092	171.2609	1.711962	0.63904	0.36096	1.316857
4272	-3440.19	-3611.275	171.0853	1.719708	0.600781	0.399219	1.448339
4278	-3437.721	-3608.786	171.0646	1.649929	0.563114	0.436886	1.516588
4284	-3432.687	-3603.717	171.0301	1.698698	0.54675	0.45325	1.50598
4290	-3447.138	-3617.872	170.7345	1.710238	0.67195	0.32805	1.712114
4296	-3443.707	-3614.905	171.1979	1.660758	0.449693	0.550307	1.407077
4302	-3445.957	-3617.022	171.0653	1.692557	0.482534	0.517466	1.484137
4308	-3438.947	-3609.861	170.9145	1.701248	0.533942	0.466058	1.589442
4314	-3435.001	-3605.978	170.9774	1.638343	0.568263	0.431737	1.589442
4320	-3439.245	-3609.876	170.6311	1.526004	0.570292	0.429708	1.910882
4326	-3451.228	-3621.76	170.5327	1.582018	0.663919	0.336081	1.939513
4332	-3448.319	-3618.803	170.4837	1.538903	0.681712	0.318288	2.001244
4338	-3443.378	-3614.175	170.7971	1.476575	0.643074	0.356926	1.831318
4344	-3438.194	-3608.736	170.5425	1.490292	0.688258	0.311742	1.994443
4350	-3431.367	-3601.637	170.2695	1.447726	0.747104	0.252896	2.201604
4356	-3441.719	-3612.338	170.6194	1.588463	0.598198	0.401802	1.876355
4362	-3452.988	-3623.612	170.6242	1.684185	0.691554	0.308446	1.807416
4368	-3437.122	-3607.834	170.7111	1.625846	0.691554	0.308446	1.787573
4374	-3436.604	-3607.243	170.6392	1.578702	0.605581	0.394419	1.869554
4380	-3431.606	-3602.169	170.5624	1.468261	0.537166	0.462834	1.995818
4386	-3429.52	-3600.124	170.604	1.505495	0.663442	0.336558	1.94302
4392	-3437.342	-3607.661	170.3192	1.44753	0.679435	0.320565	2.169545
4398	-3448.653	-3618.299	169.6464	1.353379	0.679435	0.320565	2.653707
4404	-3448.482	-3618.516	170.0342	1.455186	0.748257	0.251743	2.347675
4410	-3442.934	-3613.087	170.1529	1.449593	0.692633	0.307367	2.275465
4416	-3446.337	-3615.997	169.6599	1.358055	0.622347	0.377653	2.642539
4422	-3447.874	-3617.461	169.5878	1.430124	0.613636	0.386364	2.642539
4428	-3440.431	-3610.811	170.3803	1.441391	0.521861	0.478139	2.133764
4434	-3429.72	-3599.514	169.7946	1.434551	0.654626	0.345374	2.511502
4440	-3431.026	-3601.386	170.3598	1.51106	0.710241	0.289759	2.101569
4446	-3431.378	-3602.001	170.6231	1.45298	0.640822	0.359178	1.965445
4452	-3440.303	-3609.938	169.6349	1.381123	0.531492	0.468508	2.643717
4458	-3437.552	-3607.186	169.6345	1.381576	0.630876	0.369124	2.643717
4464	-3439.642	-3609.086	169.4445	1.408026	0.61585	0.38415	2.744124
4470	-3442.166	-3611.693	169.5277	1.384072	0.626948	0.373052	2.707817
4476	-3442.509	-3611.442	168.9332	1.359296	0.558717	0.441283	3.082193
4482	-3447.211	-3615.041	167.8301	1.115232	0.574639	0.425361	3.869536
4488	-3445.955	-3612.721	166.7669	0.9862227	0.714702	0.285298	4.546247
4494	-3447.942	-3616.019	168.0764	1.034628	0.538799	0.461201	3.774218
4500	-3439.36	-3606.18	166.8198	1.079937	0.586905	0.413095	4.46377
4506	-3441.105	-3607.218	166.1131	1.181259	0.581429	0.418571	4.803112
4512	-3441.175	-3608.985	167.8105	1.046928	0.588895	0.411105	3.919953
4518	-3431.203	-3598.92	167.7173	1.140175	0.472306	0.527694	3.919953
4524	-3427.879	-3595.247	167.368	1.163575	0.569666	0.430334	4.106069
4530	-3438.033	-3606.697	168.6645	1.302646	0.609491	0.390509	3.275287
4536	-3438.582	-3608.15	169.5684	1.409755	0.549594	0.450406	2.667056
4542	-3442.938	-3613.51	170.5726	1.550519	0.592805	0.407195	1.933862
4548	-3445.7	-3616.129	170.4285	1.44336	0.590268	0.409732	2.100889
4554	-3447.606	-3617.717	170.1118	1.401261	0.723265	0.276735	2.332597
4560	-3440.496	-3610.899	170.4039	1.423095	0.429872	0.570128	2.130253
4566	-3441.597	-3611.969	170.3713	1.446882	0.629319	0.370681	2.136026
4572	-3446.398	-3616.38	169.9817	1.467893	0.553167	0.446833	2.372911
4578	-3437.386	-3607.335	169.9492	1.45731	0.537688	0.462312	2.400174
4584	-3447.753	-3615.546	167.7932	1.107852	0.613815	0.386185	3.894973
4590	-3443.171	-3610.106	166.9356	1.114414	0.581249	0.418751	4.37903
4596	-3434.127	-3602.104	167.9764	1.199816	0.581249	0.418751	3.736645
4602	-3434.427	-3602.882	168.4551	1.250024	0.621931	0.378069	3.429239
4608	-3432.29	-3600.514	168.224	1.178639	0.60988	0.39012	3.605582
4614	-3449.476	-3618.079	168.6036	1.129714	0.458198	0.541802	3.412726
4620	-3456.034	-3623.035	167.0011	1.074503	0.606933	0.393067	4.364624
4626	-3449.856	-3618.45	168.5939	1.114831	0.606933	0.393067	3.427165
4632	-3432.92	-3600.113	167.1936	1.112539	0.5596	0.4404	4.234182
4638	-3438.276	-3607.008	168.7318	1.099546	0.613919	0.386081	3.355229
4644	-3435.257	-3603.709	168.4521	1.109402	0.582315	0.417685	3.513139
4650	-3438.446	-3607.03	168.5845	1.217479	0.6096	0.3904	3.372452
4656	-3428.363	-3597.672	169.3084	1.235725	0.618905	0.381095	2.931277
4662	-3427.556	-3596.218	168.6626	1.158468	0.540539	0.459461	3.36126
4668	-3428.88	-3597.822	168.9418	1.326374	0.521632	0.478368	3.096743
4674	-3424.989	-3594.548	169.5586	1.334524	0.566967	0.433033	2.719248
4680	-3426.891	-3596.486	169.5948	1.317943	0.564142	0.435858	2.707252
4686	-3438.893	-3607.925	169.0321	1.243423	0.448147	0.551853	3.092321
4692	-3434.403	-3602.96	168.5574	1.243459	0.521389	0.478611	3.373119
4698	-3432.797	-3602.827	170.0305	1.411765	0.481315	0.518685	2.377563
4704	-3432.827	-3603.774	170.9476	1.531058	0.542344	0.457656	1.688155
4710	-3426.702	-3597.763	171.0603	1.715047	0.493432	0.506568	1.47093
4716	-3431.394	-3602.418	171.0239	1.676015	0.652733	0.347267	1.527508
4722	-3433.338	-3604.36	171.0219	1.659614	0.498433	0.501567	1.541183
4728	-3442.486	-3613.388	170.9016	1.674946	0.577574	0.422426	1.617923
4734	-3437.879	-3608.916	171.0374	1.743689	0.511921	0.488079	1.466552
4740	-3429.203	-3600.383	171.1795	1.743689	0.486004	0.513996	1.356499
4746	-3443.087	-3613.951	170.8642	1.678033	0.446958	0.553042	1.642659
4752	-3449.259	-3620.219	170.9598	1.556943	0.514362	0.485638	1.660944
4758	-3449.688	-3620.513	170.8251	1.635107	0.610285	0.389715	1.701195
4764	-3450.859	-3621.321	170.4626	1.591849	0.565113	0.434887	1.979933
4770	-3438.612	-3608.857	170.2449	1.517419	0.650625	0.349375	2.172396
4776	-3436.317	-3606.452	170.1344	1.437686	0.483114	0.516886	2.294966
4782	-3434.565	-3604.757	170.192	1.380042	0.595655	0.404345	2.294966
4788	-3433.851	-3603.993	170.1428	1.372064	0.510134	0.489866	2.331436
4794	-3441.917	-3612.047	170.13	1.444268	0.510134	0.489866	2.293539
4800	-3444.825	-3613.608	168.783	1.313974	0.653454	0.346546	3.198489
4806	-3441.186	-3609.595	168.4092	1.187657	0.653454	0.346546	3.49255
4812	-3453.748	-3621.135	167.387	1.218331	0.634925	0.365075	4.064077
4818	-3446.123	-3613.669	167.5457	1.059639	0.625033	0.374967	4.064077
4824	-3445.553	-3613.725	168.1719	1.119248	0.679343	0.320657	3.6702
4830	-3450.977	-3619.474	168.4966	1.246541	0.581845	0.418155	3.406959
4836	-3446.136	-3614.619	168.4825	1.260639	0.552845	0.447155	3.406959
4842	-3447.356	-3615.681	168.3251	1.274465	0.527941	0.472059	3.490925
4848	-3443.737	-3613.061	169.3245	1.296864	0.62313	0.37687	2.884678
4854	-3434.534	-3602.572	168.0379	1.032134	0.532825	0.467175	3.79786
4860	-3441.452	-3608.139	166.6871	1.007435	0.603227	0.396773	4.579118
4866	-3434.811	-3602.258	167.4463	1.089953	0.603227	0.396773	4.103415
4872	-3443.912	-3612.613	168.7001	1.292706	0.630506	0.369494	3.260115
4878	-3438.568	-3606.534	167.9657	1.230483	0.552339	0.447661	3.725104
4884	-3432.498	-3600.52	168.0228	1.124317	0.598019	0.401981	3.753429
4890	-3451.203	-3619.217	168.014	1.064085	0.490118	0.509882	3.793192
4896	-3452.559	-3618.166	165.6068	0.9720728	0.459327	0.540673	5.200617
4902	-3450.186	-3619.825	169.6389	1.269314	0.643391	0.356609	2.710028
4908	-3438.339	-3608.528	170.1893	1.414892	0.692151	0.307849	2.274393
4914	-3438.372	-3607.786	169.414	1.422582	0.595482	0.404518	2.753867
4920	-3435.408	-3605.395	169.9862	1.384077	0.593267	0.406733	2.423005
4926	-3430.841	-3600.945	170.104	1.407773	0.593267	0.406733	2.333434
4932	-3433.201	-3603.463	170.2614	1.45116	0.593267	0.406733	2.204645
4938	-3432.734	-3603.174	170.4401	1.454266	0.653201	0.346799	2.086141
4944	-3441.374	-3611.731	170.3577	1.480675	0.652372	0.347628	2.122809
4950	-3431.912	-3602.384	170.4719	1.443598	0.639503	0.360497	2.072169
4956	-3437.572	-3607.974	170.4019	1.537225	0.636407	0.363593	2.056632
4962	-3436.348	-3604.311	167.9634	1.126049	0.588682	0.411318	3.786666
4968	-3426.834	-3595.683	168.8496	1.169405	0.592251	0.407749	3.24462
4974	-3430.355	-3598.735	168.3806	1.194333	0.554903	0.445097	3.505309
4980	-3434.613	-3603.462	168.8493	1.308643	0.511485	0.488515	3.162342
4986	-3435.285	-3603.741	168.4562	1.179576	0.570424	0.429576	3.469774
4992	-3439.479	-3608.245	168.7664	1.277994	0.532652	0.467348	3.229628
4998	-3436.598	-3605.702	169.105	1.226565	0.523714	0.476286	3.058913
5004	-3441.888	-3610.992	169.1041	1.227373	0.546194	0.453806	3.058913
5010	-3431.85	-3601.53	169.6792	1.326572	0.587458	0.412542	2.65003
5016	-3442.404	-3610.685	168.2809	1.226772	0.52083	0.47917	3.544489
5022	-3430.529	-3599.518	168.9889	1.242975	0.508491	0.491509	3.118358
5028	-3430.768	-3599.954	169.1864	1.208164	0.558334	0.441666	3.021172
5034	-3440.839	-3609.449	168.6095	1.168472	0.585514	0.414486	3.386551
5040	-3439.926	-3608.862	168.9356	1.238547	0.534642	0.465358	3.152688
5046	-3437.476	-3605.794	168.318	1.15888	0.534642	0.465358	3.562407
5052	-3433.132	-3600.764	167.6316	1.115517	0.473137	0.526863	3.983121
5058	-3446.661	-3614.84	168.1788	1.104173	0.41022	0.58978	3.674901
5064	-3443.462	-3611.652	168.1902	1.0928	0.484306	0.515694	3.674901
5070	-3451.66	-3619.422	167.7626	1.132951	0.499537	0.500463	3.898096
5076	-3467.878	-3635.555	167.6767	1.218861	0.522116	0.477884	3.898096
5082	-3454.218	-3623.584	169.3661	1.357446	0.602061	0.397939	2.822713
5088	-3447.997	-3617.771	169.774	1.376106	0.468291	0.531709	2.560714
5094	-3449.361	-3618.48	169.1188	1.288643	0.583382	0.416618	3.013443
5100	-3447.773	-3616.867	169.0939	1.272572	0.657464	0.342536	3.038025
5106	-3455.578	-3625.03	169.4523	1.296716	0.504374	0.495626	2.807206
5112	-3449.39	-3619.538	170.1473	1.399876	0.574706	0.425294	2.310891
5118	-3458.714	-3629.338	170.6242	1.490424	0.708801	0.291199	1.939564
5124	-3456.902	-3626.702	169.7997	1.501667	0.631601	0.368399	2.46634
5130	-3449.333	-3619.4	170.0676	1.45983	0.559303	0.440697	2.323448
5136	-3444.223	-3614.281	170.0573	1.458968	0.638093	0.361907	2.33058
5142	-3443.042	-3611.943	168.9015	1.325208	0.573604	0.426396	3.121447
5148	-3434.153	-3603.914	169.7618	1.447265	0.644214	0.355786	2.52406
5154	-3429.601	-3598.467	168.8662	1.374829	0.631526	0.368474	3.112933
5160	-3439.773	-3608.241	168.4676	1.256088	0.806428	0.193572	3.418358
5166	-3446.52	-3613.233	166.7123	1.151088	0.547301	0.452699	4.484222
5172	-3428.986	-3596.453	167.4669	0.9911493	0.554066	0.445934	4.147948
5178	-3423.516	-3591.94	168.4235	1.218866	0.624689	0.375311	3.465945
5184	-3433.441	-3602.514	169.0732	1.284011	0.624689	0.375311	3.04357
5190	-3440.671	-3609.624	168.9532	1.293664	0.63673	0.36327	3.109433
5196	-3440.075	-3609.231	169.1559	1.262613	0.624629	0.375371	3.006857
5202	-3462.104	-3633.444	171.34	2.166679	0.699085	0.300915	0.8019793
5208	-3451.39	-3622.743	171.3531	1.975099	0.699085	0.300915	1.003073
5214	-3442.966	-3612.262	169.2959	1.17494	0.688386	0.311614	2.975415
5220	-3432.934	-3601.182	168.248	1.154842	0.540986	0.459014	3.605458
5226	-3440.623	-3608.333	167.7103	1.07222	0.655757	0.344243	3.962845
5232	-3457.34	-3624.993	167.6525	1.13002	0.653684	0.346316	3.962845
5238	-3443.386	-3610.953	167.567	1.240795	0.627849	0.372151	3.948387
5244	-3434.742	-3602.399	167.6574	1.150413	0.627849	0.372151	3.948387
5250	-3438.923	-3607.195	168.2716	1.11801	0.592344	0.407656	3.613113
5256	-3433.765	-3602.187	168.4218	1.120929	0.561279	0.438721	3.524088
5262	-3447.689	-3615.108	167.4185	1.154073	0.579398	0.420602	4.082734
5268	-3446.261	-3614.167	167.906	1.139376	0.636804	0.363196	3.812032
5274	-3459.642	-3627.154	167.5113	1.149763	0.537206	0.462794	4.032296
5280	-3444.7	-3614.361	169.6612	1.255303	0.669766	0.330234	2.704901
5286	-3444.233	-3614.396	170.1627	1.394789	0.669766	0.330234	2.304265
5292	-3447.589	-3617.317	169.728	1.379226	0.583079	0.416921	2.58736
5298	-3448.856	-3619.157	170.3006	1.290909	0.644137	0.355863	2.2825
5304	-3454.36	-3623.035	168.6749	1.285398	0.644137	0.355863	3.279288
5310	-3441.664	-3610.895	169.2307	1.29518	0.619888	0.380112	2.942326
5316	-3450.275	-3619.075	168.8	1.286821	0.584194	0.415806	3.204513
5322	-3452.544	-3622.362	169.8177	1.342981	0.654764	0.345236	2.554175
5328	-3434.759	-3604.065	169.3056	1.335664	0.630046	0.369954	2.872649
5334	-3441.441	-3610.056	168.6153	1.301496	0.595186	0.404814	3.304966
5340	-3437.057	-3605.672	168.6153	1.301496	0.595186	0.404814	3.304966
5346	-3431.521	-3599.515	167.9939	1.152169	0.618297	0.381703	3.754034
5352	-3433.971	-3602.405	168.4336	1.183386	0.565067	0.434933	3.480782
5358	-3436.16	-3604.978	168.8175	1.188437	0.642638	0.357362	3.252353
5364	-3438.798	-3606.455	167.6566	1.085348	0.601862	0.398138	3.986057
5370	-3439.712	-3606.438	166.7253	1.063572	0.601862	0.398138	4.526117
5376	-3441.46	-3608.995	167.5357	1.11267	0.609797	0.390203	4.039544
5382	-3445.067	-3612.021	166.9547	1.032547	0.609797	0.390203	4.41445
5388	-3441.091	-3608.75	167.6589	1.108636	0.719903	0.280097	3.971414
5394	-3467.301	-3634.871	167.5698	0.9739557	0.610178	0.389822	4.099181
5400	-3439.682	-3607.959	168.2777	1.166316	0.469173	0.530827	3.5815
5406	-3446.063	-3614.718	168.6549	1.22544	0.683952	0.316048	3.326426
5412	-3448.998	-3617.388	168.3904	1.21214	0.514751	0.485249	3.489211
5418	-3455.617	-3624.335	168.7179	1.220203	0.612699	0.387301	3.292384
5424	-3443.446	-3611.93	168.4839	1.166432	0.53903	0.46097	3.461274
5430	-3438.672	-3607.455	168.7823	1.196293	0.60795	0.39205	3.268522
5436	-3424.182	-3593.907	169.7255	1.379283	0.562071	0.437929	2.588846
5442	-3428.076	-3597.471	169.3952	1.381512	0.63047	0.36953	2.790382
5448	-3429.63	-3599.666	170.036	1.336616	0.522081	0.477919	2.421538
5454	-3431.376	-3601.021	169.6455	1.372202	0.496179	0.503821	2.642711
5460	-3433.734	-3602.968	169.234	1.273937	0.596994	0.403006	2.953118
5466	-3422.383	-3591.698	169.3154	1.22192	0.596994	0.403006	2.935386
5472	-3421.432	-3590.701	169.2682	1.269179	0.665808	0.334192	2.935386
5478	-3437.713	-3606.944	169.2315	1.305855	0.787616	0.212384	2.935386
5484	-3448.787	-3618.447	169.66	1.285754	0.699666	0.300334	2.686985
5490	-3447.677	-3617.28	169.6027	1.342998	0.570062	0.429938	2.686985
5496	-3446.821	-3616.246	169.4243	1.359097	0.631775	0.368225	2.786324
5502	-3455.15	-3624.397	169.2464	1.351704	0.642169	0.357831	2.898725
5508	-3440.276	-3609.636	169.3607	1.303137	0.620359	0.379641	2.858966
5514	-3431.627	-3600.211	168.584	1.259298	0.508335	0.491665	3.348203
5520	-3433.2	-3602.415	169.2152	1.350999	0.564051	0.435949	2.917989
5526	-3432.161	-3602.527	170.3669	1.464496	0.467319	0.532681	2.127389
5532	-3430.865	-3601.558	170.6934	1.67913	0.467319	0.532681	1.762818
5538	-3449.451	-3620.405	170.9544	1.680522	0.588671	0.411329	1.57547
5544	-3453.44	-3624.34	170.8997	1.688009	0.588671	0.411329	1.60988
5550	-3442.199	-3613.23	171.0315	1.736957	0.711664	0.288336	1.476139
5556	-3441.136	-3612.083	170.9474	1.668996	0.603247	0.396753	1.588978
5562	-3451.873	-3622.833	170.9606	1.592944	0.469495	0.530505	1.63454
5568	-3447.722	-3618.928	171.2059	1.880321	0.571496	0.428504	1.223332
5574	-3447.269	-3618.595	171.3256	1.962386	0.546767	0.453233	1.042469
5580	-3445.023	-3616.237	171.2144	1.780184	0.613414	0.386586	1.299278
5586	-3452.068	-3623.441	171.373	1.70638	0.609052	0.390948	1.229054
5592	-3457.48	-3628.728	171.2478	1.984778	0.532275	0.467725	1.094471
5598	-3455.701	-3627.062	171.3606	1.898689	0.616329	0.383671	1.069675
5604	-3440.994	-3612.295	171.3006	1.938264	0.624172	0.375828	1.088662
5610	-3437.215	-3608.639	171.4243	1.814653	0.624172	0.375828	1.088662
5616	-3436.34	-3607.694	171.354	1.772037	0.631068	0.368932	1.189335
5622	-3435.579	-3606.74	171.161	1.853911	0.611763	0.388237	1.282674
5628	-3440.927	-3612.127	171.2009	1.81402	0.602601	0.397399	1.282674
5634	-3447.494	-3618.754	171.26	1.754854	0.606495	0.393505	1.282674
5640	-3449.785	-3620.894	171.1088	1.796358	0.634063	0.365937	1.370704
5646	-3446.984	-3618.093	171.109	1.874293	0.530298	0.469702	1.308428
5652	-3443.483	-3614.776	171.2933	1.840416	0.530298	0.469702	1.182656
5658	-3439.746	-3610.992	171.2458	1.792585	0.635166	0.364834	1.263334
5664	-3451.07	-3622.179	171.1093	1.757395	0.54862	0.45138	1.400803
5670	-3445.914	-3616.239	170.3255	1.484482	0.603138	0.396862	2.141381
5676	-3437.725	-3607.712	169.9869	1.484482	0.603138	0.396862	2.359102
5682	-3434.779	-3604.915	170.1367	1.417588	0.571993	0.428007	2.306326
5688	-3439.168	-3608.185	169.0171	1.325833	0.526705	0.473295	3.052066
5694	-3434.25	-3604.286	170.036	1.383472	0.641029	0.358971	2.391968
5700	-3442.925	-3610.012	167.0874	1.250665	0.528411	0.471589	4.216088
5706	-3436.396	-3604.852	168.4561	1.194447	0.449652	0.550348	3.46119
5712	-3427.979	-3596.821	168.8415	1.229984	0.557804	0.442196	3.213587
5718	-3437.658	-3606.213	168.5549	1.255251	0.617074	0.382926	3.367699
5724	-3437.701	-3606.86	169.1588	1.340281	0.666906	0.333094	2.958448
5730	-3446.852	-3615.412	168.56	1.294722	0.675948	0.324052	3.341481
5736	-3439.578	-3608.277	168.6994	1.281135	0.55141	0.44859	3.267371
5742	-3448.408	-3616.265	167.8563	1.3176	0.614126	0.385874	3.737966
5748	-3441.358	-3609.391	168.0331	1.140408	0.511929	0.488071	3.738178
5754	-3441.255	-3609.605	168.3494	1.169309	0.570318	0.429682	3.538074
5760	-3450.701	-3618.99	168.2887	1.229969	0.570318	0.429682	3.538074
5766	-3430.618	-3599.15	168.5324	1.211784	0.600783	0.399217	3.406384
5772	-3433.103	-3601.97	168.8677	1.283516	0.547612	0.452388	3.166297
5778	-3449.369	-3617.764	168.3953	1.241601	0.444302	0.555698	3.469123
5784	-3447.589	-3616.42	168.831	1.216179	0.519126	0.480874	3.227987
5790	-3443.211	-3611.774	168.5628	1.132697	0.572086	0.427914	3.434865
5796	-3433.565	-3602.061	168.4968	1.228869	0.563908	0.436092	3.417222
5802	-3424.66	-3594.102	169.4421	1.320967	0.487764	0.512236	2.798701
5808	-3437.335	-3607.637	170.3023	1.46924	0.475337	0.524663	2.166387
5814	-3430.431	-3600.599	170.1687	1.391254	0.465308	0.534692	2.302689
5820	-3439.901	-3609.573	169.6726	1.41617	0.533941	0.466059	2.598792
5826	-3441.537	-3611.485	169.9479	1.456132	0.649802	0.350198	2.401709
5832	-3441.005	-3611.079	170.0739	1.378494	0.528324	0.471676	2.371102
5838	-3446.731	-3615.467	168.7353	1.181227	0.647025	0.352975	3.305119
5844	-3444.007	-3613.215	169.2089	1.250685	0.607268	0.392732	2.982194
5850	-3453.199	-3623.462	170.2626	1.436442	0.67855	0.32145	2.213352
5856	-3454.576	-3624.113	169.5361	1.302218	0.514614	0.485386	2.752804
5862	-3450.143	-3618.638	168.4947	1.070278	0.514614	0.485386	3.511094
5868	-3445.14	-3612.501	167.3613	0.9869646	0.640395	0.359605	4.210249
5874	-3439.62	-3607.055	167.4343	1.047409	0.622828	0.377172	4.134454
5880	-3452.707	-3621.896	169.1884	1.163814	0.52198	0.47802	3.046558
5886	-3438.99	-3608.322	169.3323	1.296901	0.739892	0.260108	2.879919
5892	-3451.082	-3619.793	168.711	1.319456	0.65362	0.34638	3.237885
5898	-3450.329	-3620.354	170.0256	1.444512	0.477442	0.522558	2.359914
5904	-3447.498	-3618.251	170.7523	1.445049	0.674786	0.325214	1.883561
5910	-3441.479	-3612.167	170.6884	1.478709	0.703426	0.296574	1.904086
5916	-3445.8	-3615.094	169.2938	1.350292	0.536119	0.463881	2.870898
5922	-3450.676	-3620.417	169.7407	1.335847	0.661847	0.338153	2.606315
5928	-3440.476	-3608.906	168.4303	1.068313	0.557844	0.442156	3.549795
5934	-3453.156	-3622.252	169.0953	1.355168	0.587674	0.412326	2.987628
5940	-3432.404	-3603.029	170.6253	1.520602	0.625376	0.374624	1.918434
5946	-3435.704	-3605.706	170.0019	1.470999	0.612293	0.387707	2.358131
5952	-3436.725	-3607.209	170.4841	1.430447	0.63146	0.36854	2.072837
5958	-3437.432	-3607.553	170.1206	1.376909	0.613134	0.386866	2.342502
5964	-3445.409	-3615.477	170.0679	1.443608	0.533945	0.466055	2.333577
5970	-3446.264	-3616.388	170.1236	1.441824	0.613919	0.386081	2.299209
5976	-3437.771	-3606.731	168.9595	1.134105	0.541128	0.458872	3.200485
5982	-3444.056	-3613.588	169.5316	1.304811	0.598375	0.401625	2.753941
5988	-3438.453	-3608.833	170.3801	1.503287	0.551713	0.448287	2.093318
5994	-3435.796	-3606.754	170.9575	1.621205	0.55097	0.44903	1.616373
6000	-3431.623	-3602.31	170.6876	1.622154	0.637819	0.362181	1.806433
6006	-3445.543	-3616.364	170.8216	1.476829	0.548633	0.451367	1.814267
6012	-3433.026	-3603.396	170.3699	1.476042	0.605837	0.394163	2.117872
6018	-3430.106	-3599.581	169.4752	1.346652	0.618209	0.381791	2.762823
6024	-3447.916	-3617.335	169.4194	1.30204	0.575377	0.424623	2.824015
6030	-3430.911	-3600.866	169.9555	1.416794	0.579098	0.420902	2.421763
6036	-3430.264	-3598.918	168.6537	1.265134	0.551295	0.448705	3.303756
6042	-3429.111	-3598.388	169.2764	1.18808	0.646277	0.353723	2.979211
6048	-3433.293	-3602.292	168.9995	1.18162	0.598943	0.401057	3.148557
6054	-3428.384	-3595.242	166.8584	1.056405	0.656713	0.343287	4.455267
6060	-3422.238	-3590.615	168.377	1.152029	0.65123	0.34877	3.532087
6066	-3426.614	-3594.954	168.34	1.189021	0.5715	0.4285	3.532087
6072	-3431.713	-3600.142	168.4291	1.212534	0.65145	0.34855	3.466381
6078	-3434.502	-3602.936	168.434	1.207617	0.65145	0.34855	3.466381
6084	-3429.222	-3597.278	168.0554	1.04282	0.568436	0.431564	3.781607
6090	-3439.624	-3607.621	167.997	1.101174	0.676804	0.323196	3.781607
6096	-3440.271	-3607.506	167.2349	1.09417	0.536414	0.463586	4.221145
6102	-3446.31	-3612.734	166.4241	1.183567	0.687345	0.312655	4.62783
6108	-3438.371	-3605.972	167.6013	1.096765	0.577977	0.422023	4.011169
6114	-3428.811	-3596.817	168.0055	1.087859	0.627481	0.372519	3.784381
6120	-3427.67	-3596.363	168.6926	1.089042	0.533851	0.466149	3.384407
6126	-3436.365	-3604.803	168.438	1.238041	0.621632	0.378368	3.446278
6132	-3442.209	-3611.254	169.0451	1.247763	0.559857	0.440143	3.081988
6138	-3451.393	-3619.838	168.4451	1.160914	0.482898	0.517102	3.487178
6144	-3448.289	-3616.735	168.446	1.159992	0.621168	0.378832	3.487178
6150	-3445.359	-3616.107	170.7477	1.642275	0.706929	0.293071	1.750673
6156	-3444.686	-3615.48	170.7948	1.683233	0.535962	0.464038	1.688587
6162	-3456.603	-3627.239	170.6363	1.553013	0.511056	0.488944	1.889029
6168	-3446.53	-3616.154	169.6242	1.362789	0.544458	0.455542	2.661628
6174	-3443.709	-3613.473	169.7638	1.500404	0.657911	0.342089	2.489589
6180	-3448.916	-3618.67	169.7546	1.438017	0.657136	0.342864	2.534311
6186	-3444.016	-3614.22	170.2035	1.590448	0.56074	0.43926	2.151813
6192	-3438.768	-3607.893	169.1249	1.206806	0.691268	0.308732	3.05879
6198	-3430.459	-3597.941	167.4817	1.131729	0.752475	0.247525	4.059447
6204	-3446.219	-3612.82	166.6011	0.9973727	0.514493	0.485507	4.633014
6210	-3436.415	-3604.233	167.8178	1.042112	0.745082	0.254918	3.918537
6216	-3443.378	-3611.383	168.0057	1.164322	0.675343	0.324657	3.740227
6222	-3452.141	-3620.519	168.3775	1.233607	0.679269	0.320731	3.484234
6228	-3451.627	-3620.522	168.8949	1.233607	0.586551	0.413449	3.1798
6234	-3446.882	-3616.04	169.1583	1.290357	0.566395	0.433605	2.988726
6240	-3443.168	-3612.839	169.6715	1.36865	0.673712	0.326288	2.628833
6246	-3438.965	-3608.784	169.819	1.361351	0.631171	0.368829	2.541919
6252	-3436.107	-3606.067	169.9594	1.333027	0.602743	0.397257	2.471921
6258	-3442.281	-3611.988	169.7068	1.413998	0.77347	0.22653	2.578938
6264	-3440.785	-3610.935	170.1503	1.508251	0.609541	0.390459	2.2395
6270	-3442.002	-3611.686	169.684	1.360196	0.549216	0.450784	2.626313
6276	-3432.498	-3602.764	170.2653	1.472926	0.570719	0.429281	2.188025
6282	-3433.588	-3603.91	170.3218	1.477347	0.642937	0.357063	2.14843
6288	-3439.554	-3610.038	170.4843	1.385754	0.709285	0.290715	2.102104
6294	-3452.645	-3622.598	169.9531	1.314379	0.73185	0.26815	2.487548
6300	-3433.98	-3603.285	169.3056	1.294396	0.679823	0.320177	2.897582
6306	-3440.602	-3609.242	168.6397	1.187798	0.679823	0.320177	3.357506
6312	-3452.888	-3620.27	167.3815	1.079134	0.679823	0.320177	4.146459
6318	-3443.28	-3611.087	167.8075	1.125767	0.610735	0.389265	3.876463
6324	-3437.291	-3605.966	168.6756	1.233873	0.548311	0.451689	3.309277
6330	-3443.289	-3613.042	169.7527	1.364356	0.453618	0.546382	2.581236
6336	-3450.457	-3620.666	170.2091	1.375537	0.568798	0.431202	2.286959
6342	-3446.911	-3617.274	170.3634	1.416527	0.667751	0.332249	2.160964
6348	-3445.274	-3614.953	169.6797	1.364486	0.613596	0.386404	2.626346
6354	-3444.676	-3614.711	170.0354	1.416465	0.706471	0.293529	2.371466
6360	-3438.743	-3608.715	169.9719	1.325095	0.64564	0.35436	2.469047
6366	-3441.698	-3611.803	170.1057	1.311079	0.643211	0.356789	2.393694
6372	-3450.351	-3620.24	169.8889	1.376194	0.676836	0.323164	2.489034
6378	-3447.41	-3617.816	170.406	1.389396	0.676836	0.323164	2.150878
6384	-3449.133	-3619.96	170.8264	1.549269	0.620323	0.379677	1.760632
6390	-3447.95	-3619.09	171.1407	1.733791	0.538241	0.461759	1.394718
6396	-3449.125	-3620.155	171.0299	1.535635	0.722877	0.277123	1.625927
6402	-3444.606	-3615.309	170.7027	1.617626	0.569569	0.430431	1.799119
6408	-3443.075	-3613.649	170.5738	1.497146	0.550182	0.449818	1.96891
6414	-3451.988	-3621.816	169.828	1.455406	0.550182	0.449818	2.477572
6420	-3450.497	-3620.898	170.4006	1.429991	0.643723	0.356277	2.127909
6426	-3454.093	-3624.953	170.8599	1.582151	0.558322	0.441678	1.714058
6432	-3439.357	-3610.558	171.201	1.751195	0.553846	0.446154	1.333417
6438	-3429.862	-3600.856	170.9941	1.638248	0.647366	0.352634	1.57731
6444	-3435.89	-3606.906	171.0165	1.615895	0.594603	0.405397	1.57731
6450	-3433.132	-3603.51	170.3782	1.479445	0.541968	0.458032	2.110198
6456	-3437.246	-3606.818	169.5718	1.457599	0.679803	0.320197	2.635452
6462	-3438.634	-3608.906	170.2723	1.40826	0.622627	0.377373	2.225284
6468	-3445.194	-3615.061	169.867	1.298163	0.622627	0.377373	2.55137
6474	-3443.004	-3612.746	169.7424	1.422733	0.590471	0.409529	2.55137
6480	-3441.008	-3611.242	170.2345	1.306442	0.544687	0.455313	2.314862
6486	-3440.594	-3610.585	169.9909	1.342757	0.560564	0.439436	2.446051
6492	-3439.371	-3609.272	169.9008	1.404944	0.756422	0.243578	2.463606
6498	-3437.525	-3607.169	169.6432	1.413932	0.707396	0.292604	2.618355
6504	-3435.525	-3604.647	169.1217	1.28892	0.43492	0.56508	3.011559
6510	-3435.921	-3606.045	170.1243	1.361802	0.754689	0.245311	2.349752
6516	-3433.264	-3603.29	170.0255	1.528211	0.572909	0.427091	2.306684
6522	-3434.387	-3605.061	170.6737	1.563609	0.519136	0.480864	1.85624
6528	-3444.32	-3615.215	170.8952	1.601344	0.664632	0.335368	1.675394
6534	-3452.553	-3623.425	170.8718	1.614639	0.664632	0.335368	1.682619
6540	-3451.467	-3622.514	171.047	1.820234	0.643551	0.356449	1.400414
6546	-3435.728	-3606.712	170.9848	1.726824	0.665187	0.334813	1.518816
6552	-3443.61	-3614.767	171.1566	1.676281	0.717428	0.282572	1.426945
6558	-3437.932	-3608.906	170.9744	1.749159	0.662745	0.337255	1.509881
6564	-3435.181	-3606.184	171.0026	1.737487	0.630678	0.369322	1.497501
6570	-3436.753	-3608.073	171.3194	1.836424	0.781647	0.218353	1.163402
6576	-3423.069	-3594.386	171.3164	1.839409	0.781647	0.218353	1.163402
6582	-3426.106	-3597.306	171.1996	1.9526	0.658979	0.341021	1.166593
6588	-3437.272	-3608.698	171.4263	1.81031	0.690002	0.309998	1.090793
6594	-3437.837	-3608.944	171.107	1.879828	0.619113	0.380887	1.305498
6600	-3426.992	-3598.125	171.1328	1.736535	0.63083	0.36917	1.398755
6606	-3429.431	-3600.611	171.1795	1.798687	0.63083	0.36917	1.312553
6612	-3433.423	-3604.642	171.2184	1.853913	0.628752	0.371248	1.235069
6618	-3444.435	-3615.789	171.3538	1.987153	0.676491	0.323509	0.9902808
6624	-3429.95	-3601.377	171.4268	1.910735	0.659269	0.340731	0.9937286
6630	-3441.767	-3613.138	171.3714	1.91968	0.659269	0.340731	1.039454
6636	-3444.541	-3615.94	171.3987	1.990904	0.513787	0.486213	0.939771
6642	-3441.333	-3612.71	171.3772	2.030284	0.555474	0.444526	0.9204952
6648	-3434.93	-3606.311	171.3805	2.040658	0.62352	0.37648	0.905327
6654	-3438.051	-3609.473	171.4222	1.938646	0.666813	0.333187	0.9699699
6660	-3443.796	-3615.217	171.4217	1.939162	0.666813	0.333187	0.9699699
6666	-3442.794	-3614.198	171.4038	1.778319	0.581517	0.418483	1.140207
6672	-3434.105	-3605.292	171.1871	1.743014	0.647805	0.352195	1.350997
6678	-3435.427	-3606.478	171.0515	1.740262	0.537659	0.462341	1.45846
6684	-3427.424	-3597.991	170.5673	1.419613	0.67952	0.32048	2.024969
6690	-3428.418	-3598.375	169.9579	1.419613	0.538981	0.461019	2.418459
6696	-3424.465	-3594.828	170.3628	1.419034	0.519818	0.480182	2.15969
6702	-3429.65	-3600.216	170.5658	1.504278	0.534472	0.465528	1.9695
6708	-3436.603	-3607.028	170.4248	1.472084	0.534472	0.465528	2.084424
6714	-3436.102	-3606.243	170.1411	1.479998	0.625942	0.374058	2.263582
6720	-3451.064	-3621.151	170.0875	1.266773	0.705852	0.294148	2.433085
6726	-3447.899	-3616.135	168.2356	1.304453	0.513319	0.486681	3.525638
6732	-3436.208	-3604.44	168.2326	1.174192	0.538527	0.461473	3.603126
6738	-3440.396	-3608.054	167.6581	1.07934	0.594365	0.405635	3.988649
6744	-3436.042	-3604.855	168.8136	1.298332	0.591718	0.408282	3.189628
6750	-3437.658	-3606.958	169.2995	1.27156	0.495143	0.504857	2.915078
6756	-3431.87	-3601.063	169.1927	1.223133	0.691867	0.308133	3.008461
6762	-3438.555	-3607.65	169.0955	1.279152	0.591302	0.408698	3.033109
6768	-3444.213	-3613.739	169.5266	1.320675	0.591302	0.408698	2.74729
6774	-3441.785	-3611.337	169.5518	1.451801	0.613944	0.386056	2.65139
6780	-3450.813	-3617.103	166.2897	0.9691508	0.582759	0.417241	4.822931
6786	-3446.491	-3615.245	168.754	1.152187	0.601497	0.398503	3.311193
6792	-3453.346	-3621.66	168.3142	1.191529	0.571292	0.428708	3.545613
6798	-3446.435	-3615.544	169.1087	1.26655	0.5297	0.4703	3.032733
6804	-3439.983	-3609.376	169.3927	1.200355	0.624724	0.375276	2.901769
6810	-3443.735	-3612.989	169.2546	1.359301	0.707119	0.292881	2.889181
6816	-3446.782	-3617.018	170.2353	1.359484	0.595667	0.404333	2.280407
6822	-3443.519	-3612.382	168.863	1.182674	0.604465	0.395535	3.228846
6828	-3432.023	-3601.882	169.8593	1.320874	0.49534	0.50466	2.542022
6834	-3438.931	-3608.325	169.3939	1.305663	0.529175	0.470825	2.837275
6840	-3433.454	-3602.848	169.3948	1.3501	0.500388	0.499612	2.809745
6846	-3438.883	-3608.08	169.1966	1.31205	0.576289	0.423711	2.952663
6852	-3442.305	-3610.758	168.4538	1.326063	0.528364	0.471636	3.385472
6858	-3436.069	-3604.829	168.7599	1.273281	0.688989	0.311011	3.236282
6864	-3434.481	-3603.308	168.8263	1.206853	0.670673	0.329327	3.236282
6870	-3435.907	-3605.346	169.4391	1.395569	0.670673	0.329327	2.754992
6876	-3430.475	-3600.261	169.7861	1.335656	0.710956	0.289044	2.578362
6882	-3445.238	-3614.499	169.2605	1.257883	0.553586	0.446414	2.946808
6888	-3436.129	-3604.029	167.8993	1.074185	0.553586	0.446414	3.85339
6894	-3435.377	-3604.046	168.669	1.229802	0.54272	0.45728	3.315526
6900	-3432.398	-3602.195	169.7977	1.378479	0.602462	0.397538	2.544505
6906	-3442.162	-3612.125	169.9625	1.382548	0.57536	0.42464	2.438901
6912	-3436.483	-3605.694	169.2107	1.305311	0.57888	0.42112	2.948225
6918	-3430.229	-3599.032	168.8029	1.21462	0.547671	0.452329	3.245499
6924	-3445.24	-3615.023	169.7835	1.44072	0.405945	0.594055	2.514594
6930	-3445.78	-3615.542	169.7617	1.370511	0.642745	0.357255	2.57183
6936	-3446.773	-3616.412	169.6392	1.420022	0.65873	0.34127	2.617043
6942	-3439.207	-3608.155	168.948	1.288997	0.614714	0.385286	3.115298
6948	-3432.3	-3601.688	169.3885	1.324884	0.739806	0.260194	2.828902
6954	-3430.194	-3600.536	170.3424	1.401964	0.594015	0.405985	2.184023
6960	-3434.56	-3604.597	170.0372	1.405926	0.578149	0.421851	2.376983
6966	-3439.464	-3609.451	169.9872	1.420807	0.707059	0.292941	2.399233
6972	-3435.483	-3605.504	170.0202	1.420807	0.598509	0.401491	2.378344
6978	-3443.207	-3613.313	170.1069	1.525873	0.578292	0.421708	2.256098
6984	-3449.306	-3619.745	170.4389	1.57827	0.65169	0.34831	2.004853
6990	-3435.292	-3605.55	170.2578	1.405143	0.65169	0.34831	2.236663
6996	-3446.355	-3615.193	168.8387	1.278101	0.651501	0.348499	3.186719
7002	-3439.676	-3607.821	168.1454	1.365221	0.606881	0.393119	3.54281
7008	-3441.865	-3610.677	168.8123	1.246626	0.606881	0.393119	3.221015
7014	-3451.567	-3619.913	168.346	1.250511	0.684512	0.315488	3.492719
7020	-3441.848	-3611.689	169.8404	1.38269	0.583591	0.416409	2.515276
7026	-3450.87	-3620.561	169.6909	1.38269	0.656966	0.343034	2.60818
7032	-3452.226	-3622.396	170.1699	1.543928	0.603931	0.396069	2.203804
7038	-3438.602	-3608.838	170.2359	1.41838	0.65586	0.34414	2.242249
7044	-3440.76	-3610.767	170.0073	1.338193	0.65586	0.34414	2.438592
7050	-3440.633	-3610.96	170.3271	1.429649	0.648557	0.351443	2.176004
7056	-3447.356	-3618.624	171.2681	1.742053	0.725599	0.274401	1.286514
7062	-3448.549	-3619.81	171.2611	1.732599	0.600222	0.399778	1.299933
7068	-3445.963	-3616.966	171.0031	1.714628	0.633494	0.366506	1.514211
7074	-3456.835	-3627.733	170.8977	1.712813	0.591485	0.408515	1.593313
7080	-3445.356	-3616.126	170.7692	1.607035	0.591485	0.408515	1.760254
7086	-3448.921	-3620.008	171.087	1.633979	0.555561	0.444439	1.511812
7092	-3448.993	-3620.337	171.3444	1.83112	0.562889	0.437111	1.14605
7098	-3446.2	-3617.511	171.3104	1.810683	0.547219	0.452781	1.19354
7104	-3441.542	-3612.895	171.3527	1.773928	0.573517	0.426483	1.188821
7110	-3442.065	-3613.385	171.3195	1.845736	0.522186	0.477814	1.155108
7116	-3444.618	-3615.899	171.2806	1.697114	0.475383	0.524617	1.312893
7122	-3435.014	-3606.103	171.0889	1.677914	0.600638	0.399362	1.477382
7128	-3431.717	-3602.633	170.9159	1.639904	0.592012	0.407988	1.632913
7134	-3429.951	-3600.334	170.3831	1.364623	0.490806	0.509194	2.181839
7140	-3432.817	-3603.119	170.3019	1.493664	0.525109	0.474891	2.150769
7146	-3434.134	-3604.562	170.4272	1.446566	0.525109	0.474891	2.099653
7152	-3434.168	-3603.651	169.4827	1.339077	0.609333	0.390667	2.762865
7158	-3441.578	-3610.31	168.7323	1.324261	0.516088	0.483912	3.222408
7164	-3445.021	-3614.907	169.8857	1.452246	0.601082	0.398918	2.44334
7170	-3435.629	-3605.922	170.2928	1.390223	0.483059	0.516941	2.223743
7176	-3433.204	-3603.232	170.0276	1.401183	0.603697	0.396303	2.386078
7182	-3448.079	-3618.178	170.0985	1.380309	0.603697	0.396303	2.354388
7188	-3451.078	-3621.013	169.9346	1.39309	0.495719	0.504281	2.44979
7194	-3441.082	-3610.573	169.491	1.364874	0.658134	0.341866	2.742043
7200	-3440.846	-3609.747	168.9016	1.234599	0.498751	0.501249	3.175241
7206	-3437.091	-3605.924	168.8325	1.215203	0.495513	0.504487	3.227651
7212	-3434.686	-3603.395	168.7087	1.339076	0.457773	0.542227	3.227651
7218	-3432.777	-3602.436	169.6591	1.444454	0.574962	0.425038	2.589637
7224	-3425.244	-3595.253	170.0089	1.345041	0.515741	0.484259	2.433267
7230	-3428.754	-3598.248	169.4948	1.334111	0.59949	0.40051	2.75855
7236	-3440.497	-3610.046	169.5495	1.279375	0.552448	0.447552	2.75855
7242	-3443.674	-3613.381	169.7065	1.376741	0.580757	0.419243	2.60223
7248	-3445.257	-3614.291	169.0343	1.223492	0.573744	0.426256	3.102927
7254	-3433.134	-3602.414	169.2803	1.257756	0.575414	0.424586	2.934946
7260	-3440.861	-3610.278	169.4179	1.229502	0.529425	0.470575	2.868899
7266	-3427.139	-3596.134	168.9949	1.288097	0.527018	0.472982	3.08791
7272	-3438.132	-3607.327	169.1956	1.281585	0.613368	0.386632	2.971594
7278	-3434.972	-3604.629	169.6569	1.204096	0.553463	0.446537	2.738944
7284	-3428.541	-3598.264	169.7235	1.328797	0.590518	0.409482	2.621356
7290	-3428.557	-3598.042	169.4849	1.353678	0.631219	0.368781	2.752602
7296	-3427.613	-3596.601	168.9886	1.204885	0.580622	0.419378	3.141221
7302	-3442.281	-3611.435	169.1536	1.320694	0.580622	0.419378	2.973332
7308	-3445.976	-3615.567	169.5905	1.233458	0.690283	0.309717	2.761543
7314	-3435.676	-3604.484	168.8073	1.297011	0.607853	0.392147	3.194122
7320	-3437.628	-3607.316	169.6885	1.414652	0.715424	0.284576	2.58986
7326	-3433.951	-3603.759	169.8081	1.350403	0.561219	0.438781	2.55551
7332	-3436.715	-3605.546	168.8313	1.255555	0.718191	0.281809	3.204497
7338	-3450.733	-3620.066	169.3327	1.255555	0.677313	0.322687	2.904659
7344	-3443.897	-3612.32	168.4224	1.238687	0.560303	0.439697	3.454994
7350	-3449.766	-3617.375	167.6091	0.9981463	0.73863	0.26137	4.062987
7356	-3432.606	-3599.11	166.5042	0.9640011	0.493963	0.506037	4.705967
7362	-3436.503	-3604.11	167.6064	1.098157	0.62362	0.37638	4.007464
7368	-3445.216	-3612.833	167.6167	1.087854	0.646895	0.353105	4.007464
7374	-3435.307	-3604.798	169.4915	1.332815	0.654237	0.345763	2.761369
7380	-3436.015	-3606.526	170.5105	1.461476	0.588806	0.411194	2.034863
7386	-3435.215	-3605.209	169.9948	1.33331	0.599904	0.400096	2.449563
7392	-3437.084	-3607.57	170.4856	1.455185	0.50002	0.49998	2.055486
7398	-3441.712	-3612.838	171.1258	1.640078	0.639132	0.360868	1.478034
7404	-3448.367	-3619.384	171.0166	1.631618	0.586281	0.413719	1.56572
7410	-3453.158	-3623.691	170.5332	1.520486	0.682156	0.317844	1.980487
7416	-3451.774	-3621.788	170.0144	1.504987	0.623618	0.376382	2.328608
7422	-3452.089	-3621.27	169.1807	1.298579	0.585516	0.414484	2.970364
7428	-3449.392	-3618.384	168.9927	1.36359	0.523838	0.476162	3.044085
7434	-3453.723	-3623.371	169.6475	1.509616	0.670892	0.329108	2.55639
7440	-3434.783	-3604.374	169.5911	1.343885	0.676066	0.323934	2.693577
7446	-3438.733	-3607.847	169.1133	1.382352	0.590654	0.409346	2.960493
7452	-3439.993	-3609.573	169.5798	1.375154	0.608213	0.391787	2.681316
7458	-3438.1	-3607.69	169.59	1.336819	0.709776	0.290224	2.698613
7464	-3436.767	-3606.936	170.1691	1.44732	0.776908	0.223092	2.26656
7470	-3439.495	-3610.03	170.535	1.527119	0.776908	0.223092	1.974789
7476	-3441.489	-3611.191	169.7021	1.356274	0.716972	0.283028	2.617579
7482	-3448.655	-3617.703	169.0479	1.375752	0.569549	0.430451	3.003746
7488	-3454.17	-3623.681	169.5114	1.336232	0.688483	0.311517	2.747112
7494	-3444.289	-3613.965	169.6758	1.437092	0.721717	0.278283	2.583859
7500	-3445.078	-3614.973	169.8946	1.419038	0.578023	0.421977	2.458649
7506	-3439.859	-3609.972	170.1125	1.453634	0.678149	0.321851	2.298736
7512	-3430.543	-3600.703	170.1597	1.406437	0.662736	0.337264	2.298736
7518	-3430.51	-3599.808	169.299	1.311925	0.605874	0.394126	2.891005
7524	-3434.082	-3603.672	169.59	1.274452	0.57472	0.42528	2.736785
7530	-3436.824	-3606.335	169.5107	1.294499	0.74137	0.25863	2.773018
7536	-3437.442	-3606.155	168.7133	1.214913	0.679187	0.320813	3.29822
7542	-3436.884	-3605.575	168.6909	1.286928	0.611687	0.388313	3.268938
7548	-3445.487	-3614.757	169.2701	1.31822	0.645061	0.354939	2.904612
7554	-3456.044	-3623.581	167.537	1.207756	0.511375	0.488625	3.984461
7560	-3448.217	-3614.818	166.6009	1.063659	0.739682	0.260318	4.595961
7566	-3441.146	-3608.043	166.8979	1.071066	0.640653	0.359347	4.424784
7572	-3434.018	-3602.457	168.4397	1.211222	0.745426	0.254574	3.460958
7578	-3439.177	-3609.195	170.0173	1.362608	0.705447	0.294553	2.416949
7584	-3436.948	-3606.297	169.3493	1.280654	0.684476	0.315524	2.879474
7590	-3437.912	-3605.539	167.6274	1.096629	0.601228	0.398772	3.996296
7596	-3454.64	-3621.958	167.3183	1.130681	0.506691	0.493309	4.153083
7602	-3451.553	-3619.086	167.5331	0.9873341	0.623604	0.376396	4.112414
7608	-3453.572	-3620.35	166.7773	1.018634	0.514285	0.485715	4.522186
7614	-3449.742	-3616.984	167.2413	1.051258	0.475981	0.524019	4.241862
7620	-3446.124	-3613.484	167.36	1.007744	0.62782	0.37218	4.199199
7626	-3440.207	-3608.307	168.0999	1.086609	0.540168	0.459832	3.730701
7632	-3458.03	-3624.74	166.71	1.031404	0.486849	0.513151	4.552812
7638	-3453.296	-3620.711	167.4156	1.196786	0.494735	0.505265	4.060073
7644	-3452.151	-3619.036	166.8853	1.059206	0.478186	0.521814	4.438568
7650	-3446.849	-3614.36	167.5105	1.106539	0.512546	0.487454	4.057419
7656	-3453.572	-3621.715	168.143	1.189429	0.672794	0.327206	3.646287
7662	-3457.96	-3626.959	168.9991	1.254371	0.601962	0.398038	3.105467
7668	-3447.977	-3616.775	168.7973	1.347502	0.602965	0.397035	3.170138
7674	-3435.518	-3604.278	168.7607	1.253513	0.660806	0.339194	3.247481
7680	-3427.95	-3596.981	169.0309	1.179806	0.636739	0.363261	3.130972
7686	-3427.388	-3595.736	168.3487	1.172484	0.656854	0.343146	3.536629
7692	-3429.605	-3597.916	168.3108	1.210382	0.600569	0.399431	3.536629
7698	-3447.571	-3615.625	168.0537	1.139777	0.505701	0.494299	3.726662
7704	-3439.933	-3608.823	168.8897	1.16791	0.73211	0.26789	3.221827
7710	-3446.429	-3614.852	168.4231	1.198726	0.688746	0.311254	3.477963
7716	-3442.232	-3610.851	168.6187	1.074702	0.597935	0.402065	3.4361
7722	-3448.394	-3616.497	168.1028	1.162626	0.750709	0.249291	3.685075
7728	-3437.074	-3605.599	168.5251	1.189689	0.709678	0.290322	3.423606
7734	-3432.234	-3600.76	168.5256	1.180523	0.682623	0.317377	3.428667
7740	-3434.12	-3603.714	169.5945	1.404731	0.671698	0.328302	2.654082
7746	-3440.311	-3609.191	168.8804	1.342106	0.671698	0.328302	3.123919
7752	-3437.939	-3608.004	170.0651	1.371313	0.689746	0.310254	2.381252
7758	-3439.489	-3609.675	170.1857	1.361238	0.696895	0.303105	2.31099
7764	-3450.252	-3620.57	170.3176	1.451541	0.698002	0.301998	2.167957
7770	-3431.432	-3601.602	170.1704	1.451541	0.661748	0.338252	2.263044
7776	-3428.348	-3598.434	170.0865	1.32504	0.661748	0.338252	2.397003
7782	-3428.532	-3598.648	170.1163	1.433372	0.620123	0.379877	2.309247
7788	-3428.64	-3599.277	170.6365	1.533677	0.674846	0.325154	1.901983
7794	-3436.022	-3606.822	170.7999	1.56132	0.674846	0.325154	1.770713
7800	-3434.641	-3605.403	170.7628	1.562169	0.610292	0.389708	1.795912
7806	-3437.001	-3607.178	170.1768	1.422761	0.604215	0.395785	2.277386
7812	-3440.899	-3611.335	170.4364	1.601824	0.607125	0.392875	1.990764
7818	-3435.995	-3606.068	170.0736	1.459444	0.607459	0.392541	2.319855
7824	-3449.322	-3619.495	170.1731	1.360021	0.607459	0.392541	2.319855
7830	-3448.297	-3618.602	170.305	1.486473	0.683238	0.316762	2.153424
7836	-3435.296	-3605.118	169.8215	1.342003	0.688683	0.311317	2.552434
7842	-3439.726	-3609.51	169.7841	1.379375	0.704829	0.295171	2.552434
7848	-3454.039	-3624.175	170.1365	1.462708	0.579814	0.420186	2.277598
7854	-3463.286	-3633.942	170.6569	1.599273	0.572403	0.427597	1.843369
7860	-3451.491	-3622.41	170.9195	1.644994	0.600258	0.399742	1.626629
7866	-3453.948	-3624.11	170.1624	1.362024	0.616804	0.383196	2.325353
7872	-3435.77	-3605.727	169.9563	1.4325	0.566734	0.433266	2.411331
7878	-3443.033	-3613.022	169.989	1.399756	0.604524	0.395476	2.411331
7884	-3446.737	-3616.195	169.4582	1.399756	0.597163	0.402837	2.740775
7890	-3435.417	-3603.296	167.8796	1.149746	0.603889	0.396111	3.821264
7896	-3446.408	-3616.258	169.8505	1.340074	0.44891	0.55109	2.535579
7902	-3454.904	-3625.049	170.1459	1.450026	0.52714	0.47286	2.279728
7908	-3455.32	-3625.624	170.3038	1.350829	0.537811	0.462189	2.241992
7914	-3447.667	-3617.077	169.4107	1.405686	0.683161	0.316839	2.766203
7920	-3441.786	-3612.12	170.3347	1.48092	0.593661	0.406339	2.137698
7926	-3449.41	-3619.87	170.4598	1.475996	0.666945	0.333055	2.058805
7932	-3443.542	-3613.366	169.8234	1.378145	0.659296	0.340704	2.528703
7938	-3439.548	-3609.175	169.6271	1.369094	0.659296	0.340704	2.655923
7944	-3436.381	-3606.123	169.7418	1.370478	0.614132	0.385868	2.584215
7950	-3446.62	-3615.597	168.9772	1.352006	0.689519	0.310481	3.060321
7956	-3454.041	-3622.527	168.4863	1.240402	0.632197	0.367803	3.416627
7962	-3452.292	-3620.893	168.6011	1.131194	0.499355	0.500645	3.413351
7968	-3449.759	-3617.914	168.1546	1.168801	0.643926	0.356074	3.651487
7974	-3440.685	-3609.388	168.7032	1.282258	0.643926	0.356074	3.264474
7980	-3432.456	-3602.016	169.5602	1.382573	0.643926	0.356074	2.688816
7986	-3435.587	-3604.98	169.3923	1.281316	0.614557	0.385443	2.853011
7992	-3456.205	-3625.78	169.575	1.351222	0.598646	0.401354	2.698944
7998	-3455.157	-3624.701	169.5443	1.304703	0.598646	0.401354	2.746233
8004	-3436.583	-3605.916	169.3331	1.427616	0.614496	0.385504	2.800109
8010	-3437.52	-3607.394	169.8741	1.369885	0.614496	0.385504	2.502223
8016	-3449.473	-3618.111	168.6374	1.149345	0.614496	0.385504	3.381404
8022	-3451.731	-3620.335	168.6036	1.183136	0.477914	0.522086	3.381404
8028	-3444.755	-3613.72	168.9652	1.217223	0.539382	0.460618	3.147766
8034	-3442.851	-3611.847	168.9962	1.214606	0.571993	0.428007	3.130899
8040	-3437.158	-3606.241	169.0837	1.308225	0.665236	0.334764	3.022793
8046	-3443.476	-3612.747	169.2705	1.308225	0.665236	0.334764	2.910418
8052	-3425.599	-3594.896	169.2968	1.32514	0.579269	0.420731	2.88433
8058	-3422.012	-3591.553	169.5412	1.389834	0.643695	0.356305	2.696013
8064	-3427.269	-3597.174	169.9047	1.37723	0.620585	0.379415	2.478503
8070	-3430.502	-3599.733	169.2314	1.268943	0.534877	0.465123	2.957675
8076	-3435.899	-3605.038	169.1387	1.33496	0.671585	0.328415	2.973718
8082	-3427.94	-3597.35	169.4104	1.43475	0.737654	0.262346	2.748605
8088	-3431.7	-3602.077	170.3778	1.47493	0.602931	0.397069	2.113444
8094	-3436.708	-3607.497	170.7894	1.449072	0.733755	0.266245	1.855492
8100	-3443.235	-3613.663	170.4277	1.391138	0.777003	0.222997	2.1356
8106	-3439.457	-3609.195	169.7377	1.410267	0.674775	0.325225	2.562055
8112	-3440.207	-3610.251	170.0443	1.3653	0.616237	0.383763	2.398226
8118	-3443.551	-3613.35	169.7991	1.347234	0.595102	0.404898	2.563053
8124	-3455.56	-3624.421	168.8612	1.367659	0.737628	0.262372	3.120171
8130	-3451.136	-3621.787	170.6508	1.635709	0.608625	0.391375	1.822517
8136	-3444.874	-3615.868	170.9946	1.702509	0.747472	0.252528	1.529567
8142	-3443.156	-3613.835	170.6788	1.644969	0.648426	0.351574	1.796717
8148	-3442.705	-3613.609	170.9039	1.748933	0.62308	0.37692	1.562334
8154	-3434.853	-3605.721	170.8677	1.646144	0.665235	0.334765	1.663042
8160	-3440.085	-3611.037	170.9523	1.705898	0.702517	0.297483	1.558345
8166	-3430.038	-3601.19	171.1525	1.770098	0.675333	0.324667	1.356954
8172	-3427.126	-3598.195	171.0691	1.756911	0.633727	0.366273	1.432262
8178	-3438.711	-3609.806	171.0943	1.725302	0.611982	0.388018	1.437193
8184	-3428.646	-3599.679	171.0324	1.662836	0.523613	0.476387	1.530947
8190	-3427.884	-3598.483	170.5993	1.520182	0.579422	0.420578	1.936311
8196	-3429.928	-3600.437	170.5096	1.609868	0.67003	0.32997	1.936311
8202	-3419.909	-3590.62	170.7118	1.609868	0.672349	0.327651	1.798222
8208	-3423.278	-3593.957	170.6794	1.501662	0.616676	0.383324	1.89459
8214	-3425.887	-3596.497	170.61	1.568689	0.612166	0.387834	1.896256
8220	-3429.905	-3600.746	170.8406	1.622068	0.572215	0.427785	1.699441
8226	-3438.34	-3609.057	170.7163	1.616398	0.619136	0.380864	1.790565
8232	-3443.819	-3614.522	170.7026	1.630065	0.688679	0.311321	1.790565
8238	-3444.182	-3615.019	170.8368	1.586328	0.59991	0.40009	1.72736
8244	-3438.875	-3609.102	170.2271	1.425731	0.59991	0.40009	2.243194
8250	-3438.24	-3608.269	170.0298	1.323319	0.570428	0.429572	2.433784
8256	-3439.746	-3609.777	170.0302	1.322964	0.757963	0.242037	2.433784
8262	-3438.065	-3607.404	169.3392	1.193626	0.622406	0.377594	2.938131
8268	-3454.803	-3624.144	169.3411	1.287586	0.677494	0.322506	2.880255
8274	-3443.64	-3612.619	168.9783	1.223821	0.677494	0.322506	3.136036
8280	-3445.77	-3614.664	168.8949	1.346486	0.61031	0.38969	3.112691
8286	-3442.765	-3612.388	169.6231	1.347409	0.508078	0.491922	2.671768
8292	-3444.581	-3614.101	169.5198	1.344569	0.610192	0.389808	2.736867
8298	-3451.51	-3621.01	169.5002	1.364193	0.578924	0.421076	2.736867
8304	-3451.437	-3621.259	169.8216	1.369689	0.560609	0.439391	2.535086
8310	-3452.297	-3622.809	170.5122	1.428421	0.692754	0.307246	2.05564
8316	-3446.303	-3616.447	170.1441	1.565928	0.68474	0.31526	2.206312
8322	-3452.304	-3622.358	170.0541	1.487388	0.687066	0.312934	2.314497
8328	-3447.66	-3617.31	169.65	1.335627	0.520335	0.479665	2.662422
8334	-3451.92	-3621.581	169.6615	1.391107	0.600368	0.399632	2.621139
8340	-3449.207	-3618.835	169.628	1.424586	0.665288	0.334712	2.621139
8346	-3461.69	-3630.557	168.8667	1.428022	0.584094	0.415906	3.080882
8352	-3450.63	-3620.133	169.5024	1.484168	0.508665	0.491335	2.661895
8358	-3442.505	-3612.348	169.8428	1.388687	0.575282	0.424718	2.510038
8364	-3448.756	-3618.979	170.2234	1.417442	0.609804	0.390196	2.250904
8370	-3446.613	-3617.128	170.5148	1.603499	0.607041	0.392959	1.937064
8376	-3442.103	-3612.649	170.5467	1.571642	0.674426	0.325574	1.937064
8382	-3444.59	-3613.935	169.3452	1.262759	0.707976	0.292024	2.892772
8388	-3443.282	-3612.636	169.3544	1.348956	0.574283	0.425717	2.834951
8394	-3433.013	-3603.139	170.1262	1.466872	0.67824	0.32176	2.281504
8400	-3448.337	-3618.019	169.6817	1.506649	0.509907	0.490093	2.536972
8406	-3434.893	-3604.34	169.447	1.288914	0.669809	0.330191	2.815186
8412	-3445.664	-3614.422	168.7587	1.196783	0.763441	0.236559	3.282167
8418	-3441.209	-3608.388	167.1784	1.154565	0.625752	0.374248	4.218958
8424	-3442.702	-3611.209	168.5062	1.130515	0.625752	0.374248	3.469247
8430	-3446.175	-3615.078	168.9025	1.156943	0.646016	0.353984	3.220725
8436	-3440.04	-3609.479	169.4391	1.19795	0.766257	0.233743	2.875186
8442	-3441.164	-3610.337	169.1729	1.215568	0.701917	0.298083	3.024813
8448	-3438.248	-3607.424	169.1759	1.212611	0.590021	0.409979	3.024813
8454	-3439.408	-3607.892	168.4847	1.192389	0.597966	0.402034	3.445635
8460	-3447.29	-3616.141	168.8512	1.187822	0.594421	0.405579	3.232789
8466	-3441.133	-3609.948	168.8154	1.223654	0.708954	0.291046	3.232789
8472	-3445.107	-3613.753	168.6451	1.225905	0.663065	0.336935	3.331912
8478	-3437.269	-3607.269	169.9991	1.396441	0.663651	0.336349	2.407091
8484	-3427.244	-3596.969	169.7246	1.34794	0.663651	0.336349	2.608817
8490	-3432.524	-3602.501	169.9771	1.38694	0.699326	0.300674	2.426949
8496	-3440.11	-3610.749	170.6391	1.354596	0.652055	0.347945	2.020466
8502	-3430.015	-3600.414	170.3994	1.564299	0.563063	0.436937	2.040354
8508	-3426.667	-3597.294	170.6273	1.49951	0.563063	0.436937	1.931362
8514	-3443.17	-3613.876	170.7058	1.606655	0.470686	0.529314	1.804544
8520	-3456.466	-3627.209	170.7424	1.570131	0.535157	0.464843	1.804544
8526	-3451.509	-3621.918	170.4089	1.562776	0.685461	0.314539	2.03506
8532	-3442.848	-3613.219	170.3716	1.532	0.587104	0.412896	2.080051
8538	-3452.941	-3623.48	170.539	1.532532	0.528572	0.471428	1.968488
8544	-3439.091	-3609.868	170.7773	1.610768	0.6684	0.3316	1.751962
8550	-3430.901	-3601.93	171.0283	1.581133	0.602371	0.397629	1.594069
8556	-3436.324	-3606.305	169.9806	1.482796	0.6266	0.3734	2.36418
8562	-3435.953	-3606.509	170.5557	1.44229	0.577481	0.422519	2.017578
8568	-3443.558	-3613.848	170.2895	1.36348	0.716048	0.283952	2.243098
8574	-3442.524	-3611.748	169.2247	1.244302	0.604685	0.395315	2.976538
8580	-3444.261	-3613.445	169.1847	1.284226	0.651524	0.348476	2.976538
8586	-3434.53	-3603.709	169.179	1.289986	0.653811	0.346189	2.976538
8592	-3439.359	-3608.725	169.3664	1.391856	0.607951	0.392049	2.801614
8598	-3433.463	-3603.262	169.7987	1.417021	0.648015	0.351985	2.51987
8604	-3417.603	-3587.623	170.0206	1.456238	0.648015	0.351985	2.355616
8610	-3429.19	-3599.336	170.1463	1.428684	0.638886	0.361114	2.293084
8616	-3441	-3611.252	170.2524	1.376059	0.56271	0.43729	2.258816
8622	-3440.73	-3609.99	169.2606	1.289215	0.719566	0.280434	2.927901
8628	-3443.275	-3612.337	169.0622	1.227464	0.596385	0.403615	3.083894
8634	-3439.855	-3608.543	168.6881	1.143755	0.585886	0.414114	3.3549
8640	-3444.757	-3613.166	168.4088	1.088132	0.658455	0.341545	3.550784
8646	-3437.531	-3605.58	168.0492	1.048931	0.658455	0.341545	3.781683
8652	-3438.109	-3606.935	168.8269	1.135667	0.675916	0.324084	3.277997
8658	-3440.516	-3609.221	168.7051	1.25745	0.594078	0.405922	3.277997
8664	-3439.369	-3608.108	168.7393	1.223264	0.692729	0.307271	3.277997
8670	-3433.448	-3602.727	169.2786	1.321739	0.690048	0.309952	2.897359
8676	-3425.785	-3594.974	169.1886	1.284532	0.664661	0.335339	2.974016
8682	-3432.271	-3601.773	169.5019	1.361613	0.550167	0.449833	2.737388
8688	-3438.446	-3607.326	168.88	1.199271	0.550167	0.449833	3.208972
8694	-3438.313	-3607.15	168.8369	1.242411	0.598378	0.401622	3.208972
8700	-3437.252	-3605.779	168.5271	1.209033	0.666546	0.333454	3.411078
8706	-3449.853	-3619.506	169.6525	1.502046	0.658099	0.341901	2.557961
8712	-3442.969	-3612.796	169.8279	1.32671	0.687122	0.312878	2.557961
8718	-3432.962	-3602.511	169.5487	1.407722	0.66818	0.33182	2.680397
8724	-3431.054	-3600.843	169.7889	1.44682	0.66818	0.33182	2.507375
8730	-3427.013	-3597.684	170.6716	1.58898	0.66818	0.33182	1.840327
8736	-3439.002	-3609.724	170.7227	1.661142	0.564159	0.435841	1.754915
8742	-3448.765	-3619.634	170.8684	1.682311	0.458322	0.541678	1.63658
8748	-3437.361	-3608.239	170.8777	1.682311	0.458322	0.541678	1.62991
8754	-3437.34	-3608.325	170.9849	1.668247	0.695571	0.304429	1.56208
8760	-3452.836	-3623.851	171.0141	1.639011	0.561739	0.438261	1.56208
8766	-3440.944	-3612.165	171.2211	1.83296	0.669247	0.330753	1.250329
8772	-3436.098	-3607.112	171.0132	1.758564	0.701233	0.298767	1.473616
8778	-3439.234	-3610.286	171.052	1.702984	0.687654	0.312346	1.486275
8784	-3438.823	-3609.9	171.077	1.798531	0.671903	0.328097	1.393935
8790	-3431.268	-3602.435	171.1672	1.826935	0.747249	0.252751	1.299597
8796	-3434.746	-3605.947	171.2014	1.85113	0.502013	0.497987	1.251602
8802	-3442.929	-3614.188	171.2595	1.85113	0.659583	0.340417	1.202589
8808	-3433.622	-3604.854	171.2317	1.965564	0.572333	0.427667	1.126617
8814	-3440.896	-3612.255	171.3592	1.782785	0.642973	0.357027	1.175505
8820	-3443.257	-3614.385	171.128	1.790291	0.561951	0.438049	1.36036
8826	-3466.232	-3637.153	170.9214	1.692314	0.576339	0.423661	1.590977
8832	-3462.574	-3633.402	170.8287	1.6152	0.576339	0.423661	1.71271
8838	-3451.947	-3622.676	170.7291	1.624774	0.592534	0.407466	1.775854
8844	-3442.686	-3613.558	170.8715	1.649049	0.699566	0.300434	1.658261
8850	-3433.628	-3604.498	170.8698	1.619511	0.666099	0.333901	1.680558
8856	-3433.373	-3604.147	170.7739	1.58174	0.583501	0.416499	1.774602
8862	-3435.736	-3606.602	170.8656	1.635121	0.605096	0.394904	1.67238
8868	-3440.253	-3611.229	170.9756	1.604066	0.644436	0.355564	1.615703
8874	-3435.664	-3606.316	170.6516	1.571434	0.600766	0.399234	1.866061
8880	-3430.262	-3600.909	170.6471	1.57594	0.662758	0.337242	1.866061
8886	-3451.826	-3622.82	170.9938	1.715045	0.731597	0.268403	1.520863
8892	-3450.248	-3621.233	170.9846	1.749567	0.589916	0.410084	1.501966
8898	-3465.43	-3636.565	171.1348	1.815357	0.672086	0.327914	1.335006
8904	-3456.83	-3628.107	171.2772	1.84916	0.678391	0.321609	1.188999
8910	-3448.998	-3620.289	171.2909	1.835524	0.609304	0.390696	1.188999
8916	-3448.859	-3620.285	171.4257	1.864811	0.593213	0.406787	1.040016
8922	-3439.317	-3610.616	171.2992	1.872319	0.6432	0.3568	1.149598
8928	-3440.379	-3611.47	171.0904	1.802476	0.622137	0.377863	1.380365
8934	-3437.979	-3609.206	171.2268	1.802476	0.622137	0.377863	1.270863
8940	-3430.17	-3601.463	171.2927	1.912115	0.692359	0.307641	1.119817
8946	-3436.044	-3607.505	171.4606	1.982673	0.751959	0.248041	0.8802383
8952	-3443.246	-3614.694	171.448	2.108431	0.59875	0.40125	0.7302628
8958	-3438.531	-3610	171.469	2.104323	0.695079	0.304921	0.7022484
8964	-3435.803	-3607.262	171.4595	2.105131	0.59743	0.40257	0.716939
8970	-3433.519	-3604.92	171.4019	2.030278	0.610755	0.389245	0.8929278
8976	-3441.955	-3613.396	171.441	1.898298	0.476683	0.523317	0.9919136
8982	-3429.202	-3600.423	171.2209	1.929158	0.705665	0.294335	1.16847
8988	-3427.673	-3598.927	171.2542	1.806374	0.615611	0.384389	1.244881
8994	-3436.271	-3607.561	171.29	1.822081	0.641268	0.358732	1.201264
9000	-3448.372	-3619.298	170.926	1.698778	0.691101	0.308899	1.582857
9006	-3432.916	-3603.728	170.8116	1.548039	0.639819	0.360181	1.771803
9012	-3443.885	-3614.744	170.8596	1.548039	0.777126	0.222874	1.738259
9018	-3441.799	-3612.669	170.8705	1.6135	0.583941	0.416059	1.684317
9024	-3440.273	-3611.098	170.825	1.658998	0.662002	0.337998	1.684317
9030	-3441.504	-3612.44	170.9361	1.547902	0.675228	0.324772	1.684317
9036	-3441.672	-3612.442	170.7705	1.543521	0.613718	0.386282	1.803495
9042	-3444.33	-3614.778	170.4473	1.513433	0.613718	0.386282	2.042302
9048	-3432.836	-3603.263	170.4271	1.533666	0.55736	0.44264	2.042302
9054	-3434.658	-3604.44	169.7817	1.360077	0.49239	0.50761	2.565929
9060	-3447.084	-3616.812	169.7283	1.453097	0.53072	0.46928	2.54127
9066	-3448.343	-3618.925	170.5823	1.466741	0.643943	0.356057	1.983551
9072	-3444.238	-3614.98	170.742	1.561654	0.557925	0.442075	1.81065
9078	-3430.827	-3601.675	170.8485	1.624002	0.68806	0.31194	1.692478
9084	-3436.661	-3607.575	170.9139	1.624002	0.609545	0.390455	1.6458
9090	-3440.33	-3611.255	170.9244	1.646627	0.588074	0.411926	1.621919
9096	-3441.135	-3612.002	170.8666	1.659504	0.586822	0.413178	1.654304
9102	-3442.868	-3614.108	171.2393	1.688979	0.586822	0.413178	1.352481
9108	-3430.949	-3602.117	171.1681	1.74748	0.567505	0.432495	1.362516
9114	-3428.735	-3599.972	171.2377	1.832589	0.575998	0.424002	1.23671
9120	-3431.939	-3603.362	171.4228	1.78155	0.667083	0.332917	1.12024
9126	-3444.874	-3616.312	171.4383	1.983986	0.620942	0.379058	0.9040683
9132	-3441.098	-3612.424	171.3264	2.015875	0.51235	0.48765	0.9889552
9138	-3429.766	-3601.194	171.4274	2.029226	0.679497	0.320503	0.8645944
9144	-3443.886	-3615.319	171.4336	2.022979	0.685316	0.314684	0.8645944
9150	-3445.346	-3613.252	167.9064	1.053327	0.588227	0.411773	3.861287
9156	-3443.659	-3611.247	167.5883	1.075532	0.566823	0.433177	4.030686
9162	-3432.669	-3604.062	171.3925	1.893626	0.696544	0.303456	1.044217
9168	-3442.657	-3613.822	171.1645	1.829735	0.638788	0.361212	1.299517
9174	-3445.558	-3613.626	168.0672	1.115916	0.551655	0.448345	3.732613
9180	-3447.272	-3615.237	167.9646	1.04957	0.570563	0.429437	3.829989
9186	-3442.934	-3610.331	167.3975	1.15543	0.630602	0.369398	4.093933
9192	-3441.729	-3609.545	167.8151	1.111954	0.604964	0.395036	3.88002
9198	-3437.577	-3606.638	169.0617	1.223657	0.597588	0.402412	3.086478
9204	-3435.413	-3604.292	168.8782	1.235866	0.573569	0.426431	3.188386
9210	-3439.392	-3609.058	169.666	1.342743	0.575169	0.424831	2.648206
9216	-3433.486	-3603.581	170.0943	1.433561	0.596235	0.403765	2.323161
9222	-3446.281	-3616.091	169.8102	1.309014	0.766875	0.233125	2.579921
9228	-3434.26	-3603.84	169.5791	1.330876	0.600392	0.399608	2.708935
9234	-3442.703	-3612.301	169.5982	1.345804	0.545615	0.454385	2.688019
9240	-3432.998	-3603.039	170.0419	1.398639	0.577047	0.422953	2.37864
9246	-3437.377	-3608.137	170.76	1.406336	0.577047	0.422953	1.904643
9252	-3437.584	-3608.111	170.5266	1.549919	0.633117	0.366883	1.965151
9258	-3440.86	-3611.314	170.4539	1.448029	0.520276	0.479724	2.08112
9264	-3446.445	-3616.398	169.9524	1.38417	0.504161	0.495839	2.444209
9270	-3447.859	-3617.749	169.8894	1.239025	0.487125	0.512875	2.574229
9276	-3443.646	-3612.516	168.8695	1.353016	0.675621	0.324379	3.123917
9282	-3441.315	-3610.565	169.2497	1.343186	0.521994	0.478006	2.901878
9288	-3436.594	-3606.746	170.1529	1.465886	0.621039	0.378961	2.265059
9294	-3444.516	-3615.42	170.9036	1.607743	0.656365	0.343635	1.664804
9300	-3439.975	-3611.187	171.2119	1.719644	0.583595	0.416405	1.349879
9306	-3440.556	-3611.508	170.9516	1.607318	0.600919	0.399081	1.63065
9312	-3449.475	-3620.407	170.9321	1.683018	0.638996	0.361004	1.589946
9318	-3442.082	-3612.632	170.55	1.569799	0.632909	0.367091	1.936078
9324	-3442.505	-3613.062	170.5562	1.563629	0.652395	0.347605	1.936078
9330	-3439.296	-3610.03	170.7338	1.497237	0.610574	0.389426	1.860535
9336	-3443.856	-3614.604	170.7479	1.595096	0.629068	0.370932	1.7834
9342	-3438.452	-3608.93	170.4781	1.507537	0.563704	0.436296	2.02579
9348	-3443.505	-3612.957	169.4521	1.34567	0.563704	0.436296	2.777568
9354	-3437.371	-3607.102	169.7309	1.349703	0.540622	0.459378	2.603861
9360	-3447.792	-3616.717	168.9247	1.235553	0.706047	0.293953	3.160928
9366	-3440.374	-3610.815	170.4405	1.483086	0.710373	0.289627	2.066875
9372	-3439.76	-3610.388	170.628	1.519389	0.454219	0.545781	1.917428
9378	-3440.035	-3610.352	170.3169	1.473966	0.538979	0.461021	2.153857
9384	-3436.654	-3606.874	170.2204	1.472038	0.584653	0.415347	2.217615
9390	-3440.031	-3610.452	170.4212	1.519098	0.584653	0.415347	2.055802
9396	-3430.15	-3600.67	170.5202	1.4935	0.620335	0.379665	2.00713
9402	-3431.797	-3602.468	170.6705	1.531042	0.527799	0.472201	1.88067
9408	-3436.215	-3606.279	170.0631	1.509728	0.685069	0.314931	2.294481
9414	-3436.404	-3606.151	169.7475	1.400376	0.679821	0.320179	2.562149
9420	-3435.073	-3604.456	169.3835	1.358771	0.457912	0.542088	2.811365
9426	-3433.468	-3603.132	169.6634	1.297559	0.52431	0.47569	2.67765
9432	-3442.813	-3611.773	168.9592	1.379004	0.537401	0.462599	3.054912
9438	-3449.126	-3618.605	169.479	1.449574	0.505247	0.494753	2.697549
9444	-3437.23	-3607.112	169.8821	1.432357	0.650117	0.349883	2.458124
9450	-3430.323	-3600.511	170.1886	1.505891	0.589876	0.410124	2.216288
9456	-3428.433	-3598.179	169.7456	1.353216	0.473603	0.526397	2.592545
9462	-3436.503	-3605.819	169.3151	1.310433	0.473603	0.526397	2.882132
9468	-3442.884	-3612.221	169.337	1.2885	0.628699	0.371301	2.882132
9474	-3441.264	-3609.303	168.0386	1.143281	0.546993	0.453007	3.733362
9480	-3441.371	-3610.292	168.9206	1.23087	0.561822	0.438178	3.16617
9486	-3441.205	-3609.77	168.5657	1.278742	0.749053	0.250947	3.347552
9492	-3442.877	-3612.206	169.3292	1.335161	0.579175	0.420825	2.858604
9498	-3437.653	-3607.303	169.6506	1.333521	0.698841	0.301159	2.663348
9504	-3425.398	-3594.624	169.2261	1.293394	0.604754	0.395246	2.946164
9510	-3437.355	-3606.612	169.2562	1.248551	0.510652	0.489348	2.955011
9516	-3435.629	-3605.512	169.8826	1.328966	0.493787	0.506213	2.522498
9522	-3437.953	-3607.932	169.9785	1.466745	0.571994	0.428006	2.375627
9528	-3440.594	-3611.067	170.4728	1.556897	0.601973	0.398027	1.99649
9534	-3444.365	-3614.868	170.5024	1.527777	0.691195	0.308805	1.996134
9540	-3448.729	-3619.34	170.6114	1.577003	0.623171	0.376829	1.88964
9546	-3444.672	-3615.438	170.7663	1.525793	0.592144	0.407856	1.81861
9552	-3453.345	-3624.357	171.0111	1.657604	0.476897	0.523103	1.550617
9558	-3452.469	-3623.061	170.5916	1.63699	0.431903	0.568097	1.86226
9564	-3441.472	-3612.426	170.9535	1.651444	0.671169	0.328831	1.59734
9570	-3431.478	-3602.637	171.1597	1.744295	0.595818	0.404182	1.371682
9576	-3446.225	-3617.139	170.9142	1.7401	0.422222	0.577778	1.561235
9582	-3442.274	-3613.089	170.8145	1.7401	0.556209	0.443791	1.633769
9588	-3441.078	-3611.782	170.704	1.672847	0.520543	0.479457	1.759822
9594	-3440.416	-3611.378	170.9617	1.664828	0.530985	0.469015	1.581581
9600	-3437.28	-3608.151	170.8714	1.692433	0.604638	0.395362	1.627119
9606	-3440.915	-3611.101	170.1862	1.469989	0.604638	0.395362	2.241026
9612	-3438.47	-3609.281	170.8109	1.602241	0.67186	0.32814	1.734389
9618	-3428.511	-3599.428	170.9172	1.657994	0.546914	0.453086	1.618951
9624	-3440.366	-3610.921	170.555	1.583292	0.607734	0.392266	1.92357
9630	-3435.364	-3605.017	169.6524	1.353112	0.514956	0.485044	2.650233
9636	-3445.953	-3616.38	170.4268	1.315297	0.643124	0.356876	2.185508
9642	-3448.568	-3618.562	169.9946	1.433516	0.698346	0.301654	2.386471
9648	-3445.949	-3616.418	170.4682	1.462399	0.610866	0.389134	2.062217
9654	-3438.55	-3608.799	170.2488	1.452071	0.636777	0.363223	2.2122
9660	-3445.666	-3615.664	169.9975	1.540252	0.694378	0.305622	2.316864
9666	-3443.743	-3614	170.2578	1.389818	0.625375	0.374625	2.246542
9672	-3450.44	-3620.387	169.9472	1.411486	0.624224	0.375776	2.430278
9678	-3450.014	-3620.068	170.0547	1.49256	0.587372	0.412628	2.31082
9684	-3447.923	-3617.935	170.012	1.328928	0.730446	0.269554	2.441461
9690	-3439.729	-3608.392	168.6636	1.328928	0.691308	0.308692	3.260269
9696	-3436.481	-3605.271	168.7899	1.273469	0.568641	0.431359	3.218398
9702	-3449.514	-3619.612	170.098	1.375672	0.543118	0.456882	2.357625
9708	-3438.941	-3609.624	170.6826	1.494635	0.65166	0.34834	1.897217
9714	-3444.378	-3615.239	170.8617	1.747719	0.512762	0.487238	1.594111
9720	-3454.144	-3624.685	170.5412	1.612103	0.634174	0.365826	1.913474
9726	-3442.7	-3612.978	170.2781	1.595254	0.604867	0.395133	2.099884
9732	-3444.63	-3612.396	167.7663	1.109842	0.666904	0.333096	3.90925
9738	-3429.373	-3597.709	168.3356	1.310133	0.70851	0.29149	3.463968
9744	-3428.609	-3596.714	168.1056	1.202417	0.699943	0.300057	3.660393
9750	-3444.146	-3611.634	167.4884	1.12656	0.703825	0.296175	4.058554
9756	-3434.897	-3602.535	167.6375	1.078395	0.727235	0.272765	4.00096
9762	-3441.393	-3609.428	168.0346	1.196009	0.599019	0.400981	3.705201
9768	-3437.599	-3606.593	168.9942	1.371394	0.559552	0.440448	3.038512
9774	-3440.225	-3608.057	167.8316	1.186335	0.646238	0.353762	3.827809
9780	-3444.271	-3610.869	166.5982	1.075279	0.769014	0.230986	4.590935
9786	-3445.079	-3612.685	167.6059	1.039675	0.55819	0.44181	4.041115
9792	-3443.293	-3611.238	167.9449	1.112299	0.653637	0.346363	3.805235
9798	-3435.689	-3603.773	168.0842	1.101223	0.657859	0.342141	3.731326
9804	-3443.564	-3611.588	168.0246	1.160801	0.600599	0.399401	3.731326
9810	-3439.664	-3606.74	167.0752	1.178387	0.599383	0.400617	4.263934
9816	-3446.008	-3614.933	168.9249	1.379831	0.547077	0.452923	3.074909
9822	-3442.217	-3612.693	170.4762	1.437607	0.521593	0.478407	2.073326
9828	-3432.116	-3601.94	169.8236	1.304314	0.597693	0.402307	2.574513
9834	-3432.163	-3601.907	169.7436	1.353282	0.618926	0.381074	2.593772
9840	-3440.191	-3609.796	169.6044	1.368632	0.588568	0.411432	2.670202
9846	-3443.087	-3613.069	169.9821	1.427196	0.541724	0.458276	2.398364
9852	-3432.892	-3603.702	170.8101	1.598218	0.595172	0.404828	1.737803
9858	-3432.156	-3603.07	170.9136	1.542758	0.599162	0.400838	1.703934
9864	-3432.481	-3602.576	170.095	1.486422	0.599162	0.400838	2.289006
9870	-3436.836	-3607.424	170.5875	1.52323	0.506805	0.493195	1.94221
9876	-3430.14	-3600.507	170.367	1.515564	0.542306	0.457694	2.093864
9882	-3428.931	-3599.305	170.3738	1.474333	0.553868	0.446132	2.116456
9888	-3429.727	-3600.034	170.3073	1.469769	0.521645	0.478355	2.162785
9894	-3433.713	-3603.849	170.1359	1.459155	0.686954	0.313046	2.280288
9900	-3441.159	-3610.026	168.8668	1.327106	0.634766	0.365234	3.140929
9906	-3435.355	-3604.02	168.6644	1.185933	0.68768	0.31232	3.344095
9912	-3430.749	-3599.018	168.269	1.116468	0.610479	0.389521	3.61551
9918	-3439.272	-3607.254	167.9812	1.121056	0.678918	0.321082	3.779259
9924	-3445.131	-3614.236	169.1046	1.187853	0.678918	0.321082	3.082274
9930	-3452.799	-3621.663	168.8645	1.364111	0.649195	0.350805	3.120276
9936	-3440.656	-3609.359	168.7029	1.297693	0.494382	0.505618	3.25554
9942	-3446.075	-3615.574	169.4989	1.33542	0.561931	0.438069	2.755246
9948	-3448.918	-3617.818	168.9003	1.169923	0.561931	0.438069	3.214362
9954	-3444.061	-3613.092	169.0315	1.347212	0.530565	0.469435	3.030698
9960	-3460.867	-3630.389	169.5214	1.405281	0.505289	0.494711	2.698652
9966	-3450.006	-3619.114	169.1075	1.410036	0.505289	0.494711	2.947328
9972	-3451.759	-3620.242	168.4834	1.286571	0.662875	0.337125	3.391275
9978	-3436.97	-3605.54	168.5704	1.199492	0.587199	0.412801	3.391275
9984	-3448.198	-3615.835	167.6373	1.160099	0.403344	0.596656	3.954373
9990	-3439.716	-3608.462	168.7461	1.140394	0.600898	0.399102	3.322788
9996	-3436.359	-3605.916	169.5571	1.314187	0.644683	0.355317	2.732619
10002	-3438.766	-3608.945	170.1792	1.504078	0.548785	0.451215	2.223537
10008	-3443.527	-3614.17	170.6428	1.526633	0.466135	0.533865	1.902519
10014	-3442.84	-3613.586	170.7463	1.559277	0.450632	0.549368	1.809348
10020	-3450.981	-3621.806	170.8249	1.648005	0.651394	0.348606	1.692187
10026	-3451.44	-3622.191	170.7511	1.626557	0.671963	0.328037	1.759269
10032	-3444.005	-3613.946	169.9408	1.389452	0.53127	0.46873	2.448162
10038	-3435.945	-3605.941	169.9969	1.518669	0.667455	0.332545	2.331035
10044	-3429.969	-3600.59	170.6215	1.536489	0.621195	0.378805	1.910271
10050	-3435.424	-3606.177	170.7531	1.504672	0.58317	0.41683	1.842281
10056	-3435.17	-3606.13	170.9602	1.662832	0.58317	0.41683	1.58416
10062	-3449.401	-3620.463	171.0617	1.816675	0.662028	0.337972	1.391701
10068	-3453.856	-3625.148	171.2925	1.830582	0.55466	0.44534	1.191898
10074	-3448.485	-3619.195	170.7105	1.675037	0.583731	0.416269	1.753742
10080	-3449.785	-3620.512	170.7272	1.664961	0.583731	0.416269	1.749118
10086	-3456.758	-3627.563	170.8057	1.660188	0.561294	0.438706	1.697216
10092	-3440.046	-3610.973	170.9268	1.771088	0.635751	0.364249	1.529039
10098	-3438.941	-3610.112	171.1711	1.689524	0.630904	0.369096	1.405576
10104	-3433.522	-3604.67	171.1482	1.689887	0.58184	0.41816	1.422947
10110	-3430.865	-3601.808	170.9433	1.671106	0.535949	0.464051	1.590475
10116	-3439	-3610.146	171.1459	1.722262	0.694479	0.305521	1.399717
10122	-3447.75	-3618.511	170.7603	1.591299	0.616986	0.383014	1.777406
10128	-3447.76	-3618.249	170.4893	1.598621	0.706287	0.293713	1.95752
10134	-3447.176	-3618.107	170.9314	1.607443	0.706287	0.293713	1.645134
10140	-3445.448	-3616.389	170.9408	1.637646	0.463952	0.536048	1.616593
10146	-3441.858	-3612.695	170.837	1.685565	0.53457	0.46543	1.656776
10152	-3442.387	-3613.331	170.9432	1.649655	0.606209	0.393791	1.606094
10158	-3426.584	-3597.312	170.7282	1.56006	0.530648	0.469352	1.821303
10164	-3423.459	-3594.268	170.8088	1.566164	0.582091	0.417909	1.761107
10170	-3431.701	-3600.843	169.1421	1.329352	0.565163	0.434837	2.97505
10176	-3438.178	-3606.453	168.2749	1.061742	0.534886	0.465114	3.643837
10182	-3435.802	-3603.382	167.5803	1.041089	0.587988	0.412012	4.054915
10188	-3441.25	-3608.775	167.5256	1.095806	0.521365	0.478635	4.054915
10194	-3444.707	-3613.267	168.5596	1.198128	0.538689	0.461311	3.398435
10200	-3445.339	-3613.825	168.4857	1.123857	0.68382	0.31618	3.485099
10206	-3437.35	-3606	168.6497	1.117397	0.466743	0.533257	3.392925
10212	-3432.407	-3601.042	168.6351	1.150225	0.550035	0.449965	3.382275
10218	-3443.448	-3612.688	169.2396	1.245578	0.494264	0.505736	2.966817
10224	-3443.981	-3613.251	169.2694	1.336413	0.469869	0.530131	2.894082
10230	-3437.712	-3607.038	169.3253	1.379998	0.508935	0.491065	2.83383
10236	-3438.933	-3608.186	169.2529	1.367581	0.511677	0.488323	2.885179
10242	-3446.169	-3617.24	171.0708	1.581901	0.541231	0.458769	1.562414
10248	-3445.698	-3616.355	170.6572	1.581901	0.632174	0.367826	1.855073
10254	-3428.267	-3598.645	170.3774	1.591644	0.633915	0.366085	2.036838
10260	-3427.038	-3597.493	170.4551	1.58655	0.612779	0.387221	1.98852
10266	-3428.834	-3599.98	171.1454	1.63642	0.525822	0.474178	1.465994
10272	-3446.122	-3617.224	171.1015	1.740148	0.525822	0.474178	1.42023
10278	-3446.78	-3618.095	171.3146	1.692602	0.627199	0.372801	1.288995
10284	-3444.082	-3615.53	171.4482	1.811965	0.627199	0.372801	1.068835
10290	-3450.169	-3621.566	171.3975	1.890964	0.62534	0.37466	1.041995
10296	-3457.45	-3628.818	171.3676	1.91855	0.592343	0.407657	1.044204
10302	-3459.664	-3631.022	171.3582	1.944307	0.558581	0.441419	1.028364
10308	-3452.383	-3623.792	171.4089	1.914807	0.689239	0.310761	1.007569
10314	-3449.426	-3620.79	171.3639	1.856902	0.563732	0.436268	1.105268
10320	-3451.449	-3618.706	167.2579	1.010526	0.604007	0.395993	4.255554
10326	-3453.76	-3621.982	168.2223	1.116425	0.662158	0.337842	3.642617
10332	-3438.014	-3606.727	168.7128	1.175992	0.47729	0.52271	3.321428
10338	-3429.983	-3598.976	168.9931	1.241999	0.693071	0.306929	3.116426
10344	-3436.912	-3605.905	168.9931	1.241999	0.694756	0.305244	3.116426
10350	-3452.021	-3621.023	169.0021	1.25609	0.515747	0.484253	3.102658
10356	-3445.724	-3615.262	169.5389	1.268815	0.597164	0.402836	2.77147
10362	-3437.673	-3607.323	169.6499	1.317948	0.644693	0.355307	2.673416
10368	-3434.672	-3604.16	169.4885	1.245601	0.525203	0.474797	2.816278
10374	-3431.664	-3601.357	169.6929	1.310698	0.664625	0.335375	2.651372
10380	-3434.233	-3604.853	170.6199	1.512195	0.533141	0.466859	1.92781
10386	-3424.592	-3595.219	170.6262	1.484933	0.507969	0.492031	1.941927
10392	-3434.559	-3604.213	169.6538	1.428162	0.614381	0.385619	2.602998
10398	-3433.923	-3603.274	169.3518	1.24905	0.489886	0.510114	2.897072
10404	-3438.349	-3608.22	169.8705	1.459253	0.526588	0.473412	2.448525
10410	-3436.743	-3606.835	170.092	1.426329	0.641261	0.358739	2.329232
10416	-3440.44	-3611.295	170.8552	1.675968	0.491928	0.508072	1.650604
10422	-3442.107	-3612.375	170.2678	1.580897	0.483318	0.516682	2.116094
10428	-3454.312	-3623.691	169.3796	1.34669	0.564788	0.435212	2.821074
10434	-3449.619	-3618.928	169.3084	1.339683	0.491818	0.508182	2.868494
10440	-3444.017	-3613.257	169.2404	1.249864	0.553362	0.446638	2.963719
10446	-3440.626	-3610.4	169.7736	1.37123	0.496413	0.503587	2.563989
10452	-3440.137	-3610.204	170.0668	1.43667	0.572028	0.427972	2.338713
10458	-3444.165	-3613.511	169.3453	1.366052	0.5968	0.4032	2.83011
10464	-3441.659	-3612.372	170.7133	1.546252	0.490003	0.509997	1.841033
10470	-3437.671	-3608.281	170.6102	1.65781	0.660177	0.339823	1.835213
10476	-3447.246	-3617.697	170.4511	1.564816	0.747306	0.252694	2.005691
10482	-3448.23	-3616.228	167.9981	1.131062	0.674307	0.325693	3.763754
10488	-3455.513	-3624.05	168.5366	1.189297	0.550181	0.449819	3.41711
10494	-3450.597	-3618.179	167.5822	1.184058	0.55714	0.44286	3.972197
10500	-3452.539	-3619.503	166.9643	0.9955203	0.55714	0.44286	4.429907
10506	-3448.056	-3615.375	167.3189	1.220755	0.570269	0.429731	4.101498
10512	-3452.081	-3621.418	169.3367	1.306117	0.450615	0.549385	2.871693
10518	-3445.957	-3614.331	168.374	1.127337	0.595787	0.404213	3.548164
10524	-3448.729	-3616.776	168.0463	1.119533	0.604305	0.395695	3.742646
10530	-3446.958	-3615.502	168.5443	1.199517	0.561815	0.438185	3.406604
10536	-3450.186	-3618.556	168.3693	1.184064	0.482738	0.517262	3.51789
10542	-3442.76	-3611.142	168.3818	1.171556	0.647922	0.352078	3.51789
10548	-3448.347	-3616.735	168.3882	1.165182	0.647922	0.352078	3.51789
10554	-3445.242	-3614.2	168.9576	1.239719	0.591708	0.408292	3.138932
10560	-3444.837	-3613.248	168.4105	1.232052	0.525828	0.474172	3.465834
10566	-3446.591	-3615.297	168.7068	1.256467	0.50116	0.49884	3.277583
10572	-3437.03	-3605.855	168.8251	1.138092	0.676991	0.323009	3.277583
10578	-3440.609	-3609.108	168.4999	1.221469	0.676991	0.323009	3.419765
10584	-3435.449	-3603.937	168.488	1.233357	0.54733	0.45267	3.419765
10590	-3447.152	-3615.067	167.9154	1.093392	0.489826	0.510174	3.83308
10596	-3439.712	-3608.133	168.4212	1.262976	0.489826	0.510174	3.441502
10602	-3433.497	-3601.928	168.4309	1.253308	0.489826	0.510174	3.441502
10608	-3433.331	-3601.786	168.4549	1.229286	0.489826	0.510174	3.441502
10614	-3442.875	-3611.436	168.5608	1.158704	0.489826	0.510174	3.420809
10620	-3431.336	-3599.816	168.4799	1.239688	0.540512	0.459488	3.420809
10626	-3432.909	-3601.998	169.0886	1.240922	0.575683	0.424317	3.060085
10632	-3444.261	-3613.953	169.6925	1.401405	0.472056	0.527944	2.595595
10638	-3436.171	-3605.938	169.7669	1.327036	0.530972	0.469028	2.595595
10644	-3455.473	-3625.062	169.588	1.386957	0.639854	0.360146	2.669004
10650	-3437.041	-3607.138	170.0967	1.386957	0.476276	0.523724	2.351285
10656	-3437.787	-3606.605	168.8181	1.180627	0.586666	0.413334	3.256632
10662	-3439.271	-3607.34	168.0686	1.164832	0.608163	0.391837	3.703585
10668	-3431.299	-3599.167	167.8684	1.205474	0.560456	0.439544	3.795641
10674	-3431.465	-3600.422	168.957	1.212691	0.630805	0.369195	3.155347
10680	-3434.099	-3602.646	168.5472	1.156988	0.593157	0.406843	3.42982
10686	-3439.552	-3607.502	167.9504	1.276206	0.566524	0.433476	3.707536
10692	-3437.815	-3606.967	169.1512	1.253564	0.566524	0.433476	3.015092
10698	-3434.315	-3602.42	168.1053	1.134895	0.552243	0.447757	3.699669
10704	-3430.834	-3598.819	167.9845	1.255718	0.552243	0.447757	3.699669
10710	-3436.069	-3606.314	170.245	1.494954	0.670073	0.329927	2.186883
10716	-3449.93	-3620.013	170.083	1.494954	0.494804	0.505196	2.291211
10722	-3452.183	-3622.285	170.1021	1.423694	0.616238	0.383762	2.324489
10728	-3449.781	-3619.624	169.8428	1.483118	0.536575	0.463425	2.450933
10734	-3449.124	-3619.473	170.3492	1.503033	0.530399	0.469601	2.113731
10740	-3446.293	-3616.587	170.2938	1.503033	0.659355	0.340645	2.149917
10746	-3430.747	-3600.977	170.2299	1.437476	0.630319	0.369681	2.233834
10752	-3434.203	-3603.686	169.4832	1.402833	0.604347	0.395653	2.723593
10758	-3431.664	-3601.662	169.998	1.3386	0.432776	0.567224	2.444181
10764	-3429.941	-3600.467	170.5261	1.476293	0.404208	0.595792	2.014668
10770	-3438.05	-3608.475	170.4248	1.57761	0.597388	0.402612	2.014668
10776	-3441.112	-3611.915	170.8032	1.553178	0.627129	0.372871	1.774124
10782	-3435.965	-3606.724	170.7589	1.659824	0.552961	0.447039	1.73045
10788	-3438.781	-3609.639	170.8577	1.492617	0.633936	0.366064	1.778295
10794	-3424.967	-3595.723	170.7562	1.594154	0.524277	0.475723	1.778295
10800	-3437.032	-3607.829	170.7979	1.70601	0.626845	0.373155	1.670124
10806	-3437.748	-3608.723	170.9749	1.632768	0.505568	0.494432	1.595341
10812	-3442.552	-3613.774	171.2224	1.790397	0.505568	0.494432	1.284418
10818	-3444.746	-3615.91	171.1633	1.690281	0.493766	0.506234	1.41099
10824	-3435.909	-3607.044	171.1351	1.653311	0.486435	0.513565	1.461031
10830	-3434.922	-3605.604	170.6813	1.653311	0.517593	0.482407	1.789221
10836	-3428.329	-3599.228	170.8999	1.560911	0.588581	0.411419	1.700808
10842	-3453.761	-3623.954	170.1922	1.659984	0.507187	0.492813	2.113767
10848	-3452.483	-3623.475	170.9922	1.666092	0.507187	0.492813	1.558309
10854	-3440.331	-3610.565	170.2346	1.445317	0.670963	0.329037	2.225706
10860	-3439.717	-3609.891	170.1738	1.370265	0.614678	0.385322	2.312854
10866	-3439.035	-3608.275	169.2404	1.354691	0.531269	0.468731	2.900548
10872	-3445.562	-3615.077	169.5151	1.359708	0.487873	0.512127	2.73045
10878	-3440.315	-3609.905	169.5904	1.284432	0.560537	0.439463	2.73045
10884	-3437.716	-3607.533	169.8177	1.349764	0.57324	0.42676	2.549927
10890	-3435.837	-3606.148	170.3111	1.494212	0.613255	0.386745	2.14441
10896	-3436.933	-3606.613	169.6794	1.320892	0.584063	0.415937	2.653392
10902	-3446.681	-3616.565	169.8841	1.389944	0.715391	0.284609	2.483459
10908	-3444.633	-3613.709	169.0757	1.263679	0.764945	0.235055	3.054237
10914	-3445.429	-3614.473	169.0437	1.295659	0.62009	0.37991	3.054237
10920	-3435.553	-3605.813	170.2608	1.447604	0.547091	0.452909	2.207359
10926	-3436.013	-3606.637	170.6236	1.529832	0.693238	0.306762	1.913387
10932	-3438.595	-3609.132	170.5365	1.445097	0.589382	0.410618	2.028487
10938	-3428.634	-3598.534	169.8998	1.4009	0.617488	0.382512	2.466733
10944	-3434.734	-3605.062	170.3284	1.463911	0.617488	0.382512	2.152866
10950	-3439.846	-3610.635	170.7883	1.582863	0.523819	0.476181	1.763805
10956	-3430.887	-3601.27	170.3832	1.487836	0.416264	0.583736	2.101413
10962	-3429.544	-3599.98	170.4364	1.439053	0.583703	0.416297	2.098556
10968	-3432.442	-3602.605	170.1631	1.500831	0.583703	0.416297	2.236042
10974	-3431.931	-3601.511	169.5802	1.333346	0.56516	0.43484	2.706747
10980	-3455.562	-3625.212	169.6496	1.356715	0.637331	0.362669	2.649704
10986	-3442.056	-3611.734	169.6783	1.273336	0.637331	0.362669	2.683363
10992	-3442.632	-3612.284	169.652	1.318026	0.5817	0.4183	2.67203
10998	-3440.845	-3610.691	169.8462	1.402147	0.503433	0.496567	2.499528
11004	-3446.999	-3616.989	169.9901	1.445574	0.616083	0.383917	2.381698
11010	-3447.515	-3617.177	169.6625	1.378253	0.564972	0.435028	2.628473
11016	-3450.068	-3619.856	169.7884	1.387885	0.608998	0.391002	2.544486
11022	-3434.25	-3603.339	169.0887	1.254003	0.608998	0.391002	3.052225
11028	-3434.203	-3603.546	169.343	1.228442	0.651599	0.348401	2.91484
11034	-3432.445	-3601.085	168.6398	1.182902	0.572421	0.427579	3.360282
11040	-3425.412	-3594.04	168.6286	1.194113	0.569094	0.430906	3.360282
11046	-3424.003	-3592.923	168.9204	1.130881	0.558084	0.441916	3.225569
11052	-3444.562	-3613.237	168.6743	1.292731	0.540172	0.459828	3.275318
11058	-3431.558	-3599.408	167.8498	1.174249	0.559465	0.440535	3.824321
11064	-3435.075	-3603.495	168.4204	1.223674	0.532106	0.467894	3.464974
11070	-3433.207	-3600.828	167.6212	1.217971	0.611046	0.388954	3.930415
11076	-3436.11	-3604.399	168.2891	1.131462	0.457375	0.542625	3.595128
11082	-3430.054	-3598.286	168.2318	1.188806	0.473412	0.526588	3.595128
11088	-3422.723	-3591.317	168.5938	1.226466	0.591313	0.408687	3.361719
11094	-3446.065	-3614.801	168.7356	1.20256	0.591313	0.408687	3.292393
11100	-3438.518	-3607.065	168.5472	1.227358	0.483048	0.516952	3.388565
11106	-3431.983	-3601.24	169.2568	1.164994	0.547723	0.452277	3.004869
11112	-3431.965	-3601.47	169.5052	1.320111	0.633101	0.366899	2.760751
11118	-3440.24	-3609.683	169.4431	1.320111	0.612094	0.387906	2.798566
11124	-3436.475	-3604.936	168.4604	1.112769	0.524038	0.475962	3.506345
11130	-3445.111	-3612.754	167.643	1.042766	0.576045	0.423955	4.018178
11136	-3432.853	-3601.255	168.4022	1.158451	0.576135	0.423865	3.513619
11142	-3438.74	-3607.365	168.6249	1.19432	0.500647	0.499353	3.362332
11148	-3436.747	-3605.443	168.6961	1.082994	0.595939	0.404061	3.385924
11154	-3454.308	-3622.961	168.6532	1.217608	0.690769	0.309231	3.332016
11160	-3434.817	-3603.49	168.6733	1.197576	0.663121	0.336879	3.332016
11166	-3435.892	-3603.656	167.7634	1.149722	0.702856	0.297144	3.888009
11172	-3426.857	-3595.184	168.3268	1.218045	0.551028	0.448972	3.52284
11178	-3429.385	-3598.118	168.7329	1.120578	0.603639	0.396361	3.342212
11184	-3437.199	-3605.834	168.6355	1.218001	0.549767	0.450233	3.342212
11190	-3438.125	-3607.635	169.5107	1.345163	0.594542	0.405458	2.742082
11196	-3439.144	-3608.294	169.1502	1.364537	0.557785	0.442215	2.949009
11202	-3440.494	-3610.872	170.3784	1.435153	0.585029	0.414971	2.139036
11208	-3436.793	-3607.074	170.2816	1.413108	0.531031	0.468969	2.216153
11214	-3432.49	-3602.65	170.1597	1.401953	0.561331	0.438669	2.301646
11220	-3442.049	-3611.893	169.8435	1.347018	0.541865	0.458135	2.535608
11226	-3436.304	-3605.416	169.1121	1.315814	0.56603	0.43397	3.001192
11232	-3440.063	-3609.394	169.3313	1.284709	0.520103	0.479897	2.887925
11238	-3442.367	-3611.675	169.3082	1.307801	0.591898	0.408102	2.887925
11244	-3437.09	-3607.729	170.6388	1.578726	0.597517	0.402483	1.869812
11250	-3436.557	-3607.402	170.8453	1.577479	0.597517	0.402483	1.727655
11256	-3433.975	-3604.622	170.6478	1.523882	0.535686	0.464314	1.901
11262	-3434.225	-3604.809	170.5838	1.60402	0.605383	0.394617	1.89006
11268	-3442.405	-3612.806	170.4011	1.527208	0.52756	0.47244	2.06376
11274	-3440.959	-3611.193	170.234	1.569665	0.544003	0.455997	2.145488
11280	-3441.269	-3612.184	170.9155	1.528371	0.647058	0.352942	1.71279
11286	-3436.151	-3607.301	171.1496	1.866967	0.602843	0.397157	1.281264
11292	-3441.278	-3612.479	171.2008	1.815813	0.689433	0.310567	1.281264
11298	-3442.769	-3614.029	171.2594	1.838602	0.724912	0.275088	1.213352
11304	-3440.879	-3612.137	171.2575	1.840431	0.55296	0.44704	1.213352
11310	-3439.541	-3610.697	171.1566	1.941372	0.611606	0.388394	1.213352
11316	-3445.282	-3616.629	171.3468	1.964003	0.647109	0.352891	1.02024
11322	-3438.192	-3609.612	171.4195	1.974725	0.596719	0.403281	0.9348894
11328	-3442.143	-3613.567	171.4235	1.907946	0.517727	0.482273	0.9998709
11334	-3432.533	-3603.929	171.3964	1.899932	0.548946	0.451054	1.03434
11340	-3434.357	-3605.697	171.3398	1.899932	0.548946	0.451054	1.087925
11346	-3447.792	-3618.653	170.8614	1.644338	0.555146	0.444854	1.668825
11352	-3445.501	-3616.232	170.7311	1.546481	0.60015	0.39985	1.828645
11358	-3449.029	-3619.675	170.6461	1.776148	0.599885	0.400115	1.728034
11364	-3448.313	-3617.042	168.7294	1.368802	0.741758	0.258242	3.197754
11370	-3444.975	-3615.077	170.1025	1.479991	0.689308	0.310692	2.288324
11376	-3447.765	-3618.086	170.3211	1.515947	0.567557	0.432443	2.123682
11382	-3438.971	-3609.271	170.3004	1.356344	0.568325	0.431675	2.240679
11388	-3440.033	-3610.218	170.1853	1.527451	0.586011	0.413989	2.204509
11394	-3446.228	-3616.554	170.3254	1.37185	0.682807	0.317193	2.214561
11400	-3446.131	-3616.316	170.1845	1.461291	0.730763	0.269237	2.24772
11406	-3437.697	-3608.048	170.3517	1.588432	0.473658	0.526342	2.055965
11412	-3441.033	-3612.05	171.0167	1.576898	0.633762	0.366238	1.605562
11418	-3439.693	-3610.671	170.9783	1.749571	0.575294	0.424706	1.506683
11424	-3434.429	-3605.523	171.0939	1.792896	0.642854	0.357146	1.385163
11430	-3436.967	-3608.021	171.0543	1.810089	0.554469	0.445531	1.402618
11436	-3433.97	-3605.282	171.3119	1.720656	0.580215	0.419785	1.268116
11442	-3447.133	-3618.297	171.1637	1.720656	0.516683	0.483317	1.387046
11448	-3460.153	-3631.209	171.0563	1.720986	0.47118	0.52882	1.469444
11454	-3437.718	-3608.522	170.8043	1.534833	0.621929	0.378071	1.786111
11460	-3429.695	-3600.021	170.3259	1.555923	0.549887	0.450113	2.094327
11466	-3439.072	-3609.764	170.6918	1.545235	0.584368	0.415632	1.856457
11472	-3439.975	-3610.532	170.557	1.620205	0.643154	0.356846	1.897234
11478	-3428.299	-3599.12	170.8203	1.573064	0.592598	0.407402	1.748246
11484	-3430.684	-3601.646	170.9624	1.544928	0.626864	0.373136	1.66767
11490	-3427.088	-3598.178	171.0906	1.62043	0.61531	0.38469	1.519241
11496	-3421.827	-3592.639	170.8118	1.587314	0.617986	0.382014	1.744242
11502	-3437.352	-3608.065	170.7121	1.59963	0.515176	0.484824	1.805097
11508	-3433.436	-3604.172	170.7352	1.649898	0.56959	0.43041	1.754088
11514	-3451.453	-3622.243	170.7897	1.639682	0.528793	0.471207	1.723001
11520	-3447.927	-3618.288	170.3612	1.594653	0.572922	0.427078	2.045576
11526	-3446.981	-3617.24	170.2589	1.629183	0.464519	0.535481	2.09023
11532	-3441.582	-3611.87	170.2885	1.521916	0.534493	0.465507	2.141111
11538	-3440.692	-3611.05	170.3585	1.613387	0.540131	0.459869	2.034954
11544	-3439.79	-3610.278	170.4878	1.639427	0.540131	0.459869	1.931068
11550	-3459.297	-3627.136	167.8392	1.188713	0.629895	0.370105	3.822058
11556	-3473.182	-3642.361	169.1797	1.281672	0.513724	0.486276	2.981108
11562	-3452.851	-3622.87	170.0186	1.540208	0.532751	0.467249	2.303465
11568	-3443.19	-3613.855	170.6643	1.575629	0.603126	0.396874	1.854466
11574	-3438.13	-3607.434	169.3041	1.406244	0.603126	0.396874	2.830767
11580	-3423.692	-3594.039	170.3474	1.479029	0.512473	0.487527	2.130645
11586	-3429.322	-3598.731	169.4091	1.33066	0.578656	0.421344	2.812858
11592	-3447.518	-3616.855	169.3378	1.338686	0.534923	0.465077	2.851304
11598	-3446.797	-3615.985	169.1886	1.338478	0.647305	0.352695	2.941578
11604	-3447.61	-3616.917	169.3068	1.220228	0.587452	0.412548	2.941578
11610	-3457.57	-3624.875	167.3053	1.068314	0.535869	0.464131	4.195884
11616	-3448.917	-3616.417	167.4999	1.126515	0.553861	0.446139	4.052036
11622	-3450.981	-3618.504	167.5221	1.104285	0.587291	0.412709	4.052036
11628	-3449.232	-3615.945	166.7133	1.095419	0.463	0.537	4.514962
11634	-3456.457	-3622.995	166.5381	0.997201	0.615708	0.384292	4.668412
11640	-3453.152	-3619.651	166.4989	1.026669	0.614211	0.385789	4.673845
11646	-3446.574	-3614.892	168.3173	1.225202	0.614211	0.385789	3.524223
11652	-3441.406	-3609.628	168.2217	1.142347	0.614211	0.385789	3.627953
11658	-3440.729	-3608.883	168.1537	1.189585	0.513746	0.486254	3.639969
11664	-3449.082	-3616.488	167.4057	1.128529	0.472324	0.527676	4.104561
11670	-3439.264	-3607.067	167.8034	1.147058	0.655729	0.344271	3.866585
11676	-3437.12	-3606.103	168.9825	1.333001	0.609528	0.390472	3.068503
11682	-3444.381	-3614.175	169.794	1.251679	0.604876	0.395124	2.625416
11688	-3438.145	-3607.132	168.9865	1.231888	0.651878	0.348122	3.126387
11694	-3429.625	-3598.797	169.1717	1.26766	0.652849	0.347151	2.994309
11700	-3429.467	-3598.696	169.2291	1.305538	0.590026	0.409974	2.936994
11706	-3432.444	-3602.115	169.6709	1.402599	0.483779	0.516221	2.608253
11712	-3425.906	-3595.529	169.6233	1.416637	0.59207	0.40793	2.628951
11718	-3430.245	-3599.769	169.524	1.393615	0.52975	0.47025	2.704263
11724	-3435.778	-3605.306	169.5284	1.389196	0.382296	0.617704	2.704263
11730	-3431.993	-3600.975	168.9824	1.337969	0.563033	0.436967	3.065563
11736	-3447.421	-3616.783	169.3619	1.439895	0.525818	0.474182	2.775075
11742	-3430.321	-3599.878	169.5572	1.462569	0.567198	0.432802	2.641387
11748	-3437.629	-3607.359	169.7303	1.421441	0.616063	0.383937	2.55969
11754	-3426.729	-3596.654	169.9244	1.49693	0.616063	0.383937	2.390761
11760	-3435.69	-3605.272	169.5816	1.420462	0.608817	0.391183	2.652318
11766	-3450.278	-3619.738	169.4601	1.542021	0.632978	0.367022	2.652318
11772	-3446.206	-3616.129	169.923	1.396079	0.456782	0.543218	2.455238
11778	-3440.905	-3611.166	170.262	1.416049	0.519431	0.480569	2.226954
11784	-3441.872	-3612.006	170.1343	1.543684	0.547798	0.452202	2.226954
11790	-3431.723	-3601.539	169.8162	1.417851	0.557296	0.442704	2.508432
11796	-3432.04	-3601.873	169.8334	1.438631	0.451608	0.548392	2.484722
11802	-3442.63	-3612.305	169.6756	1.287537	0.543478	0.456522	2.676311
11808	-3437.081	-3606.518	169.4375	1.405116	0.450644	0.549356	2.750189
11814	-3436.653	-3606.815	170.1619	1.524001	0.576106	0.423894	2.221882
11820	-3442.971	-3612.727	169.7561	1.38972	0.638268	0.361732	2.563426
11826	-3449.912	-3619.903	169.9911	1.3127	0.710427	0.289573	2.464785
11832	-3451.004	-3620.841	169.8367	1.366349	0.554335	0.445665	2.527762
11838	-3445.508	-3614.88	169.372	1.401094	0.594953	0.405047	2.792549
11844	-3441.894	-3611.301	169.4069	1.305414	0.644675	0.355325	2.829542
11850	-3435.454	-3604.834	169.38	1.332271	0.584411	0.415589	2.829542
11856	-3428.726	-3598.193	169.4671	1.200779	0.55694	0.44306	2.856481
11862	-3431.772	-3600.023	168.2514	1.160864	0.640947	0.359053	3.599967
11868	-3435.4	-3603.454	168.0542	1.358024	0.586504	0.413496	3.599967
11874	-3430.786	-3599.788	169.0026	1.250294	0.562806	0.437194	3.105809
11880	-3442.108	-3610.432	168.3246	1.258669	0.600065	0.399935	3.500457
11886	-3436.46	-3604.539	168.0791	1.188648	0.593109	0.406891	3.683745
11892	-3438.918	-3605.907	166.9888	1.064478	0.522422	0.477578	4.377189
11898	-3448.763	-3615.119	166.3564	1.101589	0.547294	0.452706	4.711659
11904	-3451.382	-3618.457	167.0749	1.109957	0.630928	0.369072	4.302871
11910	-3442.606	-3611.496	168.8895	1.259279	0.626856	0.373144	3.167746
11916	-3443.716	-3611.09	167.3748	1.184737	0.587527	0.412473	4.09017
11922	-3443.555	-3610.657	167.1022	1.149317	0.570728	0.429272	4.265095
11928	-3439.349	-3607.389	168.0398	1.163853	0.67401	0.32599	3.720787
11934	-3436.013	-3605.092	169.0784	1.181877	0.500846	0.499154	3.101418
11940	-3439.425	-3609.157	169.732	1.188101	0.581595	0.418405	2.702736
11946	-3431.465	-3599.53	168.0651	1.173873	0.551018	0.448982	3.700398
11952	-3444.22	-3611.39	167.1705	1.127907	0.566266	0.433734	4.238534
11958	-3432.428	-3601.455	169.0262	1.259108	0.58529	0.41471	3.086531
11964	-3442.972	-3610.953	167.9818	1.261881	0.5772	0.4228	3.697646
11970	-3450.404	-3619.679	169.2755	1.253821	0.5772	0.4228	2.940253
11976	-3451.816	-3619.473	167.6567	1.130993	0.615887	0.384113	3.959891
11982	-3442.225	-3610.494	168.269	1.237719	0.572529	0.427471	3.545049
11988	-3449.636	-3618.161	168.5257	1.201566	0.669491	0.330509	3.416272
11994	-3443.949	-3612.755	168.806	1.134436	0.704181	0.295819	3.291009
12000	-3440.868	-3608.978	168.1098	1.118127	0.653599	0.346401	3.706778
12006	-3441.83	-3608.388	166.5577	1.018216	0.525341	0.474659	4.64563
12012	-3439.402	-3606.595	167.1927	1.083208	0.635643	0.364357	4.251303
12018	-3442.319	-3610.721	168.402	1.125913	0.656382	0.343618	3.532701
12024	-3447.713	-3614.534	166.8215	0.9176987	0.627938	0.372062	4.554074
12030	-3444.642	-3611.721	167.0789	0.9227803	0.536826	0.463174	4.406296
12036	-3440.568	-3608.546	167.978	1.033327	0.517142	0.482858	3.831622
12042	-3440.72	-3608.821	168.1017	1.096542	0.609066	0.390934	3.723881
12048	-3435.827	-3603.303	167.4761	1.090768	0.620225	0.379775	4.086002
12054	-3432.576	-3600.405	167.8286	1.124177	0.620225	0.379775	3.865242
12060	-3439.169	-3605.96	166.7913	1.121727	0.652731	0.347269	4.456291
12066	-3438.365	-3605.512	167.1469	1.220091	0.681826	0.318174	4.199642
12072	-3452.693	-3621.618	168.9244	1.120888	0.557755	0.442245	3.229126
12078	-3452.019	-3618.119	166.0998	1.070004	0.619774	0.380226	4.872535
12084	-3441.657	-3610.102	168.445	1.216694	0.531819	0.468181	3.454654
12090	-3449.787	-3618.992	169.2052	1.231264	0.623617	0.376383	2.99608
12096	-3445.668	-3614.113	168.4451	1.16935	0.567976	0.432024	3.482273
12102	-3442.624	-3611.345	168.7213	1.252054	0.580772	0.419228	3.271592
12108	-3434.673	-3603.495	168.8222	1.151215	0.608544	0.391456	3.271592
12114	-3435.517	-3603.761	168.2436	1.253648	0.608544	0.391456	3.550598
12120	-3436.184	-3604.186	168.0024	1.19455	0.560133	0.439867	3.724663
12126	-3447.222	-3615.741	168.5184	1.25269	0.66192	0.33808	3.390607
12132	-3436.828	-3605.69	168.8617	1.226104	0.571218	0.428782	3.203917
12138	-3434.058	-3603.149	169.0908	1.220414	0.641124	0.358876	3.071028
12144	-3435.597	-3603.418	167.821	1.122494	0.673257	0.326743	3.870605
12150	-3449.34	-3616.808	167.4679	1.166524	0.669625	0.330375	4.047504
12156	-3449.295	-3617.729	168.4334	1.129001	0.671336	0.328664	3.512637
12162	-3439.4	-3608.056	168.656	1.21548	0.634713	0.365287	3.331615
12168	-3437.112	-3605.812	168.7006	1.201385	0.606482	0.393518	3.31368
12174	-3439.097	-3607.679	168.5821	1.244941	0.712721	0.287279	3.357749
12180	-3437.208	-3605.838	168.6302	1.231407	0.626271	0.373729	3.337419
12186	-3440.763	-3609.892	169.1287	1.323603	0.554033	0.445967	2.986547
12192	-3439.281	-3607.758	168.477	1.347666	0.691975	0.308025	3.359137
12198	-3440.914	-3610.388	169.4743	1.434741	0.646032	0.353968	2.709486
12204	-3442.208	-3611.847	169.6393	1.416155	0.646032	0.353968	2.619396
12210	-3446.543	-3616.237	169.6939	1.361556	0.526818	0.473182	2.619396
12216	-3444.993	-3615.15	170.1571	1.337238	0.675866	0.324134	2.34449
12222	-3443.412	-3613.488	170.0756	1.447559	0.598006	0.401994	2.326203
12228	-3445.819	-3615.635	169.8165	1.293977	0.538635	0.461365	2.585328
12234	-3437.282	-3606.25	168.968	1.249037	0.527092	0.472908	3.127191
12240	-3433.141	-3602.227	169.0857	1.257613	0.503534	0.496466	3.051855
12246	-3435.049	-3604.111	169.0623	1.28106	0.67571	0.32429	3.051855
12252	-3433.125	-3601.701	168.576	1.255438	0.539463	0.460537	3.355185
12258	-3433.131	-3601.982	168.8509	1.31758	0.539463	0.460537	3.156051
12264	-3432.452	-3600.835	168.3833	1.249806	0.530257	0.469743	3.471366
12270	-3431.209	-3600.638	169.4297	1.283874	0.61017	0.38983	2.828803
12276	-3440.073	-3609.407	169.3337	1.248194	0.566461	0.433539	2.908539
12282	-3440.604	-3609.213	168.6091	1.227697	0.649854	0.350146	3.35205
12288	-3432.265	-3600.747	168.4822	1.172337	0.642926	0.357074	3.458823
12294	-3435.261	-3602.31	167.0494	1.095495	0.493358	0.506642	4.325477
12300	-3426.516	-3595.144	168.6282	1.221425	0.539184	0.460816	3.344482
12306	-3427.678	-3596.591	168.9128	1.34196	0.583699	0.416301	3.104714
12312	-3425.866	-3594.553	168.6873	1.316002	0.537597	0.462403	3.2539
12318	-3433.012	-3602.508	169.4956	1.31922	0.537597	0.462403	2.767112
12324	-3433.837	-3602.018	168.1807	1.32314	0.590217	0.409783	3.546732
12330	-3435.335	-3603.357	168.0219	1.138052	0.546479	0.453521	3.746033
12336	-3431.568	-3601.551	169.9829	1.301043	0.65156	0.34844	2.47723
12342	-3419.936	-3589.804	169.8683	1.417879	0.574884	0.425116	2.475835
12348	-3421.17	-3591.043	169.8732	1.439745	0.459762	0.540238	2.459059
12354	-3426.171	-3595.635	169.4636	1.29227	0.469473	0.530527	2.803075
12360	-3435.256	-3604.08	168.8244	1.234752	0.520145	0.479855	3.220893
12366	-3438.13	-3605.668	167.538	1.219003	0.529585	0.470415	3.977471
12372	-3426.093	-3595.717	169.6241	1.239721	0.582138	0.417862	2.737221
12378	-3429.465	-3598.388	168.9235	1.320518	0.618969	0.381031	3.111096
12384	-3437.486	-3606.144	168.6579	1.231673	0.45404	0.54596	3.320966
12390	-3444.654	-3614.135	169.4812	1.334362	0.583007	0.416993	2.766658
12396	-3448.244	-3617.595	169.3517	1.257517	0.441207	0.558793	2.89198
12402	-3442.048	-3612.195	170.1463	1.413757	0.496716	0.503284	2.302672
12408	-3451.394	-3621.136	169.7422	1.443718	0.554833	0.445167	2.538486
12414	-3446.612	-3616.006	169.3938	1.344773	0.616691	0.383309	2.813609
12420	-3440.772	-3609.85	169.0773	1.227887	0.616691	0.383309	3.074663
12426	-3458.329	-3626.307	167.9784	1.210718	0.548777	0.451223	3.729169
12432	-3451.286	-3620.149	168.8625	1.243913	0.501855	0.498145	3.192922
12438	-3443.178	-3611.989	168.8106	1.295803	0.560913	0.439087	3.192922
12444	-3453.401	-3621.342	167.9413	1.184991	0.538614	0.461386	3.765411
12450	-3452.012	-3620.716	168.7042	1.202789	0.557626	0.442374	3.310756
12456	-3443.793	-3612.037	168.2441	1.242597	0.542586	0.457414	3.556735
12462	-3434.196	-3602.466	168.2705	1.2162	0.461517	0.538483	3.556735
12468	-3447.884	-3615.437	167.5535	1.182019	0.637882	0.362118	3.989769
12474	-3438.938	-3607.891	168.9528	1.230361	0.558627	0.441373	3.147329
12480	-3445.723	-3615.167	169.4438	1.378182	0.605206	0.394794	2.762765
12486	-3450.509	-3620.061	169.5525	1.374065	0.612441	0.387559	2.698778
12492	-3449.561	-3618.96	169.3991	1.396027	0.507338	0.492662	2.779169
12498	-3448.401	-3618.141	169.7402	1.328751	0.553996	0.446004	2.611031
12504	-3460.642	-3630.359	169.7161	1.395953	0.610173	0.389827	2.584332
12510	-3436.972	-3606.622	169.6495	1.361504	0.610173	0.389827	2.646795
12516	-3434.209	-3602.859	168.6499	1.206022	0.540164	0.459836	3.340808
12522	-3435.043	-3603.679	168.6355	1.262627	0.530195	0.469805	3.315958
12528	-3443.172	-3611.97	168.7976	1.271226	0.496018	0.503982	3.215187
12534	-3443.429	-3612.309	168.8797	1.198438	0.59386	0.40614	3.209669
12540	-3445.254	-3613.149	167.8949	1.062909	0.497052	0.502948	3.862352
12546	-3450.663	-3619.157	168.4937	1.127143	0.534105	0.465895	3.478507
12552	-3444.793	-3612.922	168.1289	1.24674	0.531322	0.468678	3.621242
12558	-3448.378	-3616.628	168.2503	1.125331	0.593649	0.406351	3.621242
12564	-3446.81	-3616.564	169.754	1.352294	0.500462	0.499538	2.587918
12570	-3442.858	-3612.349	169.4913	1.332979	0.583108	0.416892	2.76135
12576	-3434.86	-3605.253	170.3922	1.383016	0.508953	0.491047	2.164005
12582	-3439.005	-3606.817	167.8113	1.180374	0.600101	0.399899	3.842937
12588	-3458.256	-3625.189	166.9325	1.131689	0.602853	0.397147	4.371047
12594	-3445.085	-3613.919	168.8345	1.089987	0.694669	0.305331	3.300448
12600	-3463.268	-3628.937	165.6692	0.9267686	0.633838	0.366162	5.191133
12606	-3457.645	-3624.158	166.5127	1.162552	0.668682	0.331318	4.58997
12612	-3450.363	-3619.081	168.7182	1.161452	0.54735	0.45265	3.326833
12618	-3443.221	-3612.152	168.9304	1.240759	0.625402	0.374598	3.154444
12624	-3442.737	-3611.349	168.612	1.139691	0.607633	0.392367	3.401957
12630	-3448.894	-3617.944	169.0504	1.283248	0.595706	0.404294	3.057664
12636	-3449.554	-3618.332	168.7777	1.266068	0.634454	0.365546	3.229974
12642	-3443.885	-3612.051	168.1666	1.211332	0.552566	0.447434	3.619872
12648	-3439.19	-3606.909	167.7194	1.101189	0.552443	0.447557	3.941085
12654	-3436.309	-3604.063	167.7538	1.137139	0.48477	0.51523	3.900784
12660	-3450.863	-3620.217	169.354	1.27038	0.461474	0.538526	2.88286
12666	-3451.575	-3620.32	168.7456	1.262	0.670236	0.329764	3.25136
12672	-3434.316	-3602.993	168.6769	1.237301	0.608917	0.391083	3.306461
12678	-3453.094	-3621.722	168.6279	1.24013	0.555033	0.444967	3.333642
12684	-3446.458	-3614.66	168.2017	1.12744	0.665774	0.334226	3.64821
12690	-3447.091	-3614.414	167.3228	1.212815	0.665553	0.334447	4.103796
12696	-3437.321	-3606.029	168.7084	1.12215	0.674708	0.325292	3.355725
12702	-3439.817	-3608.88	169.0627	1.362204	0.734305	0.265695	3.003005
12708	-3436.833	-3606.552	169.7188	1.378528	0.671879	0.328121	2.593455
12714	-3431.014	-3600.858	169.8448	1.364934	0.625385	0.374615	2.523626
12720	-3447.831	-3616.374	168.5438	1.195517	0.76797	0.23203	3.409232
12726	-3446.202	-3615.263	169.0615	1.354171	0.629808	0.370192	3.008552
12732	-3443.041	-3611.407	168.3654	1.362364	0.740782	0.259218	3.415989
12738	-3438.066	-3606.005	167.9386	1.213893	0.608081	0.391919	3.750288
12744	-3428.617	-3596.848	168.2311	1.231948	0.64978	0.35022	3.570467
12750	-3439.888	-3606.847	166.959	1.135721	0.70289	0.29711	4.3538
12756	-3443.846	-3612.204	168.3584	1.171132	0.731305	0.268695	3.531784
12762	-3447.418	-3614.871	167.4526	1.177613	0.733855	0.266145	4.049875
12768	-3430.78	-3600.384	169.6039	1.315766	0.704081	0.295919	2.702958
12774	-3428.141	-3598.51	170.3689	1.483252	0.702823	0.297177	2.113809
12780	-3427.507	-3597.873	170.3659	1.486285	0.655446	0.344554	2.113809
12786	-3437.311	-3607.371	170.0592	1.514138	0.655446	0.344554	2.294184
12792	-3447.654	-3617.788	170.1339	1.42901	0.679114	0.320886	2.300813
12798	-3431.046	-3600.032	168.9853	1.338537	0.578953	0.421047	3.063493
12804	-3438.253	-3607.723	169.4695	1.333647	0.581828	0.418172	2.774259
12810	-3449.666	-3618.874	169.2079	1.206711	0.633968	0.366032	3.00915
12816	-3456.113	-3625.013	168.9002	1.308956	0.608168	0.391832	3.131882
12822	-3441.963	-3610.683	168.7203	1.250556	0.666505	0.333495	3.273062
12828	-3450.188	-3619.26	169.0726	1.386651	0.690539	0.309461	2.982358
12834	-3447.414	-3616.551	169.1368	1.322498	0.690539	0.309461	2.982358
12840	-3439.637	-3608.105	168.4677	1.301013	0.636801	0.363199	3.392008
12846	-3448.078	-3616.336	168.2576	1.226016	0.765083	0.234917	3.558486
12852	-3446.841	-3615.76	168.9188	1.182564	0.612156	0.387844	3.195876
12858	-3457.495	-3626.794	169.2994	1.36693	0.623532	0.376468	2.857457
12864	-3440.078	-3610.144	170.066	1.435888	0.630374	0.369626	2.339683
12870	-3444.541	-3614.641	170.1005	1.434873	0.546637	0.453363	2.31839
12876	-3437.672	-3607.529	169.8564	1.463328	0.591984	0.408016	2.454801
12882	-3459.296	-3628.938	169.6421	1.354538	0.701954	0.298046	2.655692
12888	-3442.35	-3612.045	169.695	1.301576	0.548919	0.451081	2.655692
12894	-3439.91	-3608.424	168.5137	1.142051	0.632446	0.367554	3.458117
12900	-3438.309	-3606.617	168.3079	1.132247	0.645375	0.354625	3.583767
12906	-3435.01	-3604.445	169.4345	1.322819	0.66424	0.33576	2.802205
12912	-3431.6	-3600.532	168.9322	1.175692	0.699022	0.300978	3.192006
12918	-3434.643	-3604.481	169.8381	1.340257	0.637162	0.362838	2.54318
12924	-3439.153	-3608.982	169.8293	1.42699	0.766633	0.233367	2.494536
12930	-3439.581	-3608.34	168.7596	1.25177	0.666219	0.333781	3.249142
12936	-3451.385	-3620.224	168.8391	1.138791	0.666219	0.333781	3.268909
12942	-3450.505	-3619.372	168.8669	1.101426	0.704946	0.295054	3.274544
12948	-3436.856	-3604.385	167.5284	1.15657	0.669261	0.330739	4.018637
12954	-3454.369	-3622.133	167.7642	0.9590675	0.65737	0.34263	3.996731
12960	-3454.531	-3620.134	165.6029	1.036876	0.737718	0.262282	5.166871
12966	-3454.266	-3620.849	166.5831	1.139972	0.716223	0.283777	4.563114
12972	-3449.59	-3616.664	167.0736	1.049169	0.68417	0.31583	4.337969
12978	-3437.478	-3605.944	168.4662	1.114794	0.606405	0.393595	3.501804
12984	-3449.552	-3617.927	168.3752	1.221169	0.515172	0.484828	3.492801
12990	-3441.728	-3611.027	169.2984	1.239819	0.615726	0.384274	2.934832
12996	-3433.478	-3601.719	168.2404	1.104943	0.557557	0.442443	3.638819
13002	-3437.563	-3605.779	168.2154	1.129924	0.712677	0.287323	3.638819
13008	-3448.876	-3618.601	169.7247	1.409729	0.58558	0.41442	2.570459
13014	-3436.049	-3605.772	169.7222	1.412271	0.561672	0.438328	2.570459
13020	-3431.087	-3601.317	170.2302	1.350126	0.636934	0.363066	2.289705
13026	-3443.363	-3612.724	169.3606	1.245017	0.651071	0.348929	2.894173
13032	-3441.498	-3611.172	169.6735	1.314899	0.642867	0.357133	2.660743
13038	-3441.671	-3611.038	169.3664	1.314899	0.515213	0.484787	2.848364
13044	-3444.507	-3614.229	169.7222	1.317226	0.515213	0.484787	2.629268
13050	-3439.991	-3609.285	169.2943	1.379117	0.515213	0.484787	2.85314
13056	-3437.573	-3606.57	168.9976	1.343099	0.580943	0.419057	3.053446
13062	-3433.937	-3603.6	169.663	1.342737	0.62925	0.37075	2.650085
13068	-3440.929	-3610.619	169.6899	1.315757	0.674504	0.325496	2.650085
13074	-3433.239	-3603.736	170.4972	1.526694	0.617718	0.382282	2.000352
13080	-3431.484	-3601.831	170.3469	1.525439	0.687525	0.312475	2.100559
13086	-3448.915	-3618.577	169.662	1.552731	0.645822	0.354178	2.520523
13092	-3452.151	-3622.48	170.329	1.479739	0.66457	0.33543	2.142204
13098	-3437.511	-3607.828	170.317	1.504471	0.658112	0.341888	2.133849
13104	-3446.224	-3616.394	170.1698	1.540594	0.5768	0.4232	2.206023
13110	-3461.271	-3631.904	170.633	1.540594	0.509122	0.490878	1.899667
13116	-3436.739	-3607.403	170.6644	1.509228	0.58574	0.41426	1.899667
13122	-3435.592	-3605.816	170.2232	1.464226	0.60036	0.39964	2.220896
13128	-3446.235	-3615.308	169.0726	1.341995	0.607	0.393	3.009165
13134	-3445.96	-3614.876	168.9161	1.32527	0.617923	0.382077	3.1127
13140	-3430.606	-3600.144	169.5384	1.449038	0.597777	0.402223	2.661351
13146	-3436.658	-3606.411	169.7526	1.469696	0.577916	0.422084	2.515773
13152	-3427.995	-3598.374	170.3792	1.454029	0.698785	0.301215	2.12618
13158	-3434.544	-3604.099	169.5551	1.412071	0.605087	0.394913	2.673806
13164	-3440.557	-3610.232	169.6745	1.292662	0.477142	0.522858	2.673806
13170	-3433.54	-3602.763	169.2236	1.396947	0.477142	0.522858	2.885129
13176	-3440.173	-3609.053	168.8801	1.268009	0.615307	0.384693	3.16815
13182	-3431.743	-3600.305	168.5621	1.180948	0.533731	0.466269	3.407021
13188	-3436.385	-3605.318	168.933	1.151365	0.503354	0.496646	3.20597
13194	-3440.447	-3609.335	168.8883	1.150689	0.569462	0.430538	3.232806
13200	-3440.257	-3608.608	168.3511	1.145262	0.564012	0.435988	3.551076
13206	-3444.84	-3613.387	168.5473	1.183412	0.684093	0.315907	3.414261
13212	-3453.435	-3623.449	170.0139	1.319797	0.612193	0.387807	2.446023
13218	-3431.883	-3601.736	169.8534	1.48481	0.711361	0.288639	2.443196
13224	-3443.013	-3613.392	170.3793	1.52187	0.563868	0.436132	2.081626
13230	-3437.273	-3607.877	170.6038	1.701197	0.563868	0.436132	1.809724
13236	-3432.889	-3603.535	170.6459	1.606074	0.648542	0.351458	1.846257
13242	-3445.09	-3615.467	170.3769	1.499122	0.648542	0.351458	2.098138
13248	-3445.128	-3615.443	170.3151	1.518324	0.743156	0.256844	2.12606
13254	-3435.581	-3606.082	170.5011	1.55892	0.642643	0.357357	1.976234
13260	-3435.435	-3606.343	170.9078	1.644263	0.621945	0.378055	1.635643
13266	-3425.081	-3596.037	170.9565	1.595557	0.598865	0.401135	1.635643
13272	-3435.665	-3606.094	170.4288	1.595557	0.655869	0.344131	2.000044
13278	-3431.349	-3601.703	170.3545	1.491323	0.70985	0.29015	2.117977
13284	-3434.016	-3604.551	170.5348	1.648756	0.661549	0.338451	1.89292
13290	-3438.837	-3609.667	170.8295	1.575612	0.592945	0.407055	1.740027
13296	-3451.355	-3621.467	170.1122	1.453359	0.604257	0.395743	2.299152
13302	-3437.689	-3608.259	170.5702	1.515168	0.631874	0.368126	1.959236
13308	-3434.537	-3604.909	170.3725	1.515168	0.57569	0.42431	2.090533
13314	-3446.774	-3617.104	170.3301	1.483615	0.680041	0.319959	2.13896
13320	-3425.634	-3595.816	170.1822	1.516014	0.642699	0.357301	2.213916
13326	-3426.693	-3596.967	170.2737	1.538166	0.623819	0.376181	2.140141
13332	-3431.792	-3602.046	170.2541	1.518767	0.5272	0.4728	2.165558
13338	-3433.17	-3603.745	170.5742	1.451015	0.622612	0.377388	1.999446
13344	-3444.21	-3613.962	169.7526	1.345027	0.616343	0.383657	2.593282
13350	-3428.484	-3598.661	170.177	1.438975	0.679779	0.320221	2.266839
13356	-3427.958	-3598.236	170.2781	1.476992	0.68633	0.31367	2.177063
13362	-3444.207	-3614.286	170.0792	1.610609	0.563772	0.436228	2.219318
13368	-3425.041	-3595.094	170.0525	1.470137	0.72084	0.27916	2.326519
13374	-3419.973	-3590.411	170.4386	1.606216	0.68779	0.31221	1.986418
13380	-3423.778	-3594.429	170.6515	1.636101	0.699828	0.300172	1.821762
13386	-3429.893	-3600.168	170.2752	1.478566	0.630073	0.369927	2.177927
13392	-3436.894	-3606.516	169.6217	1.535365	0.62605	0.37395	2.556389
13398	-3446.875	-3616.161	169.2858	1.353353	0.648125	0.351875	2.873887
13404	-3444.17	-3613.689	169.5189	1.40415	0.617467	0.382533	2.700914
13410	-3436.242	-3603.637	167.3951	1.221232	0.65454	0.34546	4.057802
13416	-3427.704	-3596.557	168.8533	1.18894	0.610803	0.389197	3.230919
13422	-3430.726	-3599.534	168.8078	1.234444	0.644616	0.355384	3.230919
13428	-3439.721	-3608.324	168.6033	1.17629	0.500425	0.499575	3.385616
13434	-3437.618	-3606.309	168.6909	1.203472	0.651121	0.348879	3.318168
13440	-3445.042	-3614.105	169.0623	1.261266	0.68233	0.31767	3.063689
13446	-3441.221	-3610.01	168.7887	1.279659	0.668376	0.331624	3.215434
13452	-3434.748	-3604.046	169.2984	1.387612	0.618903	0.381097	2.8455
13458	-3437.715	-3605.951	168.236	1.280736	0.556062	0.443938	3.539205
13464	-3444.644	-3613.545	168.9011	1.178941	0.539149	0.460851	3.208524
13470	-3444.884	-3613.763	168.8791	1.167865	0.492585	0.507415	3.228107
13476	-3436.379	-3605.717	169.3379	1.283066	0.565036	0.434964	2.884879
13482	-3435.885	-3604.889	169.0043	1.258535	0.53147	0.46853	3.099884
13488	-3441.165	-3609.253	168.0881	1.147025	0.524038	0.475962	3.70261
13494	-3440.242	-3609.382	169.1408	1.246926	0.570693	0.429307	3.025266
13500	-3443.957	-3613.602	169.6443	1.349851	0.532224	0.467776	2.657224
13506	-3448.268	-3618.005	169.7367	1.284508	0.692902	0.307098	2.640536
13512	-3446.959	-3616.962	170.0021	1.435651	0.620769	0.379231	2.380378
13518	-3438.473	-3608.795	170.3227	1.423271	0.599017	0.400983	2.183035
13524	-3442.035	-3612.192	170.1572	1.561049	0.557823	0.442177	2.200954
13530	-3446.773	-3615.802	169.0283	1.314071	0.53337	0.46663	3.052434
13536	-3443.829	-3613.305	169.4755	1.21541	0.525489	0.474511	2.842544
13542	-3453.557	-3622.325	168.7681	1.16712	0.501925	0.498075	3.294124
13548	-3444.418	-3613.168	168.7492	1.167893	0.602582	0.397418	3.3048
13554	-3446.629	-3615.082	168.4523	1.238307	0.612778	0.387222	3.437772
13560	-3435.293	-3603.659	168.366	1.144647	0.579281	0.420719	3.542802
13566	-3434.202	-3602.411	168.2096	1.247802	0.593945	0.406055	3.573722
13572	-3441.599	-3610.279	168.6806	1.255681	0.604108	0.395892	3.29346
13578	-3433.49	-3602.357	168.8666	1.346271	0.627872	0.372128	3.129665
13584	-3431.861	-3601.993	170.1315	1.455444	0.621924	0.378076	2.285427
13590	-3426.136	-3595.228	169.0924	1.215119	0.596244	0.403756	3.073263
13596	-3432.752	-3600.936	168.184	1.136706	0.497661	0.502339	3.653044
13602	-3432.704	-3600.881	168.1776	1.174067	0.647942	0.352058	3.63514
13608	-3431.192	-3599.434	168.2421	1.193424	0.644262	0.355738	3.586452
13614	-3439.353	-3607.546	168.1936	1.241983	0.574616	0.425384	3.586452
13620	-3434.798	-3603.895	169.0972	1.297487	0.494188	0.505812	3.021119
13626	-3434.034	-3603.681	169.6472	1.301885	0.668428	0.331572	2.684902
13632	-3434.478	-3603.739	169.2613	1.279112	0.560531	0.439469	2.933517
13638	-3445.483	-3615.91	170.4272	1.457409	0.673161	0.326839	2.092554
13644	-3441.729	-3612.156	170.4272	1.457409	0.57683	0.42317	2.092554
13650	-3439.197	-3610.055	170.8572	1.4402	0.536755	0.463245	1.814979
13656	-3433.125	-3604.198	171.0731	1.62594	0.536755	0.463245	1.52817
13662	-3429.212	-3600.019	170.8066	1.551507	0.651597	0.348403	1.772901
13668	-3426.456	-3597.259	170.8025	1.562629	0.614669	0.385331	1.767994
13674	-3427.959	-3598.514	170.5544	1.501564	0.596666	0.403334	1.978912
13680	-3426.96	-3597.368	170.4077	1.470565	0.559381	0.440619	2.096704
13686	-3427.386	-3597.794	170.4077	1.470565	0.518607	0.481393	2.096704
13692	-3431.686	-3601.789	170.1029	1.454881	0.546854	0.453146	2.304082
13698	-3431.366	-3601.382	170.0162	1.460114	0.632394	0.367606	2.355946
13704	-3428.903	-3598.959	170.0565	1.427305	0.528253	0.471747	2.351212
13710	-3438.661	-3608.738	170.0764	1.507158	0.567866	0.432134	2.287607
13716	-3432.33	-3601.58	169.2497	1.289188	0.579313	0.420687	2.934432
13722	-3433.051	-3600.996	167.9451	1.282737	0.674697	0.325303	3.706789
13728	-3431.639	-3600.167	168.5277	1.31168	0.674697	0.325303	3.350491
13734	-3436.639	-3605.806	169.1671	1.270448	0.608607	0.391393	2.995413
13740	-3453.914	-3623.58	169.6656	1.276288	0.458633	0.541367	2.689341
13746	-3434.707	-3603.499	168.7922	1.143211	0.549474	0.450526	3.29399
13752	-3430.315	-3598.179	167.8637	1.120537	0.392344	0.607656	3.847179
13758	-3435.396	-3603.589	168.1937	1.30005	0.626956	0.373044	3.552596
13764	-3439.011	-3608.348	169.3361	1.31045	0.699196	0.300804	2.869404
13770	-3438.474	-3608.228	169.7544	1.436937	0.699196	0.300804	2.535086
13776	-3437.122	-3607.115	169.9923	1.493571	0.699196	0.300804	2.349869
13782	-3451.509	-3620.814	169.3049	1.398118	0.607285	0.392715	2.835164
13788	-3444.975	-3615.154	170.179	1.553259	0.607285	0.392715	2.191884
13794	-3444.235	-3614.825	170.5898	1.502459	0.70532	0.29468	1.954588
13800	-3441.366	-3612.19	170.8242	1.56569	0.623725	0.376275	1.750715
13806	-3441.157	-3612.063	170.9054	1.572375	0.594259	0.405741	1.688739
13812	-3449.601	-3618.369	168.7679	1.356227	0.714241	0.285759	3.182419
13818	-3434.932	-3603.656	168.7233	1.398999	0.662814	0.337186	3.183461
13824	-3436.51	-3606.298	169.7874	1.352664	0.613696	0.386304	2.566972
13830	-3442.215	-3612.242	170.0267	1.310445	0.620355	0.379645	2.443888
13836	-3428.432	-3598.268	169.8352	1.417239	0.574064	0.425936	2.496952
13842	-3421.398	-3591.853	170.4552	1.416218	0.55871	0.44129	2.10121
13848	-3423.505	-3592.514	169.0082	1.398001	0.542381	0.457619	3.014219
13854	-3421.067	-3590.946	169.8797	1.289301	0.542991	0.457009	2.548992
13860	-3451.105	-3620.35	169.2442	1.234442	0.585657	0.414343	2.970697
13866	-3451.474	-3620.876	169.402	1.296331	0.593609	0.406391	2.838057
13872	-3441.035	-3610.495	169.4596	1.290766	0.494757	0.505243	2.80643
13878	-3436.074	-3606.374	170.2997	1.345241	0.579584	0.420416	2.248225
13884	-3434.809	-3604.643	169.834	1.378014	0.655483	0.344517	2.522223
13890	-3439.904	-3609.733	169.8288	1.42706	0.645821	0.354179	2.49485
13896	-3440.255	-3610.043	169.788	1.306673	0.643824	0.356176	2.595133
13902	-3439.861	-3609.239	169.3776	1.340158	0.707464	0.292536	2.826254
13908	-3436.666	-3606.126	169.4609	1.292105	0.635796	0.364204	2.804829
13914	-3444.971	-3615.878	170.9066	1.641351	0.531752	0.468248	1.638612
13920	-3451.737	-3622.669	170.9317	1.616196	0.620609	0.379391	1.638612
13926	-3452.997	-3624.058	171.0608	1.608096	0.642508	0.357492	1.550495
13932	-3445.361	-3616.52	171.159	1.731382	0.575887	0.424113	1.382366
13938	-3445.786	-3616.842	171.0565	1.762164	0.605354	0.394646	1.437932
13944	-3443.047	-3614.103	171.0565	1.762164	0.565775	0.434225	1.437932
13950	-3441.42	-3612.506	171.0857	1.715177	0.611132	0.388868	1.45154
13956	-3447.003	-3617.853	170.8494	1.674178	0.526021	0.473979	1.656055
13962	-3452.731	-3623.786	171.055	1.674178	0.758363	0.241637	1.505705
13968	-3466.21	-3637.171	170.9612	1.722676	0.775843	0.224157	1.539372
13974	-3437.365	-3606.926	169.5612	1.308936	0.466273	0.533727	2.73334
13980	-3450.482	-3619.103	168.6205	1.090846	0.596819	0.403181	3.425622
13986	-3448.699	-3618.718	170.0185	1.47762	0.600759	0.399241	2.343371
13992	-3451.819	-3621.914	170.0957	1.400473	0.605075	0.394925	2.343371
13998	-3447.23	-3617.334	170.1038	1.33438	0.578533	0.421467	2.380159
14004	-3444.493	-3613.677	169.1836	1.365886	0.695932	0.304068	2.928088
14010	-3445.642	-3614.24	168.598	1.25183	0.65356	0.34644	3.344353
14016	-3450.691	-3619.935	169.2442	1.239845	0.636465	0.363535	2.967469
14022	-3449.404	-3616.681	167.2769	1.210647	0.602149	0.397851	4.13117
14028	-3450.001	-3617.32	167.319	1.168464	0.468817	0.531183	4.13117
14034	-3441.352	-3610.873	169.5218	1.400943	0.592307	0.407693	2.701081
14040	-3443.146	-3613.219	170.0727	1.505502	0.592307	0.407693	2.291034
14046	-3437.545	-3607.545	170.0002	1.312049	0.592307	0.407693	2.459468
14052	-3421.298	-3590.53	169.2319	1.26302	0.509047	0.490953	2.960918
14058	-3424.939	-3594.13	169.1916	1.35802	0.503081	0.496919	2.928019
14064	-3431.592	-3600.186	168.594	1.158675	0.581681	0.418319	3.401378
14070	-3426.861	-3594.964	168.1032	1.128635	0.581681	0.418319	3.704487
14076	-3435.171	-3603.588	168.4176	1.174953	0.492362	0.507638	3.495027
14082	-3436.271	-3604.79	168.5183	1.074274	0.594503	0.405497	3.495027
14088	-3434.094	-3603.038	168.9448	1.257372	0.510007	0.489993	3.136051
14094	-3449.567	-3619.29	169.7231	1.317998	0.630343	0.369657	2.628255
14100	-3439.366	-3608.654	169.2887	1.259198	0.495825	0.504175	2.929048
14106	-3428.081	-3597.644	169.5633	1.362543	0.495825	0.504175	2.699196
14112	-3446.371	-3615.869	169.4979	1.251342	0.610993	0.389007	2.807125
14118	-3440.654	-3608.619	167.9648	1.087576	0.585359	0.414641	3.807997
14124	-3430.618	-3597.966	167.3483	1.166307	0.585359	0.414641	4.115771
14130	-3434.602	-3601.846	167.2439	1.119063	0.647622	0.352378	4.201922
14136	-3424.084	-3591.831	167.7465	1.156969	0.658837	0.341163	3.893555
14142	-3428.492	-3597.287	168.7953	1.360164	0.576281	0.423719	3.163797
14148	-3430.866	-3600.62	169.7536	1.277214	0.558345	0.441655	2.63462
14154	-3432.097	-3601.537	169.4395	1.311854	0.576622	0.423378	2.805818
14160	-3433.263	-3603.293	170.0292	1.382059	0.500155	0.499845	2.397178
14166	-3431.714	-3601.93	170.2163	1.477122	0.528096	0.471904	2.216997
14172	-3440.699	-3610.794	170.0946	1.466776	0.507742	0.492258	2.301785
14178	-3449.301	-3619.495	170.1943	1.575987	0.596639	0.403361	2.167198
14184	-3435.813	-3606.235	170.4217	1.512093	0.5694	0.4306	2.06013
14190	-3441.336	-3611.527	170.1908	1.433063	0.590344	0.409656	2.261807
14196	-3438.534	-3609.437	170.9034	1.621247	0.531283	0.468717	1.655342
14202	-3440.915	-3611.539	170.6239	1.596365	0.592169	0.407831	1.867924
14208	-3451.376	-3622.04	170.6641	1.629755	0.592169	0.407831	1.817435
14214	-3447.899	-3618.474	170.5754	1.560173	0.488884	0.511116	1.925418
14220	-3439.173	-3608.904	169.7309	1.383564	0.624649	0.375351	2.582832
14226	-3443.495	-3613.251	169.7564	1.358119	0.584866	0.415134	2.582832
14232	-3430.628	-3600.561	169.9327	1.429875	0.599984	0.400016	2.427888
14238	-3429.67	-3599.391	169.7214	1.416117	0.599984	0.400016	2.568581
14244	-3427.203	-3597.572	170.3692	1.423652	0.599984	0.400016	2.15256
14250	-3434.844	-3605.432	170.5882	1.450342	0.412577	0.587423	1.990561
14256	-3439.379	-3609.519	170.1395	1.450108	0.552156	0.447844	2.283762
14262	-3438.575	-3607.974	169.3982	1.410306	0.485995	0.514005	2.770985
14268	-3437.034	-3607.22	170.1856	1.459041	0.459612	0.540388	2.248413
14274	-3452.721	-3623.662	170.9404	1.620739	0.527351	0.472649	1.629085
14280	-3460.096	-3630.889	170.7931	1.63919	0.571922	0.428078	1.720905
14286	-3446.963	-3617.441	170.4777	1.452222	0.619055	0.380945	2.062678
14292	-3441.084	-3611.178	170.094	1.587985	0.583935	0.416065	2.224397
14298	-3435.277	-3605.296	170.0192	1.417095	0.486062	0.513938	2.381325
14304	-3434.693	-3604.922	170.2295	1.522918	0.571345	0.428655	2.178824
14310	-3430.94	-3600.867	169.9274	1.369907	0.591208	0.408792	2.468897
14316	-3425.099	-3594.709	169.6107	1.343306	0.543899	0.456101	2.681882
14322	-3425.086	-3595.008	169.9219	1.510275	0.543899	0.456101	2.383913
14328	-3424.619	-3594.905	170.2861	1.491794	0.619008	0.380992	2.16227
14334	-3432.229	-3602.648	170.4192	1.464338	0.619008	0.380992	2.093248
14340	-3426.3	-3595.238	168.938	1.283087	0.602094	0.397906	3.124801
14346	-3431.549	-3600.515	168.9656	1.255463	0.507949	0.492051	3.124801
14352	-3427.324	-3596.941	169.6164	1.374013	0.532738	0.467262	2.659535
14358	-3439.299	-3609.653	170.3536	1.449594	0.538561	0.461439	2.145814
14364	-3437.504	-3607.989	170.4854	1.452525	0.646021	0.353979	2.057429
14370	-3439.97	-3610.467	170.4975	1.557203	0.471661	0.528339	1.979802
14376	-3435.329	-3605.865	170.5365	1.518178	0.630728	0.369272	1.979802
14382	-3433.067	-3603.519	170.452	1.461617	0.573934	0.426066	2.07341
14388	-3437.71	-3606.703	168.9926	1.337101	0.490621	0.509379	3.059974
14394	-3435.652	-3605.617	169.965	1.319384	0.573023	0.426977	2.47695
14400	-3428.149	-3597.763	169.6138	1.384294	0.580178	0.419822	2.654762
14406	-3431.55	-3601.543	169.9925	1.43154	0.580178	0.419822	2.389064
14412	-3437.146	-3607.18	170.0346	1.455044	0.477174	0.522826	2.347473
14418	-3435.88	-3606.428	170.548	1.425539	0.561402	0.438598	2.03381
14424	-3435.129	-3605.203	170.0749	1.455428	0.561402	0.438598	2.321637
14430	-3452.355	-3622.614	170.2595	1.429478	0.76116	0.23884	2.219894
14436	-3441.052	-3611.628	170.5762	1.597868	0.537695	0.462305	1.899374
14442	-3443.45	-3613.658	170.2083	1.397627	0.696965	0.303035	2.273278
14448	-3443.316	-3613.151	169.835	1.381916	0.655384	0.344616	2.519153
14454	-3436.597	-3604.993	168.3952	1.151846	0.561171	0.438829	3.521545
14460	-3444.852	-3612.398	167.5463	1.257416	0.584779	0.415221	3.950762
14466	-3444.626	-3613.393	168.7668	1.257881	0.655451	0.344549	3.24126
14472	-3459.928	-3628.578	168.6508	1.32076	0.613856	0.386144	3.272636
14478	-3463.555	-3632.511	168.9559	1.34194	0.596096	0.403904	3.079043
14484	-3444.025	-3615.277	171.2518	1.787268	0.502107	0.497893	1.262775
14490	-3451.199	-3622.353	171.1548	1.793636	0.531021	0.468979	1.336419
14496	-3451.68	-3622.801	171.1213	1.7378	0.664309	0.335691	1.406735
14502	-3446.13	-3617.355	171.2253	1.7378	0.677288	0.322712	1.324694
14508	-3434.96	-3606.287	171.3275	1.758049	0.63713	0.36287	1.223916
14514	-3429.811	-3600.964	171.153	1.734834	0.572384	0.427616	1.38432
14520	-3422.108	-3593.371	171.2626	1.737776	0.56458	0.43542	1.294526
14526	-3423.683	-3594.916	171.2329	1.829617	0.56458	0.43542	1.243227
14532	-3423.965	-3595.324	171.3597	1.858045	0.564309	0.435691	1.108119
14538	-3434.927	-3606.276	171.3482	1.869482	0.693054	0.306946	1.108119
14544	-3438.06	-3609.411	171.3511	1.764304	0.591204	0.408796	1.198434
14550	-3448.659	-3619.791	171.132	1.636987	0.547937	0.452063	1.475713
14556	-3447.863	-3618.752	170.8891	1.597543	0.562789	0.437211	1.682464
14562	-3444.137	-3614.958	170.8212	1.53834	0.549516	0.450484	1.771903
14568	-3437.54	-3608.526	170.9858	1.602024	0.527695	0.472305	1.609741
14574	-3435.335	-3606.254	170.9196	1.602024	0.623841	0.376159	1.657452
14580	-3433.35	-3604.231	170.8813	1.640359	0.557134	0.442866	1.657452
14586	-3442.445	-3612.557	170.1125	1.409171	0.564442	0.435558	2.327152
14592	-3439.454	-3609.059	169.6052	1.353783	0.631238	0.368762	2.678858
14598	-3436.063	-3605.183	169.1203	1.199263	0.615455	0.384545	3.066066
14604	-3431.613	-3601.213	169.6001	1.294284	0.557155	0.442845	2.718477
14610	-3431.829	-3601.514	169.6846	1.38555	0.621021	0.378979	2.610293
14616	-3426.231	-3595.409	169.178	1.269784	0.544425	0.455575	2.989264
14622	-3428.602	-3597.484	168.882	1.280205	0.544425	0.455575	3.159778
14628	-3434.808	-3603.146	168.3383	1.237253	0.544425	0.455575	3.504975
14634	-3428.993	-3596.497	167.504	1.11616	0.544425	0.455575	4.055599
14640	-3434.704	-3601.925	167.2207	0.9481333	0.544425	0.455575	4.311932
14646	-3430.519	-3598.368	167.8482	1.092441	0.544425	0.455575	3.872228
14652	-3431.436	-3600.303	168.8675	1.226838	0.544425	0.455575	3.200078
14658	-3447.004	-3616.089	169.0843	1.400032	0.553055	0.446945	2.967298
14664	-3448.805	-3618.933	170.128	1.44832	0.553055	0.446945	2.292257
14670	-3444.677	-3614.539	169.8619	1.417865	0.675835	0.324165	2.479857
14676	-3440.685	-3610.672	169.9871	1.310617	0.553785	0.446215	2.468619
14682	-3436.147	-3605.702	169.5549	1.265079	0.587891	0.412109	2.763985
14688	-3439.895	-3609.91	170.0147	1.378184	0.652103	0.347897	2.408768
14694	-3452.036	-3620.707	168.6708	1.313321	0.480343	0.519657	3.26523
14700	-3442.327	-3611.144	168.8176	1.166534	0.572141	0.427859	3.26523
14706	-3442.587	-3610.095	167.5076	0.9954355	0.633039	0.366961	4.122341
14712	-3441.576	-3610.384	168.8083	1.362136	0.663714	0.336286	3.154877
14718	-3450.102	-3618.75	168.6484	1.137581	0.715959	0.284041	3.381854
14724	-3452.767	-3620.384	167.6171	1.031876	0.715959	0.284041	4.039173
14730	-3440.03	-3608.891	168.861	1.293082	0.563247	0.436753	3.164588
14736	-3437.976	-3606.637	168.661	1.207655	0.648929	0.351071	3.333297
14742	-3442.877	-3611.527	168.6501	1.226404	0.657838	0.342162	3.328689
14748	-3448.829	-3618.473	169.6441	1.248221	0.569097	0.430903	2.719721
14754	-3439.115	-3609.132	170.0165	1.322768	0.726654	0.273346	2.442496
14760	-3432.257	-3601.495	169.2379	1.328028	0.65204	0.34796	2.918132
14766	-3436.051	-3605.814	169.763	1.383357	0.673791	0.326209	2.563093
14772	-3440.073	-3609.86	169.7869	1.404962	0.713504	0.286496	2.53474
14778	-3442.863	-3612.742	169.8793	1.312556	0.688454	0.311546	2.53474
14784	-3445.133	-3614.653	169.5197	1.244519	0.581785	0.418215	2.797956
14790	-3443.115	-3611.84	168.7251	1.261861	0.717637	0.282363	3.263595
14796	-3441.07	-3609.886	168.8166	1.227323	0.571889	0.428111	3.229916
14802	-3442.512	-3610.677	168.1648	1.200297	0.571889	0.428111	3.627364
14808	-3446.315	-3614.915	168.5995	1.331017	0.56164	0.43836	3.296892
14814	-3444.572	-3613.707	169.1347	1.332508	0.443887	0.556113	2.977595
14820	-3435.894	-3605.73	169.8361	1.350523	0.619432	0.380568	2.538049
14826	-3436.598	-3606.119	169.5204	1.255155	0.63761	0.36239	2.791077
14832	-3433.767	-3602.944	169.1773	1.280364	0.564682	0.435318	2.98335
14838	-3431.211	-3600.348	169.1364	1.295983	0.603832	0.396168	2.998526
14844	-3435.514	-3604.791	169.2763	1.321799	0.575098	0.424902	2.898742
14850	-3438.8	-3608.893	170.0932	1.361093	0.546546	0.453454	2.36991
14856	-3431.781	-3601.875	170.0943	1.391716	0.561085	0.438915	2.349802
14862	-3437.297	-3607.336	170.0387	1.414328	0.503908	0.496092	2.370733
14868	-3439.901	-3609.981	170.0801	1.372924	0.525903	0.474097	2.370733
14874	-3428.289	-3596.26	167.9709	1.235285	0.573018	0.426982	3.719313
14880	-3436.15	-3605.495	169.3452	1.257816	0.550154	0.449846	2.895762
14886	-3442.768	-3612.625	169.8578	1.386195	0.464784	0.535216	2.502215
14892	-3433.308	-3603.035	169.7272	1.387271	0.574612	0.425388	2.582824
14898	-3436.861	-3605.905	169.0436	1.33477	0.652026	0.347974	3.030908
14904	-3443.23	-3613.078	169.8481	1.362763	0.603096	0.396904	2.52289
14910	-3437.243	-3606.942	169.6989	1.294251	0.607638	0.392362	2.657793
14916	-3429.331	-3598.136	168.8054	1.239025	0.504835	0.495165	3.229612
14922	-3433.099	-3601.446	168.347	1.17817	0.595145	0.404855	3.534329
14928	-3432.806	-3601.39	168.5839	1.219445	0.572164	0.427836	3.371648
14934	-3446.887	-3615.925	169.0379	1.20919	0.572164	0.427836	3.109266
14940	-3435.951	-3605.361	169.4096	1.344411	0.621629	0.378371	2.804203
14946	-3431.658	-3600.815	169.1568	1.322916	0.632253	0.367747	2.970071
14952	-3449.223	-3619.838	170.6154	1.408859	0.679965	0.320035	2.000089
14958	-3439.221	-3609.383	170.1615	1.508405	0.691762	0.308238	2.2322
14964	-3441.103	-3611.236	170.1326	1.501875	0.602666	0.397334	2.254955
14970	-3440.877	-3611.395	170.5183	1.564756	0.60691	0.39309	1.960781
14976	-3440.983	-3610.92	169.9375	1.571948	0.647501	0.352499	2.334909
14982	-3428.782	-3599.399	170.617	1.571948	0.673563	0.326437	1.889239
14988	-3437.061	-3607.805	170.7441	1.570653	0.463105	0.536895	1.803008
14994	-3444.099	-3613.202	169.1023	1.171133	0.61304	0.38696	3.09357
15000	-3439.662	-3608.523	168.8609	1.248191	0.509434	0.490566	3.191292
15006	-3430.452	-3600.133	169.6806	1.358675	0.509434	0.490566	2.629354
15012	-3433.304	-3602.76	169.4556	1.299297	0.592492	0.407508	2.803672
15018	-3444.894	-3612.902	168.0077	1.104816	0.59773	0.40227	3.773385
15024	-3441.998	-3610.145	168.1467	1.143064	0.557829	0.442171	3.670982
15030	-3452.797	-3620.907	168.1101	1.179715	0.593227	0.406773	3.670982
15036	-3443.133	-3611.27	168.1374	1.152407	0.563618	0.436382	3.670982
15042	-3433.586	-3601.734	168.1479	1.150427	0.582768	0.417232	3.666046
15048	-3438.736	-3606.973	168.2371	1.154428	0.543101	0.456899	3.61202
15054	-3430.12	-3597.107	166.9868	1.056389	0.543101	0.456899	4.382875
15060	-3434.711	-3602.304	167.5937	1.037454	0.486961	0.513039	4.049315
15066	-3437.834	-3605.372	167.5381	1.093056	0.661327	0.338673	4.049315
15072	-3452.174	-3620.29	168.1161	1.11147	0.544719	0.455281	3.706967
15078	-3443.482	-3611.686	168.2035	1.119013	0.619039	0.380961	3.652032
15084	-3442.158	-3609.203	167.0443	1.040307	0.551207	0.448793	4.359529
15090	-3441.26	-3608.142	166.882	1.06694	0.551207	0.448793	4.436054
15096	-3443.915	-3611.205	167.2897	1.077163	0.502152	0.497848	4.199746
15102	-3450.339	-3619.343	169.0037	1.179697	0.502152	0.497848	3.147173
15108	-3445.068	-3613.148	168.0796	1.182507	0.548809	0.451191	3.68702
15114	-3452.841	-3620.258	167.4168	1.156237	0.597729	0.402271	4.082448
15120	-3453.789	-3622.962	169.1725	1.161683	0.491064	0.508936	3.0573
15126	-3439.09	-3608.306	169.2155	1.255256	0.459854	0.540146	2.975465
15132	-3446.774	-3615.76	168.9857	1.269781	0.62842	0.37158	3.104274
15138	-3435.226	-3605.087	169.8616	1.342168	0.626491	0.373509	2.527349
15144	-3431.606	-3602.356	170.7503	1.54764	0.592752	0.407248	1.814628
15150	-3436.207	-3607.119	170.9118	1.67129	0.493001	0.506999	1.613199
15156	-3442.363	-3613.367	171.0037	1.67129	0.485805	0.514195	1.545949
15162	-3441.913	-3612.532	170.6195	1.647825	0.637935	0.362065	1.835691
15168	-3443.911	-3614.879	170.9676	1.678681	0.525838	0.474162	1.567126
15174	-3447.954	-3618.886	170.9321	1.637238	0.617072	0.382928	1.623127
15180	-3448.122	-3618.34	170.2186	1.492616	0.617391	0.382609	2.205525
15186	-3439.024	-3609.003	169.9792	1.318763	0.661421	0.338579	2.468436
15192	-3443.524	-3613.338	169.8145	1.413619	0.5946	0.4054	2.512133
15198	-3439.131	-3609.5	170.3689	1.395614	0.60289	0.39711	2.170963
15204	-3438.131	-3607.895	169.7641	1.35205	0.701042	0.298958	2.581831
15210	-3441.959	-3612.055	170.0964	1.374349	0.501639	0.498361	2.359468
15216	-3448.387	-3617.398	169.0117	1.155261	0.569965	0.430035	3.156971
15222	-3441.288	-3610.839	169.5515	1.361377	0.639423	0.360577	2.707166
15228	-3455.48	-3625.04	169.5602	1.352631	0.690798	0.309202	2.707166
15234	-3451.314	-3621.309	169.995	1.437709	0.468225	0.531775	2.383587
15240	-3444.994	-3615.264	170.2703	1.503997	0.547161	0.452839	2.164633
15246	-3442.981	-3612.889	169.9084	1.458161	0.468141	0.531859	2.42533
15252	-3434.175	-3604.459	170.284	1.504509	0.468141	0.531859	2.155378
15258	-3440.375	-3610.679	170.3042	1.484327	0.618566	0.381434	2.155378
15264	-3440.418	-3610.565	170.1473	1.455833	0.543401	0.456599	2.275074
15270	-3448.58	-3618.754	170.1731	1.54129	0.583693	0.416307	2.203446
15276	-3434.538	-3605.01	170.4723	1.495464	0.556488	0.443512	2.037668
15282	-3436.272	-3606.769	170.497	1.470778	0.61622	0.38378	2.037668
15288	-3441.384	-3611.877	170.4929	1.513666	0.472159	0.527841	2.011891
15294	-3442.365	-3613.254	170.8883	1.555218	0.496106	0.503894	1.713018
15300	-3441.724	-3612.582	170.8577	1.528051	0.686376	0.313624	1.753605
15306	-3434.437	-3604.745	170.3082	1.431687	0.680228	0.319772	2.186976
15312	-3437.056	-3607.181	170.1245	1.489119	0.445302	0.554698	2.268384
15318	-3442.455	-3612.977	170.5214	1.599796	0.742269	0.257731	1.93514
15324	-3431.662	-3602.754	171.0916	1.69772	0.565715	0.434285	1.460315
15330	-3430.39	-3601.022	170.6318	1.645159	0.565715	0.434285	1.829033
15336	-3433.153	-3604.112	170.9581	1.71813	0.545036	0.454964	1.545029
15342	-3440.081	-3611.085	171.0043	1.668682	0.545036	0.454964	1.547462
15348	-3442.075	-3612.719	170.6445	1.692152	0.606706	0.393294	1.787811
15354	-3448.922	-3620.144	171.2215	2.079476	0.617914	0.382086	1.02983
15360	-3443.664	-3614.859	171.1944	1.887831	0.523989	0.476011	1.226674
15366	-3434.364	-3605.346	170.9817	1.818631	0.539059	0.460941	1.45189
15372	-3439.044	-3610.238	171.1938	1.926801	0.708076	0.291924	1.193972
15378	-3440.706	-3612.088	171.3824	2.008993	0.633015	0.366985	0.93788
15384	-3439.434	-3610.804	171.3697	1.943053	0.672173	0.327827	1.018315
15390	-3445.063	-3616.395	171.3314	1.904956	0.428043	0.571957	1.091017
15396	-3448.149	-3619.574	171.4246	1.790076	0.643379	0.356621	1.110923
15402	-3452.031	-3623.358	171.3275	1.786162	0.643379	0.356621	1.199925
15408	-3437.04	-3607.999	170.9588	1.663344	0.52639	0.47361	1.584815
15414	-3430.549	-3601.367	170.8187	1.641917	0.610876	0.389124	1.700888
15420	-3436.959	-3606.862	169.9031	1.433908	0.471544	0.528456	2.443961
15426	-3441.784	-3611.566	169.7816	1.39803	0.471544	0.528456	2.542389
15432	-3435.452	-3604.713	169.2609	1.235901	0.501883	0.498117	2.959794
15438	-3438.963	-3608.256	169.2933	1.505381	0.632199	0.367801	2.776992
15444	-3438.469	-3607.726	169.2565	1.321615	0.628864	0.371136	2.910767
15450	-3442.597	-3611.87	169.2734	1.261131	0.599223	0.400777	2.93708
15456	-3441.584	-3610.983	169.3998	1.282791	0.530988	0.469012	2.847565
15462	-3434.765	-3604.04	169.2755	1.372201	0.530988	0.469012	2.868751
15468	-3424.536	-3594.553	170.0174	1.474065	0.574026	0.425974	2.346332
15474	-3431.016	-3601.025	170.0085	1.482952	0.568878	0.431122	2.346332
15480	-3435.35	-3605.734	170.3842	1.488527	0.6574	0.3426	2.100302
15486	-3438.631	-3608.405	169.7732	1.263861	0.6574	0.3426	2.630715
15492	-3443.591	-3612.514	168.9223	1.256045	0.582258	0.417742	3.150185
15498	-3440.472	-3610.526	170.0543	1.358343	0.582258	0.417742	2.39628
15504	-3445.121	-3615.362	170.2414	1.385998	0.551142	0.448858	2.259523
15510	-3444.133	-3614.349	170.2157	1.314608	0.550378	0.449622	2.321621
15516	-3451.913	-3621.039	169.1254	1.307919	0.538559	0.461441	2.997929
15522	-3443.763	-3614.476	170.7121	1.648207	0.559763	0.440237	1.771393
15528	-3447.778	-3618.563	170.7849	1.648207	0.606944	0.393056	1.720339
15534	-3441.13	-3612.036	170.9068	1.61304	0.606944	0.393056	1.658741
15540	-3446.077	-3617.278	171.2012	1.620833	0.481792	0.518208	1.435354
15546	-3435.869	-3606.843	170.974	1.778836	0.649807	0.350193	1.487923
15552	-3444.756	-3615.454	170.6977	1.709388	0.519384	0.480616	1.738687
15558	-3449.708	-3620.585	170.8763	1.621585	0.519384	0.480616	1.674465
15564	-3436.354	-3606.989	170.6355	1.637245	0.596699	0.403301	1.831958
15570	-3436.098	-3606.902	170.8041	1.66792	0.689152	0.310848	1.692867
15576	-3438.324	-3608.86	170.536	1.4569	0.576187	0.423813	2.020985
15582	-3436.776	-3607.301	170.5252	1.583582	0.612028	0.387972	1.943501
15588	-3430.478	-3601.164	170.6853	1.569806	0.655491	0.344509	1.844055
15594	-3441.636	-3612.499	170.863	1.686942	0.670655	0.329345	1.637182
15600	-3438.599	-3609.387	170.7874	1.726848	0.638152	0.361848	1.662731
15606	-3445.78	-3616.881	171.1005	1.726848	0.543583	0.456417	1.431224
15612	-3450.155	-3621.113	170.9582	1.717405	0.52687	0.47313	1.545507
15618	-3434.562	-3605.645	171.0831	1.717405	0.506012	0.493988	1.451816
15624	-3437.401	-3608.64	171.2382	1.651598	0.618767	0.381233	1.382783
15630	-3444.804	-3615.623	170.8188	1.655382	0.468127	0.531873	1.691331
15636	-3448.788	-3619.429	170.6404	1.612963	0.627629	0.372371	1.845244
15642	-3456.918	-3626.533	169.6152	1.326082	0.51596	0.48404	2.689737
15648	-3446.987	-3615.294	168.3066	1.248951	0.575904	0.424096	3.5166
15654	-3438.717	-3607.516	168.799	1.269304	0.57924	0.42076	3.21549
15660	-3449.468	-3618.878	169.41	1.218598	0.655597	0.344403	2.880311
15666	-3447.61	-3616.484	168.8747	1.185435	0.655597	0.344403	3.220289
15672	-3437.252	-3606.078	168.826	1.23416	0.49393	0.50607	3.220289
15678	-3429.787	-3599.552	169.7655	1.303454	0.538445	0.461555	2.611054
15684	-3444.601	-3614.774	170.1721	1.487783	0.536107	0.463893	2.238623
15690	-3443.013	-3613.267	170.2539	1.406022	0.583174	0.416826	2.238623
15696	-3434.673	-3605.223	170.5509	1.435913	0.436723	0.563277	2.025057
15702	-3433.857	-3604.487	170.6292	1.498138	0.494845	0.505155	1.930956
15708	-3441.966	-3611.58	169.6142	1.383507	0.62406	0.37594	2.655
15714	-3447.557	-3617.823	170.2659	1.396553	0.587722	0.412278	2.236981
15720	-3438.078	-3606.998	168.9196	1.303598	0.634648	0.365352	3.123533
15726	-3450.003	-3618.649	168.6457	1.171226	0.46317	0.53683	3.363687
15732	-3440.899	-3608.835	167.936	1.24473	0.612631	0.387369	3.733995
15738	-3440.477	-3607.486	167.0087	0.9789008	0.52124	0.47876	4.414244
15744	-3444.738	-3611.325	166.5874	1.174199	0.536657	0.463343	4.541488
15750	-3444.091	-3611.873	167.7822	1.104205	0.615735	0.384265	3.903334
15756	-3443.041	-3611.75	168.7088	1.141635	0.597596	0.402404	3.34398
15762	-3443.846	-3611.924	168.0779	1.216739	0.546586	0.453414	3.668184
15768	-3437.568	-3606.589	169.0212	1.235559	0.578489	0.421511	3.103518
15774	-3436.937	-3606.366	169.4286	1.370223	0.528855	0.471145	2.776922
15780	-3444.42	-3614.23	169.8093	1.50461	0.617316	0.382684	2.45848
15786	-3438.794	-3608.52	169.7261	1.479023	0.611029	0.388971	2.526513
15792	-3442.125	-3612.07	169.9449	1.382742	0.457025	0.542975	2.449855
15798	-3438.366	-3607.546	169.1798	1.276435	0.53168	0.46832	2.984163
15804	-3432.571	-3601.57	168.9987	1.32723	0.529684	0.470316	3.062244
15810	-3431.926	-3601.234	169.3083	1.355979	0.479462	0.520538	2.858693
15816	-3423.495	-3592.871	169.3766	1.296341	0.549828	0.450172	2.85342
15822	-3433.766	-3603.693	169.9275	1.293648	0.453782	0.546218	2.5165
15828	-3447.492	-3617.457	169.9659	1.434612	0.610026	0.389974	2.403938
15834	-3431.919	-3601.682	169.7634	1.395746	0.473015	0.526985	2.555116
15840	-3429.36	-3599.623	170.2636	1.506291	0.473015	0.526985	2.167492
15846	-3431.212	-3601.222	170.0093	1.510686	0.594519	0.405481	2.328183
15852	-3427.873	-3597.392	169.5188	1.443916	0.659136	0.340864	2.676577
15858	-3420.653	-3590.381	169.7287	1.405875	0.542568	0.457432	2.570398
15864	-3434.249	-3603.949	169.7	1.434549	0.611843	0.388157	2.570398
15870	-3429.389	-3599.725	170.336	1.438575	0.514096	0.485904	2.16445
15876	-3431.944	-3601.929	169.9845	1.420992	0.619835	0.380165	2.400767
15882	-3445.354	-3616.004	170.65	1.560678	0.317733	0.682267	1.874494
15888	-3440.547	-3611.384	170.8369	1.559863	0.610767	0.389233	1.745881
15894	-3435.609	-3606.152	170.5436	1.479525	0.619513	0.380487	2.00089
15900	-3431.01	-3600.885	169.8748	1.424662	0.530016	0.469984	2.467542
15906	-3439.779	-3610.186	170.4068	1.425108	0.600127	0.399873	2.127064
15912	-3439.47	-3609.832	170.3617	1.463957	0.519603	0.480397	2.131149
15918	-3443.436	-3613.567	170.1316	1.463957	0.540793	0.459207	2.279921
15924	-3435.977	-3606.044	170.0666	1.41302	0.574844	0.425156	2.353842
15930	-3443.612	-3613.314	169.7017	1.352408	0.460561	0.539439	2.620242
15936	-3445.918	-3615.603	169.6852	1.363426	0.695773	0.304227	2.623572
15942	-3438.028	-3607.128	169.0999	1.213888	0.468268	0.531732	3.069514
15948	-3439.179	-3607.027	167.8481	1.072093	0.61922	0.38078	3.883947
15954	-3444.862	-3612.799	167.9367	1.100211	0.567028	0.432972	3.816909
15960	-3434.171	-3602	167.8287	1.112974	0.547085	0.452915	3.871649
15966	-3437.517	-3605.674	168.1575	1.181415	0.458526	0.541474	3.64253
15972	-3435.862	-3604.003	168.1418	1.197134	0.471046	0.528954	3.64253
15978	-3433.265	-3602.632	169.3672	1.304182	0.507888	0.492112	2.8544
15984	-3428.356	-3596.93	168.5739	1.204951	0.599727	0.400273	3.386036
15990	-3440.643	-3609.258	168.6148	1.221289	0.532204	0.467796	3.352449
15996	-3452.759	-3622.328	169.5694	1.426314	0.48608	0.51392	2.656211
16002	-3446.615	-3616.004	169.3892	1.246276	0.643811	0.356189	2.876099
16008	-3439.427	-3608.873	169.4461	1.222991	0.516785	0.483215	2.855773
16014	-3443.782	-3613.637	169.8551	1.3017	0.481946	0.518054	2.556592
16020	-3440.455	-3610.658	170.2031	1.321578	0.603585	0.396415	2.325227
16026	-3443.37	-3613.383	170.0134	1.339699	0.579286	0.420714	2.433822
16032	-3438.009	-3606.982	168.9738	1.162778	0.564457	0.435543	3.174998
16038	-3437.329	-3606.293	168.9632	1.31348	0.595258	0.404742	3.091668
16044	-3450.559	-3618.865	168.3065	1.173253	0.451686	0.548314	3.560779
16050	-3439.529	-3607.295	167.7664	1.179382	0.487039	0.512961	3.8693
16056	-3439.977	-3609.277	169.2997	1.237964	0.719541	0.280459	2.935183
16062	-3443.55	-3611.802	168.252	1.259114	0.578213	0.421787	3.542481
16068	-3448.753	-3617.869	169.1159	1.230328	0.533323	0.466677	3.050098
16074	-3440.367	-3609.8	169.4328	1.296627	0.476984	0.523016	2.819121
16080	-3447.188	-3616.462	169.2737	1.403844	0.675087	0.324913	2.850653
16086	-3449.822	-3619.888	170.0663	1.394468	0.631176	0.368824	2.365832
16092	-3457.317	-3627.579	170.262	1.35796	0.637068	0.362932	2.264269
16098	-3457.572	-3627.822	170.2505	1.369459	0.658309	0.341691	2.264269
16104	-3445.136	-3615.037	169.9009	1.429934	0.490213	0.509787	2.447807
16110	-3440.569	-3610.166	169.5972	1.27846	0.538483	0.461517	2.729936
16116	-3431.625	-3601.197	169.5717	1.25913	0.576926	0.423074	2.757356
16122	-3444.845	-3614.159	169.3142	1.226114	0.446263	0.553737	2.933627
16128	-3433.997	-3602.64	168.6426	1.214485	0.533126	0.466874	3.340085
16134	-3452.213	-3620.653	168.4396	1.183613	0.73749	0.26251	3.477136
16140	-3448.421	-3617.591	169.1697	1.341924	0.619414	0.380586	2.950892
16146	-3455.024	-3624.214	169.1904	1.321236	0.609485	0.390515	2.950892
16152	-3456.69	-3626.701	170.0111	1.408958	0.65648	0.34352	2.391607
16158	-3449.055	-3619.457	170.4021	1.442539	0.635014	0.364986	2.118736
16164	-3433.942	-3604.406	170.4647	1.532759	0.635014	0.364986	2.017921
16170	-3433.939	-3604.684	170.7447	1.650088	0.503528	0.496472	1.747294
16176	-3439.457	-3610.115	170.6583	1.631171	0.571995	0.428005	1.820433
16182	-3442.959	-3613.769	170.8104	1.528181	0.602713	0.397287	1.786495
16188	-3452.171	-3622.484	170.3138	1.500999	0.510355	0.489645	2.138264
16194	-3447.622	-3618.027	170.4055	1.473167	0.446391	0.553609	2.096398
16200	-3446.735	-3617.206	170.4711	1.52403	0.53014	0.46986	2.019479
16206	-3447.613	-3618.46	170.847	1.64285	0.590226	0.409774	1.680129
16212	-3438.175	-3609.103	170.9274	1.631833	0.572743	0.427257	1.630434
16218	-3440.269	-3611.428	171.1595	1.860271	0.572743	0.427257	1.278654
16224	-3440.257	-3611.115	170.8576	1.714078	0.572743	0.427257	1.621487
16230	-3442.001	-3612.601	170.5997	1.544207	0.559549	0.440451	1.919784
16236	-3440.032	-3610.631	170.5993	1.495346	0.682649	0.317351	1.953006
16242	-3440.241	-3610.273	170.0319	1.517901	0.532749	0.467251	2.3092
16248	-3457.168	-3626.836	169.6684	1.53427	0.776824	0.223176	2.528
16254	-3440.966	-3611.268	170.3015	1.421096	0.687163	0.312837	2.198144
16260	-3442.604	-3611.265	168.661	1.376536	0.696575	0.303425	3.233683
16266	-3445.606	-3614.207	168.6002	1.272393	0.65559	0.34441	3.330991
16272	-3443.642	-3611.778	168.1356	1.264975	0.65559	0.34441	3.606737
16278	-3448.133	-3616.597	168.4633	1.162286	0.561622	0.438378	3.475756
16284	-3440.41	-3607.929	167.5188	1.165764	0.56479	0.43521	4.01885
16290	-3442.571	-3611.522	168.9514	1.269939	0.625742	0.374258	3.124659
16296	-3437.7	-3605.495	167.7952	1.244752	0.627176	0.372824	3.815163
16302	-3439.541	-3608.454	168.9128	1.254807	0.64143	0.35857	3.156556
16308	-3445.116	-3613.814	168.6982	1.205219	0.525879	0.474121	3.312837
16314	-3441.347	-3608.626	167.2787	1.161727	0.603305	0.396695	4.157913
16320	-3453.833	-3621.771	167.9385	1.14052	0.535838	0.464162	3.792645
16326	-3452.58	-3620.745	168.1651	1.233444	0.603877	0.396123	3.607954
16332	-3452.728	-3621.397	168.6689	1.176499	0.556218	0.443782	3.346943
16338	-3446.582	-3615.966	169.3843	1.343577	0.652716	0.347284	2.820063
16344	-3450.584	-3620.039	169.4546	1.295268	0.518956	0.481044	2.806704
16350	-3459.776	-3628.213	168.4371	1.148919	0.521361	0.478639	3.498871
16356	-3456.205	-3624.097	167.892	1.179191	0.478367	0.521633	3.797146
16362	-3447.895	-3615.626	167.7304	1.114519	0.528372	0.471628	3.927113
16368	-3455.125	-3623.26	168.1345	1.10859	0.528372	0.471628	3.697998
16374	-3463.225	-3630.767	167.5416	1.114361	0.608543	0.391457	4.035173
16380	-3450.461	-3621.014	170.5532	1.514791	0.693493	0.306507	1.970863
16386	-3443.15	-3613.238	170.0888	1.577915	0.592297	0.407703	2.234244
16392	-3444.569	-3615.215	170.6462	1.411357	0.717422	0.282578	1.977873
16398	-3435.176	-3605.567	170.3915	1.511092	0.622868	0.377132	2.080706
16404	-3443.451	-3613.788	170.3369	1.56568	0.561143	0.438857	2.080706
16410	-3452.609	-3619.814	167.2044	1.004693	0.51895	0.48105	4.289154
16416	-3450.332	-3617.547	167.2152	0.9938424	0.690569	0.309431	4.289154
16422	-3447.107	-3613.969	166.8624	1.076519	0.520467	0.479533	4.441711
16428	-3446.296	-3615.2	168.9047	1.195159	0.672652	0.327348	3.196769
16434	-3431.948	-3601.727	169.7785	1.389974	0.672652	0.327348	2.549335
16440	-3432.592	-3603.158	170.566	1.493953	0.59727	0.40273	1.976275
16446	-3441.979	-3612.293	170.3144	1.400698	0.695288	0.304712	2.202984
16452	-3443.318	-3613.389	170.0712	1.391916	0.697689	0.302311	2.364323
16458	-3439.045	-3609.079	170.0343	1.428868	0.546628	0.453372	2.364323
16464	-3434.594	-3604.71	170.116	1.494472	0.672556	0.327444	2.270394
16470	-3442.975	-3613.825	170.8498	1.539568	0.54303	0.45697	1.751058
16476	-3446.423	-3616.545	170.1221	1.541384	0.708627	0.291373	2.236329
16482	-3432.846	-3603.214	170.3678	1.327111	0.672868	0.327132	2.216073
16488	-3430.853	-3600.641	169.7883	1.373138	0.590565	0.409435	2.553676
16494	-3430.109	-3599.866	169.7566	1.404826	0.57608	0.42392	2.553676
16500	-3438.724	-3607.173	168.4489	1.297147	0.657635	0.342365	3.405303
16506	-3429.034	-3599.319	170.285	1.384337	0.649097	0.350903	2.232545
16512	-3433.787	-3604.147	170.3595	1.475993	0.599974	0.400026	2.124689
16518	-3441.849	-3612.291	170.4411	1.498644	0.637711	0.362289	2.056211
16524	-3441.345	-3611.881	170.5358	1.530693	0.5887	0.4113	1.971862
16530	-3438.965	-3609.865	170.9005	1.587019	0.637237	0.362763	1.681841
16536	-3441.498	-3611.911	170.4134	1.453374	0.500705	0.499295	2.104198
16542	-3443.448	-3613.999	170.5512	1.375191	0.683291	0.316709	2.065018
16548	-3446.82	-3616.87	170.0498	1.442701	0.551722	0.448278	2.345675
16554	-3449.127	-3618.321	169.194	1.285837	0.61015	0.38985	2.970011
16560	-3445.545	-3615.136	169.5918	1.481349	0.61015	0.38985	2.608446
16566	-3442.498	-3611.82	169.3216	1.283237	0.687642	0.312358	2.894646
16572	-3439.701	-3610.259	170.5586	1.449129	0.515848	0.484152	2.011136
16578	-3437.893	-3607.674	169.7814	1.40577	0.613375	0.386625	2.5377
16584	-3445.498	-3615.545	170.0473	1.467717	0.551554	0.448446	2.331379
16590	-3445.866	-3616.24	170.3742	1.591653	0.60679	0.39321	2.038929
16596	-3443.377	-3613.633	170.2564	1.467265	0.669253	0.330747	2.197451
16602	-3443.798	-3613.375	169.5765	1.343175	0.556472	0.443528	2.702952
16608	-3440.192	-3609.389	169.1973	1.232151	0.646752	0.353248	3.000273
16614	-3440.695	-3609.388	168.6924	1.317598	0.544486	0.455514	3.249984
16620	-3441.174	-3609.218	168.0447	1.151549	0.727503	0.272497	3.725065
16626	-3448.012	-3617.105	169.0927	1.324204	0.519545	0.480455	3.007791
16632	-3447.064	-3616.286	169.2225	1.273049	0.67704	0.32296	2.960542
16638	-3449.66	-3618.779	169.1192	1.376345	0.488889	0.511111	2.960542
16644	-3440.315	-3609.509	169.1935	1.369936	0.542744	0.457256	2.91965
16650	-3441.985	-3611.007	169.0221	1.29088	0.54983	0.45017	3.070016
16656	-3438.89	-3607.937	169.0466	1.244406	0.54558	0.45442	3.083137
16662	-3443.04	-3611.814	168.774	1.173169	0.626823	0.373177	3.287048
16668	-3448.512	-3617.19	168.6782	1.149225	0.565675	0.434325	3.357526
16674	-3446.589	-3614.673	168.0837	1.128467	0.572089	0.427911	3.715863
16680	-3442.505	-3610.919	168.4138	1.19819	0.597657	0.402343	3.483711
16686	-3435.692	-3604.83	169.1377	1.297721	0.597657	0.402343	2.996694
16692	-3445.39	-3614.787	169.3967	1.42319	0.707722	0.292278	2.764042
16698	-3443.798	-3613.26	169.4615	1.363221	0.566293	0.433707	2.761072
16704	-3450.999	-3619.945	168.945	1.389604	0.60392	0.39608	3.057058
16710	-3437.877	-3607.251	169.3741	1.406172	0.633091	0.366909	2.788207
16716	-3431.142	-3600.976	169.8341	1.405586	0.659141	0.340859	2.504934
16722	-3440.077	-3610.243	170.1659	1.479358	0.581315	0.418685	2.248029
16728	-3443.046	-3612.357	169.311	1.370316	0.676224	0.323776	2.848356
16734	-3447.738	-3616.941	169.2033	1.185331	0.637248	0.362752	3.024742
16740	-3446.585	-3614.43	167.8452	1.193518	0.64262	0.35738	3.81586
16746	-3442.422	-3611.195	168.7736	1.276797	0.592318	0.407682	3.226047
16752	-3445.7	-3614.003	168.3032	1.271744	0.418804	0.581196	3.505314
16758	-3441.872	-3610.586	168.7142	1.251824	0.526908	0.473092	3.275951
16764	-3447.307	-3615.678	168.3712	1.112988	0.530436	0.469564	3.558161
16770	-3454.838	-3622.706	167.8681	1.220461	0.551931	0.448069	3.787198
16776	-3448.936	-3617.829	168.8932	1.159009	0.656295	0.343705	3.225022
16782	-3438.408	-3607.358	168.9494	1.278679	0.571509	0.428491	3.1206
16788	-3430.408	-3599.049	168.6416	1.206126	0.647216	0.352784	3.34563
16794	-3439.336	-3607.837	168.501	1.211774	0.651088	0.348912	3.4248
16800	-3435.512	-3604.393	168.881	1.238542	0.651088	0.348912	3.185126
16806	-3433.456	-3602.705	169.2491	1.233362	0.630382	0.369618	2.968449
16812	-3421.43	-3590.691	169.2613	1.263509	0.580353	0.419647	2.942952
16818	-3437.778	-3607.116	169.3383	1.243095	0.576045	0.423955	2.908834
16824	-3431.91	-3601.234	169.3239	1.245308	0.610516	0.389484	2.916167
16830	-3429.194	-3597.749	168.5546	1.2077	0.626407	0.373593	3.395744
16836	-3427.952	-3596.718	168.7669	1.138888	0.5501	0.4499	3.311462
16842	-3423.063	-3591.926	168.8629	1.303425	0.602339	0.397661	3.157367
16848	-3420.913	-3590.755	169.842	1.412918	0.700973	0.299027	2.495423
16854	-3426.491	-3596.337	169.8458	1.40914	0.68083	0.31917	2.495423
16860	-3433.21	-3603.128	169.9189	1.355299	0.636158	0.363842	2.483375
16866	-3457.431	-3627.167	169.7353	1.356093	0.463196	0.536804	2.597133
16872	-3446.889	-3617.15	170.261	1.479699	0.657413	0.342587	2.186425
16878	-3445.945	-3616.026	170.0812	1.512376	0.724045	0.275955	2.281219
16884	-3429.265	-3598.682	169.4174	1.248971	0.627276	0.372724	2.85744
16890	-3430.468	-3599.04	168.5721	1.204568	0.643859	0.356141	3.387316
16896	-3433.187	-3602.531	169.3443	1.416889	0.560639	0.439361	2.799822
16902	-3431.251	-3601.365	170.1139	1.387385	0.605158	0.394842	2.340083
16908	-3433.638	-3603.58	169.9421	1.384643	0.621071	0.378929	2.450416
16914	-3437.194	-3607.079	169.8848	1.417624	0.709795	0.290205	2.465637
16920	-3445.606	-3615.732	170.1256	1.496738	0.661441	0.338559	2.262758
16926	-3445.066	-3615.55	170.4838	1.416151	0.551096	0.448904	2.082444
16932	-3445.275	-3615.308	170.0332	1.404315	0.673319	0.326681	2.38056
16938	-3446.754	-3617.464	170.7096	1.475708	0.568701	0.431299	1.891741
16944	-3440.931	-3611.406	170.4753	1.472922	0.539841	0.460159	2.050592
16950	-3435.706	-3605.686	169.98	1.445033	0.619782	0.380218	2.388423
16956	-3440.521	-3610.533	170.0124	1.391743	0.568971	0.431029	2.401627
16962	-3453.013	-3622.773	169.7595	1.467452	0.519605	0.480395	2.512901
16968	-3440.548	-3610.225	169.6765	1.339172	0.552316	0.447684	2.64396
16974	-3449.594	-3619.122	169.5277	1.464586	0.455125	0.544875	2.658371
16980	-3449.129	-3619.375	170.2464	1.646843	0.55359	0.44641	2.086832
16986	-3439.87	-3610.443	170.5734	1.583008	0.55359	0.44641	1.911337
16992	-3441.176	-3611.878	170.7023	1.494736	0.632297	0.367703	1.883746
16998	-3432.098	-3603.103	171.0053	1.663039	0.632297	0.367703	1.550851
17004	-3428.953	-3599.366	170.4124	1.552691	0.728483	0.271517	2.03943
17010	-3426.169	-3596.695	170.5267	1.497493	0.691613	0.308387	2.000156
17016	-3438.829	-3609.231	170.4023	1.480956	0.61212	0.38788	2.093427
17022	-3442.358	-3613.193	170.8356	1.49567	0.722255	0.277745	1.791578
17028	-3444.427	-3615.358	170.9308	1.644896	0.698744	0.301256	1.618542
17034	-3450.862	-3621.788	170.9259	1.648276	0.647843	0.352157	1.619663
17040	-3436.526	-3607.141	170.6149	1.570805	0.623223	0.376777	1.891464
17046	-3430.301	-3601.242	170.9417	1.7036	0.57853	0.42147	1.567812
17052	-3435.639	-3606.374	170.7349	1.773248	0.530463	0.469537	1.667092
17058	-3433.911	-3604.797	170.8855	1.665272	0.588727	0.411273	1.636534
17064	-3429.709	-3600.688	170.9791	1.571678	0.608336	0.391664	1.636534
17070	-3444.141	-3615.027	170.8859	1.664901	0.636658	0.363342	1.636534
17076	-3438.317	-3609.218	170.9011	1.592682	0.666933	0.333067	1.677393
17082	-3444.365	-3615.249	170.8844	1.609337	0.666933	0.333067	1.677393
17088	-3447.394	-3618.648	171.254	1.667159	0.702722	0.297278	1.358117
17094	-3443.82	-3615.016	171.1958	1.750177	0.643826	0.356174	1.338388
17100	-3431.37	-3602.505	171.1345	1.829567	0.674408	0.325592	1.323879
17106	-3429.165	-3600.351	171.1854	1.828962	0.670614	0.329386	1.283137
17112	-3432.255	-3603.617	171.3618	1.880635	0.617601	0.382399	1.085435
17118	-3443.472	-3614.753	171.2811	1.880635	0.591792	0.408208	1.158246
17124	-3437.911	-3609.085	171.1739	1.804759	0.589987	0.410013	1.31211
17130	-3444.58	-3615.402	170.8223	1.758033	0.537371	0.462629	1.615185
17136	-3444.402	-3615.341	170.9394	1.64634	0.712477	0.287523	1.611318
17142	-3446.174	-3616.786	170.6121	1.552596	0.517869	0.482131	1.905704
17148	-3447.935	-3618.474	170.5392	1.531032	0.625614	0.374386	1.969353
17154	-3442.655	-3613.214	170.5583	1.48198	0.615698	0.384302	1.989433
17160	-3442.521	-3613.133	170.6121	1.570914	0.614583	0.385417	1.893294
17166	-3459.413	-3630.323	170.9095	1.740087	0.562441	0.437559	1.564718
17172	-3441.904	-3612.404	170.5002	1.582951	0.536259	0.463741	1.960698
17178	-3450.77	-3620.926	170.1555	1.597891	0.506729	0.493271	2.178174
17184	-3443.333	-3613.141	169.8076	1.385471	0.520456	0.479544	2.534007
17190	-3437.12	-3607.004	169.8831	1.596501	0.520456	0.479544	2.353862
17196	-3439.615	-3608.966	169.3509	1.410385	0.470837	0.529163	2.799788
17202	-3444.726	-3614.121	169.395	1.366208	0.515317	0.484683	2.799788
17208	-3441.553	-3611.289	169.736	1.366208	0.382468	0.617532	2.590473
17214	-3440.944	-3610.898	169.9538	1.440319	0.609855	0.390145	2.407999
17220	-3438.782	-3608.846	170.0644	1.461494	0.677668	0.322332	2.324427
17226	-3437.38	-3607.246	169.8659	1.43391	0.677668	0.322332	2.467317
17232	-3445.792	-3615.69	169.8974	1.4024	0.498069	0.501931	2.467317
17238	-3441.029	-3610.696	169.6675	1.341969	0.439596	0.560404	2.647752
17244	-3441.185	-3610.651	169.4666	1.340773	0.497079	0.502921	2.771676
17250	-3442.227	-3610.872	168.6454	1.296422	0.507238	0.492762	3.290233
17256	-3441.419	-3609.871	168.4525	1.260136	0.438285	0.561715	3.424857
17262	-3440.92	-3608.891	167.9706	1.182062	0.661127	0.338873	3.750212
17268	-3452.288	-3620.053	167.7645	1.141929	0.661127	0.338873	3.891851
17274	-3454.724	-3622.924	168.1997	1.159374	0.573269	0.426731	3.630836
17280	-3449.644	-3617.723	168.0793	1.173237	0.410036	0.589964	3.692525
17286	-3439.953	-3607.387	167.4336	1.106294	0.553342	0.446658	4.101343
17292	-3447.866	-3616.229	168.3631	1.134379	0.462774	0.537226	3.550465
17298	-3448.113	-3617.363	169.2493	1.268927	0.504666	0.495334	2.946884
17304	-3439.852	-3609.035	169.1832	1.28732	0.516558	0.483442	2.975614
17310	-3452.559	-3621.988	169.429	1.329552	0.569878	0.430122	2.801434
17316	-3447.215	-3616.648	169.4333	1.325274	0.609568	0.390432	2.801434
17322	-3442.846	-3612.783	169.9367	1.425967	0.463144	0.536856	2.427819
17328	-3437.042	-3607.546	170.5034	1.425967	0.474859	0.525141	2.063061
17334	-3443.993	-3614.214	170.2203	1.429497	0.611678	0.388322	2.245151
17340	-3451.347	-3621.304	169.9572	1.429497	0.492604	0.507396	2.41263
17346	-3447.586	-3617.306	169.7203	1.434329	0.637958	0.362042	2.557908
17352	-3442.046	-3610.944	168.8983	1.311194	0.538906	0.461094	3.131698
17358	-3436.278	-3605.933	169.6549	1.337419	0.555466	0.444534	2.658314
17364	-3446.902	-3616.059	169.1574	1.199431	0.562942	0.437058	3.043776
17370	-3448.569	-3618.192	169.6233	1.359198	0.545208	0.454792	2.664349
17376	-3452.853	-3621.462	168.609	1.21761	0.46963	0.53037	3.358013
17382	-3463.735	-3632.826	169.0916	1.345513	0.624666	0.375334	2.995656
17388	-3456.602	-3625.748	169.1455	1.291595	0.634697	0.365303	2.995656
17394	-3452.387	-3621.213	168.8258	1.244532	0.533523	0.466477	3.214294
17400	-3452.993	-3620.9	167.9067	1.036472	0.541413	0.458587	3.87077
17406	-3463.092	-3630.555	167.4623	1.093938	0.449181	0.550819	4.092072
17412	-3450.851	-3619.064	168.2127	1.240363	0.611374	0.388626	3.576293
17418	-3446.041	-3614.94	168.8988	1.154908	0.489516	0.510484	3.22413
17424	-3447.838	-3615.459	167.6201	1.006671	0.668706	0.331294	4.051829
17430	-3444.017	-3611.885	167.8674	1.142509	0.689718	0.310282	3.832454
17436	-3432.176	-3599.998	167.8225	1.079833	0.60649	0.39351	3.894204
17442	-3446.397	-3616.093	169.6952	1.337437	0.610128	0.389872	2.633456
17448	-3448.758	-3618.472	169.7133	1.319387	0.525635	0.474365	2.633456
17454	-3441.247	-3610.1	168.8526	1.392569	0.467407	0.532593	3.110448
17460	-3447.87	-3616.693	168.8229	1.310325	0.516625	0.483375	3.177007
17466	-3457.169	-3626.093	168.9243	1.208924	0.562914	0.437086	3.177007
17472	-3437.254	-3605.085	167.8306	1.087633	0.567212	0.432788	3.885108
17478	-3428.74	-3596.581	167.8404	1.077805	0.584642	0.415358	3.885108
17484	-3436.924	-3605.24	168.3167	1.120116	0.603788	0.396212	3.585727
17490	-3441.634	-3610.119	168.4849	1.190165	0.578571	0.421429	3.446831
17496	-3444.884	-3614.102	169.2176	1.200281	0.607757	0.392243	3.007216
17502	-3442.391	-3610.671	168.2802	1.203189	0.564345	0.435655	3.558626
17508	-3439.78	-3606.962	167.182	0.9969594	0.652592	0.347408	4.306206
17514	-3441.407	-3610.075	168.6681	1.158546	0.697708	0.302292	3.358003
17520	-3436.088	-3606.135	170.0468	1.367998	0.734021	0.265979	2.39491
17526	-3443.522	-3613.291	169.7684	1.407025	0.637971	0.362029	2.545018
17532	-3448.015	-3617.598	169.5836	1.394464	0.638055	0.361945	2.667086
17538	-3451.277	-3620.732	169.455	1.392822	0.700306	0.299694	2.746985
17544	-3445.936	-3616.166	170.2297	1.576501	0.521997	0.478003	2.143811
17550	-3437.3	-3607.86	170.5604	1.522628	0.501868	0.498132	1.960823
17556	-3437.176	-3607.541	170.3652	1.622369	0.595311	0.404689	2.024529
17562	-3455.047	-3625.105	170.0581	1.468694	0.659201	0.340799	2.323834
17568	-3436.993	-3607.005	170.0115	1.562805	0.544097	0.455903	2.293542
17574	-3441.582	-3611.794	170.2126	1.522041	0.560741	0.439259	2.190366
17580	-3427.639	-3597.309	169.6703	1.454728	0.545691	0.454309	2.576304
17586	-3433.167	-3602.682	169.5148	1.474371	0.568812	0.431188	2.66024
17592	-3441.172	-3611.029	169.8569	1.383011	0.654253	0.345747	2.504812
17598	-3454.997	-3624.718	169.7212	1.499723	0.554447	0.445553	2.516633
17604	-3453.96	-3624.135	170.1754	1.582996	0.516343	0.483657	2.174921
17610	-3447.045	-3617.94	170.895	1.649286	0.516343	0.483657	1.641236
17616	-3449.657	-3620.051	170.3939	1.620869	0.571155	0.428845	2.006451
17622	-3446.635	-3617.502	170.8665	1.694512	0.420366	0.579634	1.629179
17628	-3443.024	-3613.927	170.9033	1.543953	0.444058	0.555942	1.71035
17634	-3443.76	-3613.978	170.2184	1.45282	0.620216	0.379784	2.231333
17640	-3454.053	-3624.054	170.0015	1.524005	0.620216	0.379784	2.32466
17646	-3447.759	-3617.973	170.2138	1.491591	0.477069	0.522931	2.209271
17652	-3446.144	-3616.54	170.3959	1.600886	0.468938	0.531062	2.018421
17658	-3450.991	-3621.923	170.9327	1.541597	0.575001	0.424999	1.691203
17664	-3450.74	-3620.975	170.2345	1.467974	0.519084	0.480916	2.211134
17670	-3447.169	-3617.291	170.1218	1.503223	0.616886	0.383114	2.261067
17676	-3446.062	-3616.085	170.0231	1.494017	0.594882	0.405118	2.330053
17682	-3443.15	-3612.805	169.6547	1.399678	0.524049	0.475951	2.620066
17688	-3446.871	-3616.661	169.7894	1.3636	0.529486	0.470514	2.558967
17694	-3446.057	-3615.951	169.894	1.440829	0.529486	0.470514	2.44532
17700	-3445.787	-3616.287	170.5007	1.539599	0.570532	0.429468	1.989439
17706	-3441.534	-3611.246	169.7112	1.476657	0.638501	0.361499	2.537228
17712	-3431.614	-3601.327	169.7129	1.474988	0.53926	0.46074	2.537228
17718	-3439.874	-3609.447	169.5736	1.379781	0.53812	0.46188	2.682316
17724	-3436.54	-3605.867	169.3266	1.379781	0.603128	0.396872	2.833155
17730	-3439.898	-3609.482	169.5847	1.369069	0.468945	0.531055	2.682076
17736	-3439.678	-3609.067	169.3884	1.399445	0.653746	0.346254	2.78361
17742	-3446.368	-3615.069	168.7011	1.215424	0.576858	0.423142	3.305124
17748	-3438.665	-3608.254	169.5894	1.368471	0.518271	0.481729	2.679535
17754	-3454.32	-3623.844	169.5237	1.513364	0.518271	0.481729	2.630745
17760	-3446.824	-3616.215	169.391	1.384862	0.518271	0.481729	2.790877
17766	-3442.545	-3611.65	169.1048	1.431823	0.518271	0.481729	2.93581
17772	-3433.845	-3603.048	169.2037	1.332928	0.559363	0.440637	2.93581
17778	-3437.233	-3607.535	170.3026	1.440885	0.536691	0.463309	2.184621
17784	-3437.176	-3607.497	170.3209	1.488953	0.536691	0.463309	2.14145
17790	-3450.195	-3620.549	170.3533	1.456562	0.345765	0.654235	2.14145
17796	-3445.369	-3615.754	170.3847	1.401702	0.52025	0.47975	2.156725
17802	-3445.305	-3615.133	169.8281	1.465445	0.636937	0.363063	2.47125
17808	-3441.438	-3610.81	169.372	1.349134	0.599145	0.400855	2.824206
17814	-3451.322	-3620.754	169.432	1.289134	0.535435	0.464565	2.824206
17820	-3455.571	-3626.134	170.5632	1.47922	0.470493	0.529507	1.987972
17826	-3440.18	-3610.68	170.4996	1.54281	0.594163	0.405837	1.987972
17832	-3438.202	-3608.477	170.2744	1.440808	0.594163	0.405837	2.202923
17838	-3438.038	-3608.379	170.3411	1.516315	0.522412	0.477588	2.110391
17844	-3444.634	-3613.979	169.3453	1.324955	0.621498	0.378502	2.855078
17850	-3450.457	-3619.779	169.3224	1.347826	0.597019	0.402981	2.855078
17856	-3452.714	-3622.346	169.6321	1.317611	0.594023	0.405977	2.684541
17862	-3449.642	-3619.567	169.9251	1.432446	0.549249	0.450751	2.431037
17868	-3455.322	-3624.041	168.7195	1.425047	0.515821	0.484179	3.170298
17874	-3442.6	-3611.424	168.8243	1.320262	0.553784	0.446216	3.170298
17880	-3436.423	-3605.709	169.2862	1.340717	0.553784	0.446216	2.881326
17886	-3434.019	-3602.91	168.8905	1.34732	0.547066	0.452934	3.11483
17892	-3437.728	-3607.932	170.2041	1.470347	0.478448	0.521552	2.229268
17898	-3441.202	-3611.814	170.6118	1.610204	0.524105	0.475895	1.86673
17904	-3451.563	-3622.285	170.7213	1.472333	0.55278	0.44722	1.886051
17910	-3448.898	-3619.526	170.6289	1.523971	0.597304	0.402696	1.913754
17916	-3455.209	-3625.712	170.503	1.436867	0.603972	0.396028	2.056111
17922	-3450.132	-3620.181	170.0495	1.541929	0.618261	0.381739	2.282587
17928	-3458.674	-3629.53	170.8563	1.588256	0.556313	0.443687	1.712245
17934	-3447.026	-3618.137	171.1109	1.743332	0.53574	0.46426	1.410461
17940	-3435.587	-3606.241	170.6543	1.479545	0.49761	0.50239	1.926578
17946	-3436.682	-3607.344	170.6624	1.442221	0.623621	0.376379	1.946325
17952	-3443.889	-3614.608	170.7192	1.64574	0.632324	0.367676	1.768159
17958	-3436.878	-3607.924	171.0459	1.721221	0.649809	0.350191	1.477168
17964	-3436.791	-3607.903	171.1121	1.764959	0.65446	0.34554	1.392773
17970	-3432.234	-3603.319	171.0852	1.812353	0.636021	0.363979	1.376709
17976	-3437.81	-3608.771	170.9604	1.692719	0.65237	0.34763	1.562082
17982	-3447.898	-3619.028	171.1307	1.717467	0.580845	0.419155	1.415204
17988	-3434.273	-3605.41	171.1372	1.764143	0.645007	0.354993	1.373702
17994	-3441.88	-3613.034	171.1543	1.77056	0.542913	0.457087	1.355199
18000	-3436.959	-3607.385	170.4265	1.642242	0.542913	0.457087	1.970401
18006	-3435.625	-3606.403	170.7779	1.558966	0.663316	0.336684	1.787673
18012	-3442.728	-3613.302	170.574	1.599521	0.726301	0.273699	1.899715
18018	-3451.213	-3621.539	170.3258	1.458902	0.601861	0.398139	2.157821
18024	-3445.857	-3617.046	171.1889	1.862667	0.618608	0.381392	1.252359
18030	-3445.603	-3616.863	171.2604	1.862726	0.65566	0.34434	1.191813
18036	-3437.331	-3608.155	170.8234	1.692916	0.576663	0.423337	1.661269
18042	-3445.176	-3616.077	170.901	1.65165	0.451433	0.548567	1.635206
18048	-3445.445	-3616.506	171.0612	1.789297	0.436144	0.563856	1.413385
18054	-3450.414	-3621.72	171.306	1.724842	0.621699	0.378301	1.269569
18060	-3455.807	-3627.076	171.2684	1.643596	0.572171	0.427829	1.365351
18066	-3448.069	-3619.217	171.1477	1.799143	0.625514	0.374486	1.337722
18072	-3464.031	-3635.46	171.4291	1.766347	0.533879	0.466121	1.128293
18078	-3450.428	-3621.477	171.0483	1.759077	0.566437	0.433563	1.44656
18084	-3450.117	-3621.182	171.0642	1.685176	0.555727	0.444273	1.490551
18090	-3434.597	-3605.674	171.0769	1.672401	0.555727	0.444273	1.490551
18096	-3434.326	-3605.455	171.1293	1.860432	0.553962	0.446038	1.30314
18102	-3440.759	-3611.946	171.1869	1.821667	0.644073	0.355927	1.287802
18108	-3436.947	-3608.358	171.4106	1.821667	0.495174	0.504826	1.094774
18114	-3438.804	-3610.144	171.3396	1.832578	0.532464	0.467536	1.149014
18120	-3450.384	-3621.759	171.3752	1.817248	0.650052	0.349948	1.130918
18126	-3447.933	-3619.149	171.2164	1.817248	0.595597	0.404403	1.267246
18132	-3454.624	-3625.856	171.2317	1.864927	0.641763	0.358237	1.214464
18138	-3446.149	-3617.511	171.3615	1.814154	0.645964	0.354036	1.145889
18144	-3447.827	-3619.299	171.4716	1.814154	0.579354	0.420646	1.044558
18150	-3448.882	-3620.186	171.3045	1.810612	0.594757	0.405243	1.198738
18156	-3435.713	-3607.034	171.3209	1.812745	0.561385	0.438615	1.182698
18162	-3449.521	-3620.819	171.2985	1.835231	0.583704	0.416296	1.182698
18168	-3447.947	-3619.266	171.3185	1.815155	0.559385	0.440615	1.182698
18174	-3434.31	-3605.617	171.3078	1.815155	0.533361	0.466639	1.191995
18180	-3448.82	-3618.035	169.2149	1.427734	0.532344	0.467656	2.871786
18186	-3447.079	-3616.404	169.3246	1.318068	0.591634	0.408366	2.871786
18192	-3441.909	-3613.063	171.1538	1.805931	0.524807	0.475193	1.327346
18198	-3448.853	-3620.097	171.2434	1.779139	0.508207	0.491793	1.276402
18204	-3435.578	-3603.096	167.5177	1.111573	0.593076	0.406924	4.050408
18210	-3444.015	-3612.371	168.3556	1.355339	0.675231	0.324769	3.425825
18216	-3437.776	-3607.98	170.204	1.426969	0.542041	0.457959	2.257204
18222	-3429.151	-3599.368	170.2172	1.413771	0.615125	0.384875	2.257204
18228	-3444.001	-3614.134	170.1338	1.497238	0.580899	0.419101	2.257204
18234	-3431.643	-3602.209	170.5656	1.55331	0.690269	0.309731	1.936701
18240	-3442.597	-3613.75	171.1531	1.74688	0.575352	0.424648	1.374782
18246	-3447.067	-3618.268	171.2011	1.591502	0.577501	0.422499	1.457837
18252	-3441.122	-3612.065	170.9426	1.672055	0.671744	0.328256	1.5903
18258	-3443.395	-3614.083	170.6882	1.531756	0.671744	0.328256	1.868167
18264	-3436.077	-3606.095	170.0184	1.45535	0.5506	0.4494	2.357559
18270	-3442.509	-3612.637	170.1277	1.494398	0.52728	0.47272	2.262923
18276	-3433.532	-3603.362	169.8301	1.358841	0.572461	0.427539	2.536552
18282	-3435.216	-3604.28	169.0646	1.240287	0.595276	0.404724	3.074832
18288	-3434.63	-3604.385	169.7547	1.308813	0.571767	0.428233	2.614407
18294	-3436.746	-3607.02	170.2737	1.499217	0.571767	0.428233	2.165481
18300	-3434.868	-3604.645	169.7777	1.405709	0.666564	0.333436	2.540011
18306	-3439.123	-3609.249	170.1268	1.411137	0.550558	0.449442	2.316738
18312	-3452.221	-3622.277	170.0559	1.41288	0.641107	0.358893	2.360724
18318	-3451.444	-3621.14	169.696	1.333157	0.480276	0.519724	2.635601
18324	-3441.442	-3610.891	169.4493	1.579922	0.606101	0.393899	2.635601
18330	-3445.376	-3615.006	169.6294	1.399785	0.6048	0.3952	2.635601
18336	-3438.183	-3608.096	169.9131	1.380521	0.601343	0.398657	2.47117
18342	-3430.99	-3600.306	169.3162	1.378155	0.575909	0.424091	2.840444
18348	-3434.815	-3604.416	169.6011	1.264232	0.595589	0.404411	2.736282
18354	-3445.126	-3614.214	169.0883	1.219298	0.42072	0.57928	3.073226
18360	-3454.096	-3622.967	168.8703	1.334858	0.610781	0.389219	3.13425
18366	-3453.251	-3622.331	169.0803	1.279946	0.610781	0.389219	3.041743
18372	-3445.758	-3617.04	171.282	1.822139	0.742291	0.257709	1.208053
18378	-3455.396	-3626.728	171.3324	1.771756	0.594467	0.405533	1.208053
18384	-3451.001	-3622	170.9987	1.681794	0.658724	0.341276	1.541933
18390	-3440.262	-3611.3	171.0384	1.642088	0.502955	0.497045	1.541933
18396	-3438.434	-3609.359	170.9252	1.663544	0.581232	0.418768	1.609131
18402	-3436.812	-3607.796	170.9843	1.618306	0.695397	0.304603	1.599062
18408	-3442.638	-3613.892	171.2538	1.841243	0.669559	0.330441	1.215822
18414	-3437.045	-3608.446	171.4013	2.002161	0.67223	0.32777	0.9248598
18420	-3447.235	-3618.624	171.3895	1.980533	0.601536	0.398464	0.9603951
18426	-3459.657	-3631.03	171.3729	2.03198	0.610729	0.389271	0.9232886
18432	-3440.031	-3611.43	171.3996	1.978192	0.579575	0.420425	0.9523438
18438	-3445.122	-3616.444	171.3214	1.945487	0.49289	0.50711	1.0625
18444	-3433.411	-3604.937	171.5255	2.004962	0.673429	0.326571	0.7691704
18450	-3429.74	-3601.211	171.4708	2.012551	0.616324	0.383676	0.8320553
18456	-3433.437	-3604.808	171.3709	2.134266	0.608413	0.391587	0.8039793
18462	-3439.773	-3611.163	171.3902	2.124096	0.585054	0.414946	0.7916573
18468	-3444.197	-3615.6	171.4032	2.124096	0.604212	0.395788	0.7736837
18474	-3443.358	-3614.775	171.4171	2.169394	0.574071	0.425929	0.6783894
18480	-3441.884	-3613.386	171.5022	2.083607	0.572296	0.427704	0.6796724
18486	-3438.1	-3609.542	171.4424	2.143403	0.609887	0.390113	0.6796724
18492	-3438.118	-3609.562	171.4438	2.143403	0.736617	0.263383	0.6770449
18498	-3435.08	-3606.479	171.3989	2.196072	0.641623	0.358377	0.6616646
18504	-3435.68	-3606.998	171.3181	2.317711	0.630961	0.369039	0.5349199
18510	-3446.853	-3618.262	171.4089	2.223879	0.53059	0.46941	0.5534405
18516	-3462.643	-3634.111	171.4687	2.157377	0.53059	0.46941	0.5816438
18522	-3448.49	-3619.927	171.4373	2.143234	0.507253	0.492747	0.6894296
18528	-3459.564	-3631.055	171.4911	2.089411	0.605286	0.394714	0.6894296
18534	-3442.508	-3611.047	168.5397	1.235574	0.585968	0.414032	3.388133
18540	-3449.182	-3620.608	171.4261	1.87487	0.55041	0.44959	1.029881
18546	-3433.608	-3604.963	171.3552	1.87487	0.55041	0.44959	1.096834
18552	-3429	-3600.342	171.3427	1.807289	0.588874	0.411126	1.168533
18558	-3434.892	-3605.746	170.8537	1.629817	0.577915	0.422085	1.684682
18564	-3435.222	-3603.273	168.0514	1.24158	0.651314	0.348686	3.669144
18570	-3432.961	-3602.035	169.0743	1.189517	0.654386	0.345614	3.099306
18576	-3445.464	-3614.179	168.7157	1.289936	0.67937	0.32063	3.252546
18582	-3439.654	-3610.036	170.3825	1.373931	0.676529	0.323471	2.176228
18588	-3451.286	-3621.428	170.1422	1.461474	0.705583	0.294417	2.274752
18594	-3448.83	-3618.046	169.2169	1.300018	0.54568	0.45432	2.947722
18600	-3451.747	-3621.291	169.5436	1.288127	0.421069	0.578931	2.756803
18606	-3444.862	-3613.625	168.7634	1.258962	0.444135	0.555865	3.242646
18612	-3440.552	-3610.15	169.5979	1.32982	0.533554	0.466446	2.698068
18618	-3441.024	-3609.221	168.1976	1.249071	0.500404	0.499596	3.579991
18624	-3451.356	-3621.352	169.9958	1.499836	0.561469	0.438531	2.343667
18630	-3438.322	-3608.019	169.6966	1.356556	0.702399	0.297601	2.620786
18636	-3450.753	-3619.461	168.7083	1.245428	0.67083	0.32917	3.283159
18642	-3454.662	-3624.152	169.4902	1.265748	0.698211	0.301789	2.80304
18648	-3451.694	-3621.182	169.4881	1.407382	0.698211	0.301789	2.717837
18654	-3446.182	-3616.34	170.1588	1.393581	0.701157	0.298843	2.307564
18660	-3448.157	-3617.321	169.164	1.316376	0.551908	0.448092	2.969697
18666	-3433.701	-3603.492	169.7909	1.409994	0.488246	0.511754	2.529151
18672	-3438.94	-3609.126	170.1863	1.446278	0.498017	0.501983	2.256176
18678	-3437.412	-3607.396	169.984	1.492298	0.632957	0.367043	2.355978
18684	-3446.415	-3615.957	169.5425	1.297299	0.53768	0.46232	2.751906
18690	-3435.255	-3604.535	169.2798	1.366728	0.490664	0.509336	2.869453
18696	-3435.304	-3604.854	169.5497	1.343353	0.555957	0.444043	2.719323
18702	-3437.486	-3607.266	169.7793	1.291188	0.555957	0.444043	2.61006
18708	-3442.256	-3611.775	169.5191	1.39375	0.6218	0.3782	2.707169
18714	-3438.547	-3608.818	170.2719	1.358245	0.514347	0.485653	2.257734
18720	-3433.744	-3603.66	169.9162	1.405084	0.671393	0.328607	2.453837
18726	-3431.73	-3601.686	169.9561	1.34895	0.633211	0.366789	2.463982
18732	-3436.781	-3606.462	169.6816	1.426889	0.675957	0.324043	2.586591
18738	-3431.675	-3602.186	170.5111	1.505135	0.539247	0.460753	2.005446
18744	-3424.299	-3594.818	170.5189	1.49736	0.605062	0.394938	2.005446
18750	-3437.869	-3607.872	170.0031	1.455891	0.635984	0.364016	2.366973
18756	-3447.067	-3617.295	170.2274	1.470009	0.529011	0.470989	2.21442
18762	-3445.784	-3615.412	169.6277	1.321289	0.529011	0.470989	2.685009
18768	-3445.361	-3615.024	169.6623	1.286605	0.627464	0.372536	2.685009
18774	-3439.811	-3610.03	170.2183	1.397392	0.559801	0.440199	2.26702
18780	-3435.097	-3605.05	169.9532	1.45646	0.595806	0.404194	2.398136
18786	-3449.299	-3619.043	169.7435	1.412918	0.490116	0.509884	2.556795
18792	-3444.455	-3615.115	170.6598	1.494593	0.687183	0.312817	1.912709
18798	-3432.259	-3603.071	170.8118	1.500654	0.505858	0.494142	1.804585
18804	-3431.422	-3601.953	170.5312	1.533502	0.552962	0.447038	1.973114
18810	-3434.377	-3605.079	170.7019	1.580131	0.558411	0.441589	1.825591
18816	-3430.021	-3600.747	170.7255	1.556541	0.613409	0.386591	1.825591
18822	-3440.337	-3611.43	171.0934	1.64378	0.503268	0.496732	1.499638
18828	-3443.876	-3614.947	171.0704	1.77203	0.437444	0.562556	1.419658
18834	-3437.718	-3608.573	170.855	1.742273	0.636221	0.363779	1.602896
18840	-3440.128	-3611.332	171.2038	1.65001	0.539684	0.460316	1.410791
18846	-3431.704	-3602.359	170.6544	1.622204	0.52833	0.47167	1.829333
18852	-3439.106	-3609.451	170.3456	1.498309	0.522821	0.477179	2.119239
18858	-3444.136	-3614.266	170.1296	1.44427	0.522821	0.477179	2.293811
18864	-3439.373	-3608.965	169.592	1.338973	0.516335	0.483665	2.696051
18870	-3456.381	-3626.103	169.722	1.392735	0.596091	0.403909	2.58267
18876	-3457.99	-3628.82	170.8294	1.516248	0.596868	0.403132	1.781536
18882	-3455.928	-3624.176	168.2478	1.064133	0.573077	0.426923	3.658164
18888	-3445.678	-3614.517	168.8387	1.185357	0.787846	0.212154	3.24164
18894	-3438.823	-3608.091	169.2678	1.360837	0.67548	0.32452	2.880253
18900	-3431.06	-3600.736	169.6757	1.402615	0.67548	0.32452	2.605262
18906	-3437.823	-3606.942	169.1181	1.32077	0.648226	0.351774	2.994643
18912	-3426.466	-3597.104	170.6374	1.460417	0.703159	0.296841	1.950874
18918	-3437.594	-3607.746	170.1524	1.344261	0.741716	0.258284	2.343033
18924	-3433.547	-3603.767	170.2202	1.464876	0.662664	0.337336	2.222418
18930	-3429.639	-3600.451	170.8125	1.620157	0.662664	0.337336	1.720675
18936	-3439.872	-3610.912	171.0402	1.655366	0.567569	0.432431	1.53076
18942	-3441.446	-3612.643	171.1965	1.796763	0.747798	0.252202	1.300344
18948	-3441.685	-3612.62	170.9356	1.77805	0.740471	0.259529	1.517271
18954	-3429.403	-3600.528	171.1248	1.786106	0.600349	0.399651	1.366195
18960	-3424.315	-3594.931	170.6164	1.657694	0.67117	0.32883	1.831021
18966	-3432.484	-3603.502	171.0178	1.727729	0.660992	0.339008	1.493422
18972	-3434.662	-3605.514	170.8522	1.730176	0.660992	0.339008	1.613699
18978	-3425.622	-3596.437	170.8152	1.603626	0.627441	0.372559	1.730389
18984	-3436.252	-3606.852	170.5998	1.567312	0.673789	0.326211	1.904098
18990	-3441.917	-3611.035	169.1184	1.32272	0.693606	0.306394	2.993277
18996	-3444.017	-3613.408	169.3904	1.386419	0.582598	0.417402	2.790337
19002	-3437.797	-3606.745	168.9476	1.277095	0.614716	0.385284	3.122624
19008	-3447.427	-3616.91	169.483	1.345849	0.610155	0.389845	2.758577
19014	-3444.14	-3614.082	169.9426	1.338747	0.663807	0.336193	2.478899
19020	-3442.532	-3611.445	168.9129	1.237475	0.578126	0.421874	3.166814
19026	-3435.576	-3604.201	168.6245	1.214295	0.705463	0.294537	3.35084
19032	-3458.377	-3627.447	169.0709	1.309295	0.642977	0.357023	3.029793
19038	-3437.382	-3606.081	168.6987	1.23977	0.707306	0.292694	3.292164
19044	-3425.279	-3594.033	168.7533	1.242401	0.707306	0.292694	3.258397
19050	-3432.078	-3601.572	169.4935	1.414912	0.69251	0.30749	2.709877
19056	-3434.685	-3603.005	168.3193	1.266443	0.7067	0.2933	3.499035
19062	-3449.412	-3618.632	169.2205	1.287604	0.565082	0.434918	2.952975
19068	-3441.023	-3610.372	169.3486	1.33044	0.536352	0.463648	2.849722
19074	-3436.221	-3606.112	169.8907	1.42817	0.550505	0.449495	2.455358
19080	-3446.337	-3616.851	170.5141	1.54727	0.723118	0.276882	1.975315
19086	-3426.661	-3597.507	170.8452	1.64644	0.603307	0.396693	1.678912
19092	-3432.73	-3603.219	170.4891	1.479342	0.554264	0.445736	2.037236
19098	-3439.618	-3609.789	170.1713	1.467214	0.548269	0.451731	2.252375
19104	-3443.424	-3613.593	170.1687	1.536936	0.544432	0.455568	2.209099
19110	-3435.2	-3605.54	170.3391	1.445686	0.507409	0.492591	2.157763
19116	-3445.515	-3615.806	170.2911	1.493753	0.728845	0.271155	2.157763
19122	-3453.543	-3624.14	170.5975	1.531391	0.653394	0.346606	1.929919
19128	-3449.12	-3619.868	170.748	1.58057	0.668725	0.331275	1.793416
19134	-3450.874	-3621.716	170.8422	1.743356	0.719173	0.280827	1.611408
19140	-3454.18	-3625.058	170.8778	1.666345	0.510273	0.489727	1.641283
19146	-3453.254	-3624.323	171.0683	1.728759	0.53094	0.46906	1.45444
19152	-3447.181	-3616.13	168.9491	1.249325	0.617452	0.382548	3.138248
19158	-3447.498	-3614.729	167.231	0.9257289	0.583159	0.416841	4.318775
19164	-3446.544	-3612.462	165.9179	0.8767013	0.640398	0.359602	5.081088
19170	-3446.318	-3614.642	168.3244	1.093831	0.694021	0.305979	3.596524
19176	-3438.854	-3607.992	169.1384	1.25804	0.699908	0.300092	3.020086
19182	-3446.416	-3615.661	169.2454	1.379899	0.505387	0.494613	2.882283
19188	-3433.2	-3603.856	170.6554	1.652527	0.718589	0.281411	1.807691
19194	-3441.189	-3611.889	170.6995	1.608445	0.694396	0.305604	1.807691
19200	-3448.409	-3619.127	170.7185	1.589469	0.60528	0.39472	1.807691
19206	-3447.827	-3618.383	170.5557	1.566863	0.482205	0.517795	1.934178
19212	-3442.69	-3612.921	170.2308	1.504383	0.543314	0.456686	2.190015
19218	-3438.145	-3608.508	170.3635	1.55675	0.589245	0.410755	2.069067
19224	-3443.655	-3613.881	170.2263	1.485011	0.690507	0.309493	2.205465
19230	-3437.814	-3608.286	170.4719	1.527765	0.693507	0.306493	2.016491
19236	-3444.019	-3614.509	170.4901	1.54459	0.635629	0.364371	1.993154
19242	-3452.768	-3623.334	170.5662	1.469512	0.707363	0.292637	1.992466
19248	-3435.635	-3606.075	170.4405	1.595251	0.711705	0.288295	1.992466
19254	-3442.479	-3612.968	170.4892	1.546478	0.735997	0.264003	1.992466
19260	-3440.378	-3611.205	170.8265	1.600711	0.774228	0.225772	1.724507
19266	-3440.667	-3611.282	170.6148	1.600711	0.71198	0.28802	1.871146
19272	-3437.172	-3607.891	170.7188	1.70885	0.716581	0.283419	1.724196
19278	-3443.049	-3613.875	170.8261	1.75252	0.571699	0.428301	1.616454
19284	-3441.45	-3612.451	171.0014	1.67466	0.647918	0.352082	1.54516
19290	-3449.863	-3620.974	171.1108	1.75621	0.561025	0.438975	1.400616
19296	-3460.726	-3631.746	171.0197	1.810219	0.723853	0.276147	1.42928
19302	-3450.697	-3621.878	171.1812	1.696786	0.66883	0.33117	1.392018
19308	-3442.589	-3613.821	171.2324	1.864407	0.723545	0.276455	1.214329
19314	-3455.421	-3626.68	171.2588	1.876434	0.771568	0.228432	1.181382
19320	-3448.59	-3619.849	171.2588	1.876434	0.673956	0.326044	1.181382
19326	-3443.617	-3614.819	171.2019	1.832098	0.673956	0.326044	1.266934
19332	-3453.666	-3624.889	171.2233	1.810676	0.673956	0.326044	1.266934
19338	-3451.743	-3622.676	170.9325	1.640457	0.712633	0.287367	1.620516
19344	-3442.582	-3613.311	170.729	1.628791	0.647078	0.352922	1.773127
19350	-3443.224	-3614.264	171.0394	1.870793	0.687997	0.312003	1.366793
19356	-3453.801	-3625.252	171.4509	1.905647	0.585632	0.414368	0.9744497
19362	-3443.952	-3615.209	171.2566	2.099942	0.539223	0.460777	0.9744497
19368	-3440.233	-3611.612	171.3786	2.02101	0.741306	0.258694	0.9290184
19374	-3453.419	-3624.823	171.4044	2.00038	0.610152	0.389848	0.9234489
19380	-3438.557	-3609.909	171.3523	1.925348	0.610152	0.389848	1.05233
19386	-3445.484	-3616.919	171.4348	1.946738	0.610152	0.389848	0.9483517
19392	-3445.125	-3616.413	171.2883	1.974761	0.63158	0.36842	1.066137
19398	-3439.823	-3611.15	171.3272	1.974761	0.625384	0.374616	1.028888
19404	-3442.087	-3613.356	171.2694	2.076912	0.625384	0.374616	0.9848059
19410	-3440.497	-3611.87	171.373	1.930676	0.584638	0.415362	1.027289
19416	-3434.835	-3606.053	171.2184	1.912478	0.584638	0.415362	1.185109
19422	-3441.377	-3612.478	171.1011	1.740689	0.65281	0.34719	1.42014
19428	-3444.715	-3615.795	171.0802	1.761537	0.65281	0.34719	1.42014
19434	-3443.593	-3611.475	167.8817	1.227846	0.618605	0.381395	3.775062
19440	-3456.015	-3626.944	170.9295	1.727193	0.720016	0.279984	1.559441
19446	-3436.159	-3607.327	171.1676	1.713516	0.685767	0.314233	1.389608
19452	-3432.773	-3603.717	170.9445	1.79993	0.600538	0.399462	1.494248
19458	-3440.352	-3611.302	170.9494	1.680911	0.66911	0.33089	1.578859
19464	-3446.309	-3617.519	171.2102	1.760481	0.772088	0.227912	1.318572
19470	-3449.594	-3619.896	170.3026	1.545783	0.587276	0.412724	2.116282
19476	-3453.298	-3623.522	170.2235	1.474215	0.593111	0.406889	2.214212
19482	-3442.935	-3613.924	170.9892	1.685633	0.525627	0.474373	1.5461
19488	-3441.107	-3612.353	171.2456	1.724462	0.681168	0.318832	1.319114
19494	-3434.1	-3604.646	170.5454	1.526054	0.551269	0.448731	1.968553
19500	-3432.78	-3603.368	170.5886	1.526054	0.534141	0.465859	1.939572
19506	-3435.775	-3605.75	169.9752	1.523557	0.57459	0.42541	2.341679
19512	-3435.733	-3606.075	170.342	1.585097	0.677155	0.322845	2.064563
19518	-3436.527	-3606.545	170.0181	1.437823	0.666844	0.333156	2.368915
19524	-3431.668	-3601.245	169.5767	1.411115	0.63045	0.36955	2.661128
19530	-3426.47	-3595.609	169.1382	1.362387	0.663952	0.336048	2.957519
19536	-3430.588	-3599.974	169.3862	1.466896	0.652615	0.347385	2.743747
19542	-3426.318	-3596.278	169.9596	1.447975	0.652615	0.347385	2.399486
19548	-3435.527	-3605.851	170.3243	1.424335	0.614009	0.385991	2.181284
19554	-3437.913	-3608.275	170.3624	1.505562	0.713622	0.286378	2.103481
19560	-3440.873	-3611.105	170.2318	1.479224	0.727006	0.272994	2.205659
19566	-3454.858	-3625.271	170.4132	1.400027	0.599575	0.400425	2.139231
19572	-3440.864	-3609.83	168.9663	1.279259	0.573264	0.426736	3.110212
19578	-3468.039	-3636.972	168.9329	1.285976	0.579466	0.420534	3.126087
19584	-3452.152	-3621.077	168.9249	1.294015	0.574321	0.425679	3.126087
19590	-3447.803	-3616.713	168.9095	1.298059	0.595006	0.404994	3.132859
19596	-3449.323	-3618.864	169.5402	1.437629	0.690475	0.309525	2.667222
19602	-3438.984	-3609.292	170.308	1.568464	0.668125	0.331875	2.097849
19608	-3445.328	-3616.099	170.7704	1.552243	0.530202	0.469798	1.797545
19614	-3429.582	-3599.593	170.0106	1.472282	0.576124	0.423876	2.35176
19620	-3435.003	-3604.631	169.6274	1.3878	0.636765	0.363235	2.644237
19626	-3427.019	-3596.434	169.4152	1.458005	0.698978	0.301022	2.731437
19632	-3436.365	-3606.866	170.5006	1.515984	0.579472	0.420528	2.005224
19638	-3429.475	-3600.033	170.5584	1.569734	0.617728	0.382272	1.930434
19644	-3428.909	-3599.416	170.5073	1.587253	0.664022	0.335978	1.953082
19650	-3436.004	-3606.481	170.4769	1.529944	0.644409	0.355591	2.011708
19656	-3443.052	-3613.808	170.7561	1.618582	0.622151	0.377849	1.761348
19662	-3440.275	-3611.009	170.7341	1.647672	0.60113	0.39887	1.756401
19668	-3450.898	-3621.822	170.9239	1.647672	0.61096	0.38904	1.621522
19674	-3440.141	-3611.128	170.9872	1.587252	0.74398	0.25602	1.619431
19680	-3444.056	-3614.444	170.3877	1.569118	0.588456	0.411544	2.044883
19686	-3432.352	-3603.153	170.8011	1.65858	0.740975	0.259025	1.701614
19692	-3434.038	-3605.021	170.983	1.601175	0.642527	0.357473	1.612429
19698	-3430.308	-3601.44	171.1321	1.589637	0.643786	0.356214	1.511218
19704	-3427.87	-3599.008	171.1379	1.699987	0.686718	0.313282	1.423155
19710	-3422.992	-3593.612	170.6205	1.589873	0.620579	0.379421	1.874657
19716	-3425.438	-3596.116	170.6782	1.588144	0.623869	0.376131	1.836382
19722	-3433.549	-3604.34	170.7902	1.563259	0.628044	0.371956	1.77611
19728	-3445.223	-3616.339	171.1156	1.639731	0.560563	0.439437	1.486012
19734	-3441.529	-3612.645	171.1156	1.639731	0.635713	0.364287	1.486012
19740	-3441.624	-3612.532	170.9082	1.639731	0.640109	0.359891	1.638618
19746	-3444.005	-3614.752	170.7466	1.66511	0.650604	0.349396	1.735408
19752	-3451.538	-3621.655	170.1168	1.701886	0.680398	0.319602	2.135711
19758	-3438.474	-3609.36	170.8864	1.683902	0.680398	0.319602	1.62243
19764	-3433.408	-3603.897	170.4888	1.439297	0.68804	0.31196	2.063913
19770	-3427.421	-3597.715	170.2934	1.448143	0.664821	0.335179	2.185896
19776	-3446.076	-3614.975	168.8981	1.197338	0.597605	0.402395	3.199421
19782	-3443.02	-3612.659	169.6389	1.344449	0.574219	0.425781	2.663868
19788	-3434.777	-3604.697	169.9202	1.332607	0.500275	0.499725	2.496754
19794	-3425.648	-3594.819	169.1704	1.195968	0.615847	0.384153	3.038075
19800	-3438.888	-3607.053	168.1651	1.072971	0.598532	0.401468	3.700893
19806	-3437.941	-3605.736	167.7953	1.153082	0.63105	0.36895	3.867779
19812	-3454.412	-3623.479	169.0676	1.134364	0.641614	0.358386	3.13617
19818	-3439.41	-3606.779	167.3694	1.152175	0.689656	0.310344	4.111776
19824	-3438.923	-3605.355	166.4326	1.033006	0.641293	0.358707	4.707414
19830	-3440.471	-3607.782	167.3109	1.086158	0.586857	0.413143	4.182587
19836	-3447.975	-3615.184	167.2087	1.079985	0.512197	0.487803	4.244032
19842	-3441.087	-3609.583	168.4957	1.215331	0.730634	0.269366	3.425777
19848	-3437.333	-3604.764	167.4307	1.050569	0.701446	0.298554	4.134723
19854	-3445.132	-3612.637	167.5056	1.023915	0.591751	0.408249	4.107251
19860	-3449.602	-3616.3	166.698	1.033608	0.653931	0.346069	4.558301
19866	-3435.391	-3602.013	166.6221	1.03025	0.653931	0.346069	4.602814
19872	-3433.757	-3601.495	167.7378	1.148466	0.582031	0.417969	3.903417
19878	-3446.964	-3615.572	168.6079	1.235251	0.70589	0.29411	3.348305
19884	-3442.984	-3613.135	170.1512	1.455685	0.716116	0.283884	2.272683
19890	-3428.606	-3599.278	170.6728	1.489419	0.619144	0.380856	1.907437
19896	-3426.603	-3596.821	170.2184	1.435693	0.507038	0.492962	2.242365
19902	-3423.861	-3593.194	169.3338	1.432949	0.588997	0.411003	2.796451
19908	-3433.624	-3602.995	169.3705	1.338251	0.585104	0.414896	2.831714
19914	-3430.554	-3600.444	169.8901	1.36588	0.431898	0.568102	2.494763
19920	-3445.133	-3614.801	169.6676	1.328527	0.5147	0.4853	2.655965
19926	-3443.941	-3613.546	169.6047	1.391431	0.578923	0.421077	2.655965
19932	-3440.187	-3609.041	168.8541	1.401438	0.648598	0.351402	3.104256
19938	-3441.51	-3609.536	168.0258	1.168295	0.525629	0.474371	3.72631
19944	-3435.776	-3604.597	168.821	1.205482	0.605707	0.394293	3.240198
19950	-3428.581	-3597.488	168.9068	1.269736	0.369793	0.630207	3.151283
19956	-3425.897	-3594.906	169.0084	1.329312	0.576132	0.423868	3.055203
19962	-3429.491	-3599.482	169.9907	1.380295	0.541699	0.458301	2.422536
19968	-3436.761	-3606.459	169.6983	1.368385	0.541699	0.458301	2.612432
19974	-3447.623	-3617.15	169.5267	1.255398	0.632274	0.367726	2.787076
19980	-3449.097	-3618.803	169.7058	1.399261	0.428562	0.571438	2.588665
19986	-3447.782	-3617	169.2185	1.304524	0.595653	0.404347	2.944009
19992	-3437.172	-3607.403	170.2317	1.431168	0.610298	0.389702	2.236718
19998	-3437.772	-3608.305	170.5336	1.437787	0.661863	0.338137	2.035255
20004	-3427.57	-3597.969	170.3991	1.385066	0.573241	0.426759	2.158206
20010	-3431.026	-3601.343	170.3168	1.454768	0.564818	0.435182	2.166402
20016	-3430.632	-3600.994	170.3621	1.397027	0.564818	0.435182	2.174441
20022	-3434.089	-3604.514	170.4254	1.400748	0.564818	0.435182	2.130823
20028	-3427.394	-3598.032	170.6379	1.43084	0.597376	0.402624	1.970408
20034	-3435.708	-3605.953	170.2445	1.469568	0.55799	0.44201	2.203638
20040	-3430.191	-3600.906	170.715	1.473507	0.587399	0.412601	1.889572
20046	-3425.835	-3597.111	171.2767	1.718602	0.468312	0.531688	1.298681
20052	-3427.548	-3598.834	171.2859	1.874602	0.622827	0.377173	1.15931
20058	-3432.515	-3603.851	171.3358	1.852961	0.40315	0.59685	1.134226
20064	-3429.172	-3600.492	171.3204	1.868412	0.518624	0.481376	1.134226
20070	-3428.231	-3599.451	171.2206	1.734152	0.511666	0.488334	1.331364
20076	-3436.76	-3607.908	171.1473	1.743724	0.526042	0.473958	1.38186
20082	-3440.749	-3612.021	171.2723	1.907152	0.526042	0.473958	1.142553
20088	-3442.444	-3613.748	171.3042	1.875259	0.599545	0.400455	1.142553
20094	-3440.004	-3611.073	171.0692	1.609461	0.529625	0.470375	1.543274
20100	-3437.501	-3608.302	170.8017	1.62435	0.566853	0.433147	1.725294
20106	-3427.483	-3598.372	170.8898	1.536254	0.541875	0.458125	1.725294
20112	-3425.377	-3595.944	170.5674	1.564106	0.589645	0.410355	1.928146
20118	-3427.388	-3598.082	170.6942	1.575999	0.600041	0.399959	1.833682
20124	-3432.321	-3602.96	170.6383	1.601998	0.638361	0.361639	1.854255
20130	-3437.808	-3608.203	170.3951	1.486723	0.638361	0.361639	2.094321
20136	-3438.304	-3608.671	170.3666	1.515264	0.535068	0.464932	2.094321
20142	-3433.896	-3604.418	170.5218	1.530275	0.535068	0.464932	1.981531
20148	-3426.604	-3596.796	170.1919	1.493489	0.640234	0.359766	2.2222
20154	-3431.941	-3602.871	170.9307	1.584968	0.518497	0.481503	1.661714
20160	-3433.358	-3604.234	170.8752	1.69058	0.548762	0.451238	1.625729
20166	-3431.077	-3602.049	170.9725	1.593299	0.419703	0.580297	1.625729
20172	-3441.329	-3612.336	171.007	1.825058	0.594252	0.405748	1.427595
20178	-3433.229	-3604.286	171.0577	1.739509	0.641039	0.358961	1.454291
20184	-3435.795	-3606.662	170.8665	1.79211	0.611112	0.388888	1.558027
20190	-3430.014	-3601.063	171.049	1.702997	0.611112	0.388888	1.488509
20196	-3441.718	-3612.588	170.8707	1.783554	0.450321	0.549679	1.561271
20202	-3456.566	-3626.022	169.4553	1.318881	0.67458	0.32542	2.791894
20208	-3463.826	-3632.868	169.0429	1.232527	0.777457	0.222543	3.092413
20214	-3460.787	-3629.02	168.2325	1.039433	0.649261	0.350739	3.681331
20220	-3454.069	-3625.055	170.9866	1.648855	0.619714	0.380286	1.57509
20226	-3437.128	-3608.191	171.0631	1.695691	0.611551	0.388449	1.483388
20232	-3427.084	-3597.942	170.8581	1.661098	0.55285	0.44715	1.659184
20238	-3427.317	-3598.084	170.7668	1.678642	0.617234	0.382766	1.711667
20244	-3430.759	-3601.521	170.7616	1.68382	0.411085	0.588915	1.711667
20250	-3435.185	-3606.356	171.1713	1.683886	0.565806	0.434194	1.409745
20256	-3427.066	-3598.031	170.9645	1.641619	0.660953	0.339047	1.596468
20262	-3438.837	-3609.513	170.6755	1.64514	0.587579	0.412421	1.798941
20268	-3434.545	-3605.294	170.749	1.602479	0.586958	0.413042	1.777496
20274	-3437.069	-3607.826	170.7565	1.602479	0.575326	0.424674	1.772264
20280	-3443.859	-3614.875	171.0154	1.590665	0.582921	0.417079	1.59655
20286	-3441.024	-3611.686	170.6623	1.623961	0.663493	0.336507	1.822665
20292	-3433.838	-3604.68	170.8424	1.630161	0.587596	0.412404	1.692436
20298	-3437.428	-3608.535	171.1064	1.714555	0.587596	0.412404	1.436126
20304	-3432.747	-3603.86	171.1137	1.810219	0.612872	0.387128	1.355939
20310	-3431.798	-3603.022	171.224	1.94512	0.52799	0.47201	1.151742
20316	-3440.986	-3612.26	171.2742	1.878504	0.578678	0.421322	1.166131
20322	-3437.834	-3609.121	171.2877	1.872299	0.521173	0.478827	1.159749
20328	-3432.827	-3604.226	171.3991	1.959488	0.519237	0.480763	0.9723127
20334	-3432.695	-3604.091	171.3967	2.096349	0.52685	0.47315	0.8196845
20340	-3437.878	-3609.27	171.3916	2.001074	0.551408	0.448592	0.9365015
20346	-3427.744	-3599.14	171.3966	2.108397	0.568748	0.431252	0.8041844
20352	-3446.634	-3618.052	171.4183	2.095091	0.559992	0.440008	0.7929198
20358	-3451.264	-3622.745	171.4806	2.084484	0.546396	0.453604	0.7161309
20364	-3446.975	-3618.407	171.4324	2.106928	0.600674	0.399326	0.7563068
20370	-3431.472	-3602.94	171.4675	2.015508	0.626833	0.373167	0.8324335
20376	-3431.497	-3602.997	171.4999	2.047692	0.473669	0.526331	0.7439707
20382	-3431.546	-3603.001	171.4553	1.963368	0.480866	0.519134	0.9081075
20388	-3448.303	-3619.712	171.4094	2.0093	0.489865	0.510135	0.9081075
20394	-3437.013	-3608.461	171.4478	2.031685	0.470699	0.529301	0.8367892
20400	-3463.585	-3630.445	166.8604	1.011858	0.603549	0.396451	4.479247
20406	-3461.37	-3628.234	166.8637	1.008567	0.709077	0.290923	4.479247
20412	-3439.724	-3611.012	171.2879	1.886281	0.63156	0.36844	1.147197
20418	-3437.013	-3608.141	171.1278	1.767464	0.566482	0.433518	1.3785
20424	-3433.503	-3604.433	170.9305	1.629231	0.566482	0.433518	1.630124
20430	-3430.986	-3601.874	170.8886	1.617976	0.609778	0.390222	1.668264
20436	-3431.167	-3601.916	170.7495	1.559395	0.512884	0.487116	1.807022
20442	-3437.169	-3607.485	170.3165	1.516583	0.494567	0.505433	2.126304
20448	-3442.263	-3612.37	170.107	1.445598	0.463755	0.536245	2.307376
20454	-3433.939	-3603.57	169.631	1.3251	0.628311	0.371689	2.680595
20460	-3435.953	-3605.513	169.5605	1.320843	0.528653	0.471347	2.726467
20466	-3435.425	-3604.906	169.4817	1.215077	0.569596	0.430404	2.839002
20472	-3437.656	-3607.702	170.0458	1.273411	0.62512	0.37488	2.455094
20478	-3443.27	-3612.529	169.2586	1.265928	0.473883	0.526117	2.943109
20484	-3436.636	-3606.066	169.4292	1.20505	0.544395	0.455605	2.87685
20490	-3441.246	-3611.229	169.9831	1.413185	0.699783	0.300217	2.406625
20496	-3441.44	-3610.901	169.4613	1.257199	0.669221	0.330779	2.825768
20502	-3434.953	-3603.92	168.9672	1.207386	0.669221	0.330779	3.152419
20508	-3439.859	-3609.772	169.9123	1.368689	0.631822	0.368178	2.479109
20514	-3450.821	-3620.919	170.0982	1.478373	0.596181	0.403819	2.292057
20520	-3449.233	-3619.442	170.2086	1.368046	0.576773	0.423227	2.292057
20526	-3452.981	-3622.893	169.9118	1.513785	0.546375	0.453625	2.388116
20532	-3443.015	-3612.614	169.5986	1.437006	0.54249	0.45751	2.631648
20538	-3442.962	-3612.751	169.789	1.470139	0.605171	0.394829	2.492792
20544	-3446.208	-3615.749	169.5404	1.440464	0.540927	0.459073	2.665365
20550	-3447.876	-3617.52	169.6448	1.339745	0.44629	0.55371	2.663094
20556	-3444.794	-3614.922	170.1279	1.573215	0.634956	0.365044	2.212045
20562	-3442.632	-3612.259	169.6274	1.459755	0.485349	0.514651	2.599794
20568	-3453.455	-3623.286	169.8308	1.341279	0.46669	0.53331	2.547058
20574	-3453.455	-3622.826	169.3707	1.357632	0.557721	0.442279	2.819795
20580	-3444.686	-3614.565	169.8786	1.413088	0.589785	0.410215	2.472369
20586	-3445.661	-3614.592	168.9306	1.182749	0.601637	0.398363	3.188777
20592	-3446.651	-3616.407	169.7559	1.45413	0.702736	0.297264	2.523415
20598	-3441.015	-3610.6	169.5848	1.36909	0.614993	0.385007	2.681982
20604	-3443.398	-3613.119	169.7203	1.348259	0.717794	0.282206	2.611281
20610	-3453.16	-3622.279	169.1193	1.283551	0.666276	0.333724	3.016213
20616	-3452.057	-3621.875	169.8183	1.405456	0.555499	0.444501	2.51487
20622	-3458.261	-3625.645	167.3844	1.067281	0.514176	0.485824	4.15153
20628	-3451.656	-3619.029	167.3734	0.9754233	0.621428	0.378572	4.209981
20634	-3451.317	-3621.321	170.0039	1.460923	0.630533	0.369467	2.363248
20640	-3449.832	-3619.949	170.1177	1.499843	0.497082	0.502918	2.265811
20646	-3448.532	-3619.131	170.5993	1.457018	0.738441	0.261559	1.978717
20652	-3438.01	-3608.431	170.4202	1.531622	0.554394	0.445606	2.048187
20658	-3454.12	-3624.873	170.753	1.629039	0.791907	0.208093	1.756229
20664	-3437.267	-3607.923	170.6559	1.597187	0.542173	0.457827	1.845441
20670	-3438.419	-3609.137	170.7179	1.535174	0.572178	0.427822	1.845441
20676	-3444.731	-3615.431	170.6999	1.530886	0.537461	0.462539	1.860708
20682	-3453.307	-3623.695	170.388	1.542894	0.456089	0.543911	2.062018
20688	-3449.185	-3619.838	170.6535	1.610961	0.664696	0.335304	1.837629
20694	-3449.468	-3620.099	170.6316	1.463759	0.620189	0.379811	1.952543
20700	-3446.793	-3616.999	170.2056	1.632183	0.612986	0.387014	2.123202
20706	-3456.118	-3626.402	170.2842	1.49789	0.60528	0.39472	2.159514
20712	-3440.37	-3611.523	171.1525	1.839906	0.486181	0.513819	1.301033
20718	-3441.866	-3613.032	171.1657	1.826703	0.675525	0.324475	1.301033
20724	-3437.131	-3608.059	170.9278	1.714178	0.52721	0.47279	1.570306
20730	-3448.183	-3618.938	170.7547	1.605276	0.523192	0.476808	1.771617
20736	-3437.363	-3608.079	170.7159	1.644045	0.509434	0.490566	1.771617
20742	-3438.656	-3609.272	170.6156	1.561041	0.529633	0.470367	1.897607
20748	-3439.351	-3610.503	171.1516	1.700174	0.529633	0.470367	1.41239
20754	-3450.071	-3621.135	171.0636	1.700425	0.529633	0.470367	1.479493
20760	-3449.245	-3618.847	169.6022	1.231035	0.602683	0.397317	2.755906
20766	-3437.69	-3607.272	169.5821	1.383937	0.602683	0.397317	2.674521
20772	-3438.414	-3607.504	169.0906	1.361165	0.660561	0.339439	2.986857
20778	-3440.118	-3609.218	169.1003	1.351482	0.648544	0.351456	2.986857
20784	-3438.495	-3608.34	169.8445	1.470091	0.534455	0.465545	2.458032
20790	-3434.649	-3604.953	170.3046	1.51069	0.583669	0.416331	2.137927
20796	-3443.431	-3613.395	169.9642	1.467327	0.534625	0.465375	2.384316
20802	-3435.109	-3605.45	170.3407	1.467327	0.54372	0.45628	2.142642
20808	-3436.028	-3605.699	169.671	1.406066	0.673525	0.326475	2.606016
20814	-3431.924	-3601.521	169.5964	1.357389	0.577564	0.422436	2.682021
20820	-3440.005	-3607.895	167.8899	1.1906	0.460673	0.539327	3.79182
20826	-3436.344	-3605.444	169.1003	1.241937	0.635508	0.364492	3.052525
20832	-3436.529	-3604.83	168.3017	1.25113	0.559207	0.440793	3.518185
20838	-3437.932	-3606.621	168.689	1.216743	0.536505	0.463495	3.311475
20844	-3442.995	-3611.774	168.7791	1.377461	0.643278	0.356722	3.16316
20850	-3437.43	-3607.239	169.8082	1.377461	0.598795	0.401205	2.538618
20856	-3447.861	-3617.694	169.8323	1.410543	0.644141	0.355859	2.50293
20862	-3435.876	-3605.63	169.7536	1.420454	0.535485	0.464515	2.545862
20868	-3439.748	-3609.968	170.2196	1.441995	0.587475	0.412525	2.237522
20874	-3441.785	-3612.282	170.4962	1.705158	0.519048	0.480952	1.880819
20880	-3442.494	-3612.842	170.3476	1.568214	0.636062	0.363938	2.071961
20886	-3450.106	-3620.925	170.8191	1.544009	0.413541	0.586459	1.769436
20892	-3435.281	-3605.931	170.6496	1.701522	0.643379	0.356621	1.777786
20898	-3422.47	-3593.238	170.7675	1.583565	0.514363	0.485637	1.777786
20904	-3433.786	-3604.117	170.3304	1.489203	0.627629	0.372371	2.135117
20910	-3436.868	-3607.546	170.6778	1.502082	0.65198	0.34802	1.895435
20916	-3443.929	-3613.908	169.9795	1.48237	0.594191	0.405809	2.365098
20922	-3440.028	-3609.847	169.8192	1.270196	0.594191	0.405809	2.598364
20928	-3435.717	-3605.281	169.5642	1.339313	0.674647	0.325353	2.712879
20934	-3430.463	-3598.832	168.3684	1.209653	0.519693	0.480307	3.503475
20940	-3427.644	-3597.083	169.4393	1.343356	0.523526	0.476474	2.786771
20946	-3431.41	-3601.431	170.0211	1.533407	0.497395	0.502605	2.306211
20952	-3436.04	-3606.446	170.4059	1.504567	0.497395	0.502605	2.075512
20958	-3434.219	-3604.914	170.695	1.534604	0.603456	0.396544	1.861541
20964	-3430.384	-3601.176	170.7915	1.638776	0.52068	0.47932	1.722353
20970	-3423.697	-3594.226	170.5296	1.582311	0.63417	0.36583	1.941395
20976	-3421.406	-3592.254	170.8474	1.507267	0.536412	0.463588	1.77528
20982	-3423.864	-3594.466	170.6017	1.618484	0.647175	0.352825	1.867983
20988	-3432.113	-3602.715	170.6017	1.618484	0.502894	0.497106	1.867983
20994	-3440.647	-3611.311	170.6639	1.55625	0.599452	0.400548	1.867983
21000	-3447.199	-3617.535	170.3364	1.607313	0.518134	0.481866	2.053563
21006	-3445.496	-3616.184	170.6881	1.710454	0.621754	0.378246	1.744662
21012	-3452.33	-3622.907	170.5772	1.710454	0.550551	0.449449	1.821713
21018	-3442.561	-3612.858	170.2968	1.488649	0.581385	0.418615	2.157385
21024	-3448.188	-3618.714	170.5254	1.584378	0.516261	0.483739	1.942823
21030	-3448.349	-3617.261	168.912	1.195396	0.587562	0.412438	3.192325
21036	-3441.467	-3610.755	169.2878	1.321329	0.617876	0.382124	2.892035
21042	-3452.048	-3622.809	170.7607	1.632309	0.576304	0.423696	1.748519
21048	-3451.951	-3622.619	170.6686	1.698558	0.61509	0.38491	1.766588
21054	-3444.616	-3614.715	170.0984	1.484885	0.645761	0.354239	2.287809
21060	-3436.975	-3607.187	170.2126	1.534676	0.645761	0.354239	2.182159
21066	-3438.447	-3608.599	170.1518	1.489131	0.393015	0.606985	2.250803
21072	-3441.257	-3612.295	171.0377	1.663045	0.570263	0.429737	1.526899
21078	-3442.837	-3613.868	171.0309	1.669792	0.596808	0.403192	1.526899
21084	-3430.635	-3601.028	170.3936	1.678374	0.536772	0.463228	1.968251
21090	-3439.376	-3609.943	170.5665	1.474208	0.549624	0.450376	1.989162
21096	-3437.76	-3607.29	169.5302	1.320017	0.490651	0.509349	2.74552
21102	-3431.486	-3600.425	168.9388	1.244065	0.538419	0.461581	3.147505
21108	-3434.064	-3602.259	168.1948	1.249019	0.434146	0.565854	3.581634
21114	-3436.321	-3605.181	168.8593	1.260732	0.46194	0.53806	3.184831
21120	-3426.141	-3595.348	169.2073	1.30603	0.518961	0.481039	2.949882
21126	-3432.933	-3602.081	169.1481	1.365174	0.531894	0.468106	2.949882
21132	-3435.285	-3604.697	169.4126	1.327789	0.499099	0.500901	2.812457
21138	-3446.799	-3616.195	169.3956	1.461406	0.529299	0.470701	2.741358
21144	-3441.86	-3612.11	170.25	1.424764	0.637754	0.362246	2.229049
21150	-3429.68	-3599.377	169.6971	1.497317	0.471397	0.528603	2.533169
21156	-3434.339	-3604.573	170.2335	1.499161	0.50636	0.49364	2.191629
21162	-3445.458	-3616.034	170.5759	1.548461	0.654599	0.345401	1.932977
21168	-3442.335	-3611.967	169.6316	1.414283	0.669205	0.330795	2.625293
21174	-3442.05	-3610.861	168.8107	1.250074	0.669205	0.330795	3.219909
21180	-3440.752	-3609.839	169.0869	1.22417	0.669205	0.330795	3.071137
21186	-3437.262	-3606.414	169.1516	1.301853	0.543741	0.456259	2.985873
21192	-3438.556	-3607.837	169.2812	1.294136	0.509422	0.490578	2.912486
21198	-3443.551	-3611.789	168.2384	1.165729	0.505841	0.494159	3.604669
21204	-3437.968	-3606.193	168.2246	1.179576	0.479374	0.520626	3.604669
21210	-3436.763	-3604.666	167.9027	1.136279	0.578626	0.421374	3.815705
21216	-3446.637	-3613.569	166.9327	1.1239	0.549456	0.450544	4.375329
21222	-3447.255	-3615.194	167.939	1.052694	0.525926	0.474074	3.842935
21228	-3440.926	-3610.143	169.217	1.260579	0.52596	0.47404	2.971389
21234	-3442.511	-3611.751	169.2402	1.294702	0.605217	0.394783	2.936848
21240	-3435.911	-3605.192	169.2807	1.254243	0.605217	0.394783	2.936848
21246	-3433.62	-3602.518	168.8983	1.262755	0.570336	0.429664	3.16048
21252	-3440.14	-3609.121	168.9816	1.179421	0.58997	0.41003	3.16048
21258	-3446.04	-3616.14	170.0996	1.397861	0.655105	0.344895	2.342516
21264	-3450.281	-3620.807	170.5263	1.502079	0.567983	0.432017	1.997354
21270	-3446.885	-3617.522	170.6373	1.51982	0.567983	0.432017	1.91089
21276	-3447.331	-3617.725	170.3946	1.517285	0.541796	0.458204	2.07457
21282	-3446.415	-3616.37	169.9555	1.476767	0.607439	0.392561	2.383843
21288	-3446.827	-3616.318	169.4919	1.382851	0.627314	0.372686	2.730525
21294	-3449.602	-3619.065	169.4636	1.368171	0.665698	0.334302	2.75679
21300	-3449.028	-3619.218	170.1897	1.442903	0.532873	0.467127	2.256158
21306	-3456.351	-3626.838	170.4871	1.416534	0.570894	0.429106	2.080028
21312	-3457.782	-3628.57	170.7885	1.58358	0.549548	0.450452	1.763132
21318	-3456.826	-3627.562	170.7361	1.636033	0.649331	0.350669	1.763132
21324	-3448.434	-3619.002	170.568	1.526263	0.59999	0.40001	1.953261
21330	-3450.632	-3620.373	169.7411	1.536579	0.607555	0.392445	2.481172
21336	-3449.203	-3619.303	170.1006	1.491802	0.550183	0.449817	2.281952
21342	-3446.183	-3616.054	169.8707	1.492121	0.53875	0.46125	2.427734
21348	-3446.637	-3616.937	170.3	1.40018	0.71285	0.28715	2.212654
21354	-3433.462	-3603.604	170.1417	1.536369	0.596883	0.403117	2.226894
21360	-3436.292	-3606.172	169.8802	1.467255	0.499848	0.500152	2.437389
21366	-3433.502	-3603.23	169.7284	1.403664	0.63996	0.36004	2.571949
21372	-3434.297	-3603.783	169.4865	1.314216	0.673799	0.326201	2.775735
21378	-3436.723	-3605.932	169.2086	1.315057	0.605554	0.394446	2.943661
21384	-3438.278	-3607.263	168.9854	1.296022	0.674887	0.325113	3.088799
21390	-3438.212	-3607.976	169.7639	1.41612	0.599328	0.400672	2.542144
21396	-3433.387	-3603.556	170.1694	1.45417	0.577355	0.422645	2.261968
21402	-3437.912	-3608.456	170.5447	1.556055	0.681643	0.318357	1.948874
21408	-3437.308	-3608.042	170.7339	1.565679	0.489457	0.510543	1.813501
21414	-3433.72	-3603.985	170.2643	1.527308	0.474092	0.525908	2.153327
21420	-3427.995	-3598.57	170.5748	1.405237	0.644117	0.355883	2.029517
21426	-3435.454	-3605.728	170.2741	1.391773	0.484046	0.515954	2.234753
21432	-3444.122	-3614.598	170.4753	1.49883	0.487802	0.512198	2.033412
21438	-3431.49	-3601.34	169.8505	1.387733	0.487802	0.512198	2.50582
21444	-3438.533	-3607.945	169.4128	1.314236	0.605367	0.394633	2.820616
21450	-3449.983	-3619.25	169.2673	1.285796	0.69186	0.30814	2.925892
21456	-3450.355	-3619.613	169.2577	1.295397	0.577566	0.422434	2.925892
21462	-3462.984	-3631.034	168.0495	1.211338	0.544352	0.455648	3.687734
21468	-3451.289	-3619.546	168.2565	1.216221	0.493115	0.506885	3.564833
21474	-3448.106	-3616.389	168.283	1.189718	0.647711	0.352289	3.564833
21480	-3448.164	-3616.38	168.2161	1.272648	0.517244	0.482756	3.55554
21486	-3449.321	-3618.356	169.0348	1.430968	0.699733	0.300267	2.97849
21492	-3448.729	-3618.678	169.9489	1.417867	0.632723	0.367277	2.42521
21498	-3453.124	-3623.026	169.9015	1.372397	0.707619	0.292381	2.483541
21504	-3450.025	-3618.197	168.1721	1.253222	0.637778	0.362222	3.59238
21510	-3442.329	-3612.03	169.7013	1.38854	0.493601	0.506399	2.598118
21516	-3432.96	-3603.047	170.0868	1.432246	0.552924	0.447076	2.32878
21522	-3433.612	-3603.328	169.7157	1.337963	0.638262	0.361738	2.620475
21528	-3441.618	-3610.464	168.8469	1.175776	0.672575	0.327425	3.242499
21534	-3441.621	-3608.287	166.6659	1.089656	0.621748	0.378252	4.544852
21540	-3435.288	-3603.512	168.2241	1.305635	0.660419	0.339581	3.531629
21546	-3438.536	-3608.271	169.7356	1.4585	0.576009	0.423991	2.533368
21552	-3449.761	-3619.916	170.1549	1.447915	0.576366	0.423634	2.275294
21558	-3443.339	-3612.753	169.4136	1.447915	0.63003	0.36997	2.738607
21564	-3439.49	-3608.113	168.623	1.358673	0.671583	0.328417	3.266721
21570	-3423.34	-3592.538	169.1976	1.350811	0.623463	0.376537	2.928729
21576	-3428.877	-3597.853	168.9757	1.303837	0.603559	0.396441	3.089943
21582	-3432.939	-3601.663	168.7245	1.209123	0.641609	0.358391	3.295048
21588	-3445.595	-3614.179	168.5846	1.092108	0.70695	0.29305	3.445887
21594	-3433.796	-3602.288	168.4916	1.228706	0.606083	0.393917	3.420354
21600	-3427.314	-3596.332	169.0179	1.250749	0.594425	0.405575	3.096426
21606	-3434.629	-3602.934	168.3044	1.267713	0.645728	0.354272	3.506941
21612	-3437.319	-3606.913	169.5935	1.424694	0.681382	0.318618	2.642389
21618	-3444.197	-3613.726	169.5294	1.488768	0.603299	0.396701	2.642389
21624	-3445.819	-3615.232	169.413	1.427559	0.699232	0.300768	2.751411
21630	-3444.052	-3614.516	170.4639	1.38231	0.642396	0.357604	2.117731
21636	-3451.82	-3622.242	170.4217	1.424508	0.652127	0.347873	2.117731
21642	-3457.624	-3627.385	169.7601	1.408533	0.670829	0.329171	2.549215
21648	-3451.375	-3620.952	169.5763	1.213824	0.600996	0.399004	2.782188
21654	-3444.958	-3613.241	168.2836	1.155773	0.69067	0.30933	3.584233
21660	-3450.513	-3619.566	169.0537	1.331248	0.651678	0.348322	3.026926
21666	-3435.161	-3605.166	170.0046	1.457025	0.694279	0.305721	2.365272
21672	-3436.712	-3606.355	169.6436	1.450708	0.620467	0.379533	2.595364
21678	-3444.772	-3614.417	169.6451	1.382292	0.596586	0.403414	2.636688
21684	-3438.494	-3608.481	169.9869	1.420454	0.7015	0.2985	2.399607
21690	-3449.183	-3619.211	170.0283	1.45353	0.642913	0.357087	2.352426
21696	-3444.6	-3614.329	169.7282	1.486004	0.546225	0.453775	2.520836
21702	-3434.997	-3604.748	169.7513	1.361129	0.546225	0.453775	2.584104
21708	-3444.872	-3614.623	169.7513	1.361129	0.531663	0.468337	2.584104
21714	-3438.51	-3608.681	170.171	1.490442	0.632836	0.367164	2.237629
21720	-3430.371	-3600.47	170.0999	1.460894	0.695012	0.304988	2.302141
21726	-3427.025	-3596.792	169.7668	1.498742	0.674539	0.325461	2.488792
21732	-3437.407	-3607.821	170.4143	1.452966	0.707117	0.292883	2.103933
21738	-3430.166	-3600.325	170.159	1.439919	0.650349	0.349651	2.27778
21744	-3428.68	-3598.687	170.007	1.349067	0.662007	0.337993	2.431946
21750	-3427.093	-3596.13	169.0362	1.310159	0.693838	0.306162	3.050017
21756	-3433.413	-3602.676	169.2624	1.314289	0.482313	0.517687	2.911681
21762	-3436.43	-3605.696	169.266	1.310627	0.700815	0.299185	2.911681
21768	-3431.754	-3601.705	169.9511	1.43014	0.596871	0.403129	2.416076
21774	-3433.583	-3603.959	170.3763	1.499765	0.673209	0.326791	2.098158
21780	-3434.82	-3604.638	169.8179	1.396361	0.618036	0.381964	2.520814
21786	-3442.903	-3612.523	169.6206	1.377948	0.618036	0.381964	2.6545
21792	-3442.792	-3612.55	169.7579	1.321066	0.657068	0.342932	2.604841
21798	-3436.223	-3605.227	169.0044	1.193462	0.657068	0.342932	3.138625
21804	-3442.459	-3611.984	169.5258	1.298906	0.561543	0.438457	2.761116
21810	-3441.129	-3611.26	170.1312	1.518256	0.707053	0.292947	2.245318
21816	-3440.365	-3609.357	168.9919	1.28024	0.712264	0.287736	3.094391
21822	-3443.753	-3611.705	167.9517	1.178654	0.722549	0.277451	3.763068
21828	-3445.69	-3614.986	169.2966	1.203514	0.636073	0.363927	2.957782
21834	-3446.902	-3616.325	169.423	1.269027	0.676695	0.323305	2.84188
21840	-3440.104	-3608.189	168.0843	1.251518	0.680068	0.319932	3.644339
21846	-3437.299	-3606.078	168.7786	1.251518	0.549975	0.450025	3.238085
21852	-3441.809	-3611.016	169.2075	1.29713	0.777882	0.222118	2.955079
21858	-3436.09	-3605.749	169.6583	1.350956	0.674747	0.325253	2.647894
21864	-3451.872	-3622.01	170.1381	1.431327	0.431538	0.568462	2.296679
21870	-3454.856	-3622.479	167.6229	1.070968	0.553642	0.446358	4.013573
21876	-3443.982	-3611.623	167.6418	1.051975	0.615325	0.384675	4.013573
21882	-3437.444	-3606.241	168.7966	1.107678	0.529411	0.470589	3.312323
21888	-3444.278	-3614.073	169.7944	1.304128	0.546855	0.453145	2.592705
21894	-3437.571	-3608.129	170.5582	1.432915	0.698178	0.301822	2.02215
21900	-3444.925	-3613.847	168.9216	1.351608	0.620628	0.379372	3.093729
21906	-3443.188	-3612.702	169.5144	1.346836	0.603369	0.396631	2.738769
21912	-3439.382	-3608.898	169.5166	1.344689	0.603369	0.396631	2.738769
21918	-3431.724	-3600.088	168.3643	1.192061	0.579846	0.420154	3.516143
21924	-3442.304	-3611.642	169.3383	1.301204	0.540187	0.459813	2.873705
21930	-3442.851	-3611.628	168.7773	1.216323	0.540187	0.459813	3.259625
21936	-3445.947	-3614.213	168.2658	1.217821	0.732886	0.267114	3.558518
21942	-3446.314	-3615.283	168.9691	1.146004	0.625278	0.374722	3.187718
21948	-3445.969	-3614.744	168.775	1.12539	0.625278	0.374722	3.314607
21954	-3438.632	-3607.699	169.0668	1.282164	0.670071	0.329929	3.048468
21960	-3440.06	-3609.294	169.2346	1.286147	0.610617	0.389383	2.945362
21966	-3444.516	-3614.276	169.7608	1.389055	0.610617	0.389383	2.560907
21972	-3454.937	-3624.894	169.9575	1.360516	0.647268	0.352732	2.455856
21978	-3455.7	-3625.14	169.4407	1.353016	0.558645	0.441355	2.780019
21984	-3454.485	-3624.681	170.1964	1.423338	0.711569	0.288431	2.26444
21990	-3440.979	-3610.769	169.7901	1.388459	0.688534	0.311466	2.543054
21996	-3442.418	-3611.659	169.241	1.344774	0.687945	0.312055	2.906177
22002	-3449.155	-3617.969	168.8134	1.524777	0.613903	0.386097	3.054928
22008	-3437.213	-3605.544	168.3306	1.204392	0.658946	0.341054	3.528619
22014	-3440.897	-3609.311	168.4139	1.188459	0.531626	0.468374	3.48933
22020	-3439.517	-3607.278	167.7613	1.116819	0.56376	0.43624	3.908111
22026	-3437.993	-3607.016	169.0227	1.177221	0.675184	0.324816	3.137359
22032	-3433.813	-3601.763	167.9502	1.143576	0.461955	0.538045	3.784145
22038	-3439.192	-3606.915	167.723	1.193508	0.729553	0.270447	3.88607
22044	-3455.172	-3624.019	168.8464	1.289713	0.567659	0.432341	3.175254
22050	-3450.414	-3619.616	169.2024	1.257712	0.666253	0.333747	2.981868
22056	-3434.405	-3603.45	169.0453	1.329808	0.648375	0.351625	3.032862
22062	-3432.504	-3601.983	169.4789	1.343915	0.583847	0.416153	2.76228
22068	-3445.001	-3615.4	170.3984	1.371904	0.584096	0.415904	2.167179
22074	-3440.208	-3610.443	170.2345	1.535897	0.56006	0.43994	2.167179
22080	-3453.24	-3623.412	170.1725	1.561841	0.628969	0.371031	2.190537
22086	-3450.462	-3620.505	170.0427	1.508951	0.649717	0.350283	2.308035
22092	-3456.562	-3626.077	169.5155	1.445221	0.629437	0.370563	2.677787
22098	-3442.321	-3611.995	169.6736	1.28713	0.58434	0.41566	2.677787
22104	-3433.36	-3602.992	169.6317	1.285274	0.55219	0.44781	2.704664
22110	-3439.248	-3609.518	170.2704	1.427473	0.604287	0.395713	2.214116
22116	-3442.614	-3612.09	169.4751	1.353084	0.576504	0.423496	2.758972
22122	-3441.297	-3610.742	169.4449	1.329557	0.492286	0.507714	2.791746
22128	-3446.949	-3616.945	169.9964	1.40663	0.672446	0.327554	2.402375
22134	-3444.78	-3615.158	170.3783	1.444161	0.487324	0.512676	2.133256
22140	-3440.298	-3610.532	170.2341	1.546656	0.518503	0.481497	2.160394
22146	-3431.231	-3601.641	170.4099	1.53487	0.612554	0.387446	2.052888
22152	-3455.131	-3626.565	171.4346	1.912744	0.566917	0.433083	0.9837717
22158	-3453.885	-3625.356	171.4707	2.053495	0.495975	0.504025	0.7781111
22164	-3429.608	-3600.155	170.5473	1.476334	0.558838	0.441162	2.000556
22170	-3427.624	-3597.857	170.233	1.423623	0.566444	0.433556	2.240741
22176	-3423.124	-3593.66	170.5354	1.457672	0.55473	0.44527	2.020879
22182	-3428.463	-3598.973	170.5097	1.546216	0.578768	0.421232	1.978972
22188	-3434.742	-3605.327	170.5844	1.534366	0.46209	0.53791	1.936778
22194	-3441.809	-3612.368	170.5596	1.467681	0.540602	0.459398	1.998124
22200	-3431.682	-3602.084	170.4023	1.483883	0.599584	0.400416	2.091462
22206	-3431.839	-3602.298	170.4585	1.501487	0.674469	0.325531	2.042816
22212	-3435.92	-3606.849	170.9294	1.59387	0.508011	0.491989	1.656334
22218	-3445.732	-3616.616	170.8844	1.638853	0.539262	0.460738	1.656334
22224	-3432.688	-3603.649	170.9605	1.67084	0.576508	0.423492	1.578108
22230	-3443.048	-3614.125	171.0773	1.654319	0.583435	0.416565	1.503814
22236	-3433.462	-3604.493	171.0308	1.66311	0.559714	0.440286	1.531929
22242	-3431.37	-3602.629	171.2594	1.66533	0.535833	0.464167	1.355279
22248	-3434.413	-3605.473	171.0603	1.809914	0.577209	0.422791	1.398059
22254	-3432.153	-3603.314	171.1615	1.836541	0.60422	0.39578	1.29642
22260	-3435.275	-3606.424	171.1492	1.877553	0.615043	0.384957	1.272894
22266	-3434.082	-3605.465	171.3831	1.771595	0.652298	0.347702	1.16441
22272	-3440.271	-3611.381	171.1107	1.811851	0.53179	0.46821	1.357041
22278	-3436.462	-3607.672	171.2098	1.672386	0.505348	0.494652	1.388769
22284	-3435.002	-3606.226	171.2238	1.739109	0.648557	0.351443	1.324808
22290	-3434.443	-3604.862	170.418	1.57453	0.711421	0.288579	2.021214
22296	-3434.535	-3604.943	170.4086	1.400797	0.548021	0.451979	2.141781
22302	-3433.267	-3603.564	170.2977	1.583923	0.59711	0.40289	2.094453
22308	-3436.283	-3606.692	170.4086	1.47311	0.59711	0.40289	2.094453
22314	-3441.445	-3611.485	170.0401	1.409282	0.59711	0.40289	2.37305
22320	-3430.112	-3600.195	170.0826	1.512668	0.677054	0.322946	2.280131
22326	-3430.635	-3601.404	170.7689	1.596997	0.468413	0.531587	1.76744
22332	-3437.842	-3607.914	170.0717	1.507571	0.468413	0.531587	2.290345
22338	-3430.035	-3599.872	169.8363	1.409139	0.52303	0.47697	2.50131
22344	-3432.158	-3600.758	168.6	1.335331	0.581922	0.418078	3.294021
22350	-3431.018	-3601.326	170.3085	1.389954	0.581922	0.418078	2.21377
22356	-3436.381	-3605.25	168.869	1.319709	0.540915	0.459085	3.144019
22362	-3433.92	-3603.215	169.2959	1.37824	0.414487	0.585513	2.852721
22368	-3434.944	-3604.924	169.9801	1.414485	0.542325	0.457675	2.407677
22374	-3439.577	-3610.519	170.9412	1.567028	0.542325	0.457675	1.667076
22380	-3441.253	-3611.869	170.6164	1.530131	0.437324	0.562676	1.918002
22386	-3436.866	-3607.533	170.6667	1.538902	0.551854	0.448146	1.877938
22392	-3432.77	-3603.433	170.6635	1.567657	0.6762	0.3238	1.860503
22398	-3447.271	-3617.603	170.3326	1.562432	0.580508	0.419492	2.085639
22404	-3436.14	-3605.321	169.1816	1.232595	0.58332	0.41668	3.009426
22410	-3436.811	-3605.991	169.1803	1.233912	0.520106	0.479894	3.009426
22416	-3436.629	-3605.289	168.6591	1.233912	0.520106	0.479894	3.318964
22422	-3432.084	-3600.819	168.7357	1.204772	0.61157	0.38843	3.291017
22428	-3443.298	-3611.862	168.5634	1.176691	0.533091	0.466909	3.408768
22434	-3443.482	-3611.21	167.728	1.119005	0.503297	0.496703	3.925924
22440	-3451.676	-3619.087	167.4107	1.042985	0.50394	0.49606	4.150385
22446	-3450.19	-3619.566	169.3761	1.184839	0.537015	0.462985	2.92119
22452	-3436.08	-3605.702	169.6223	1.293945	0.597029	0.402971	2.705105
22458	-3441.094	-3610.339	169.2445	1.303647	0.509424	0.490576	2.928861
22464	-3445.549	-3614.938	169.3888	1.291166	0.510349	0.489651	2.849162
22470	-3443.046	-3612.878	169.8326	1.368994	0.581382	0.418618	2.528693
22476	-3442.748	-3611.771	169.0226	1.342661	0.552811	0.447189	3.03873
22482	-3440.032	-3609.154	169.1216	1.16441	0.543425	0.456575	3.086084
22488	-3432.663	-3600.567	167.9037	1.153765	0.603302	0.396698	3.805075
22494	-3438.78	-3606.704	167.9243	1.08497	0.603302	0.396698	3.832781
22500	-3442.972	-3611.567	168.5948	1.233818	0.539287	0.460713	3.356802
22506	-3441.417	-3610.079	168.6621	1.166588	0.625547	0.374453	3.356802
22512	-3455.624	-3622.537	166.9126	1.163756	0.619166	0.380834	4.364201
22518	-3439.586	-3607.994	168.4086	1.121482	0.479806	0.520194	3.531438
22524	-3440.918	-3609.825	168.9061	1.262271	0.543183	0.456817	3.156118
22530	-3448.939	-3617.196	168.2575	1.219548	0.715026	0.284974	3.562326
22536	-3435.816	-3605.203	169.3866	1.351431	0.573758	0.426242	2.813895
22542	-3437.01	-3606.728	169.7182	1.415135	0.49714	0.50286	2.571125
22548	-3438.769	-3608.561	169.7921	1.415135	0.583923	0.416077	2.525204
22554	-3442.467	-3611.978	169.5114	1.491795	0.486687	0.513313	2.651625
22560	-3441.076	-3611.519	170.4425	1.514267	0.705671	0.294329	2.044912
22566	-3442.851	-3611.119	168.2685	1.311695	0.478213	0.521787	3.502224
22572	-3437.749	-3605.971	168.2222	1.26357	0.593473	0.406527	3.557273
22578	-3427.858	-3597.509	169.6507	1.331692	0.606822	0.393178	2.664414
22584	-3438.83	-3608.876	170.0462	1.35816	0.609864	0.390136	2.401516
22590	-3432.437	-3602.168	169.7316	1.379692	0.539242	0.460758	2.584813
22596	-3437.834	-3608.307	170.473	1.446078	0.586203	0.413797	2.069847
22602	-3435.49	-3606.274	170.7835	1.668228	0.719916	0.280084	1.707187
22608	-3436.757	-3607.06	170.3034	1.466155	0.69629	0.30371	2.167707
22614	-3435.386	-3605.594	170.2078	1.434278	0.632065	0.367935	2.250093
22620	-3430.964	-3600.682	169.7182	1.396144	0.64913	0.35087	2.582908
22626	-3434.197	-3604.279	170.0818	1.434159	0.58391	0.41609	2.33073
22632	-3447.471	-3617.395	169.9241	1.377276	0.630244	0.369756	2.466288
22638	-3449.277	-3619.483	170.2058	1.458979	0.547972	0.452028	2.235457
22644	-3436.558	-3605.948	169.3901	1.370927	0.652609	0.347391	2.799901
22650	-3444.5	-3614.255	169.7557	1.423401	0.664062	0.335938	2.5427
22656	-3444.709	-3614.993	170.2843	1.363536	0.572116	0.427884	2.246403
22662	-3436.213	-3605.353	169.1406	1.281998	0.665827	0.334173	3.004406
22668	-3437.418	-3606.875	169.4568	1.346033	0.519014	0.480986	2.774476
22674	-3434.969	-3603.201	168.2314	1.211678	0.759802	0.240198	3.582078
22680	-3429.049	-3599.075	170.0255	1.340658	0.563471	0.436529	2.425581
22686	-3435.717	-3605.492	169.7749	1.408701	0.648712	0.351288	2.539888
22692	-3437.916	-3608.368	170.4517	1.534637	0.520588	0.479412	2.025348
22698	-3454.341	-3625.062	170.7209	1.539759	0.609773	0.390227	1.840256
22704	-3451.172	-3621.467	170.2953	1.527072	0.520834	0.479166	2.133256
22710	-3444.134	-3614.458	170.3238	1.471093	0.617574	0.382426	2.151188
22716	-3444.624	-3614.933	170.3097	1.499476	0.562045	0.437955	2.141907
22722	-3439.106	-3609.046	169.9398	1.438892	0.609614	0.390386	2.417721
22728	-3430.44	-3600.784	170.3442	1.47145	0.630117	0.369883	2.137708
22734	-3426.534	-3595.739	169.2053	1.414146	0.613679	0.386321	2.885798
22740	-3447.465	-3616.757	169.2921	1.384798	0.663736	0.336264	2.851009
22746	-3440.677	-3610.888	170.2109	1.390648	0.560141	0.439859	2.276097
22752	-3441.803	-3610.607	168.8038	1.265959	0.568316	0.431684	3.21463
22758	-3443.773	-3612.604	168.8308	1.190233	0.532958	0.467042	3.243439
22764	-3433.249	-3602.046	168.7969	1.224188	0.653997	0.346003	3.243439
22770	-3428.936	-3598.239	169.3035	1.143305	0.658163	0.341837	2.989844
22776	-3417.871	-3587.243	169.3725	1.284578	0.597811	0.402189	2.863046
22782	-3419.962	-3589.422	169.4592	1.284578	0.61454	0.38546	2.810397
22788	-3428.12	-3597.67	169.5499	1.43435	0.61454	0.38546	2.663279
22794	-3436.972	-3606.376	169.4041	1.357419	0.594674	0.405326	2.799652
22800	-3452.695	-3622.865	170.1703	1.431546	0.594604	0.405396	2.275896
22806	-3455.197	-3625.318	170.1214	1.450107	0.544595	0.455405	2.295348
22812	-3454.174	-3622.625	168.4504	1.127257	0.577731	0.422269	3.503739
22818	-3446.326	-3615.511	169.1854	1.206585	0.615207	0.384793	3.022718
22824	-3448.411	-3616.665	168.2541	1.217095	0.605713	0.394287	3.565712
22830	-3439.222	-3608.588	169.3657	1.21905	0.549875	0.450125	2.906803
22836	-3434.707	-3604.094	169.3867	1.353718	0.576497	0.423503	2.812483
22842	-3443.718	-3612.764	169.0458	1.293134	0.614331	0.385669	3.054454
22848	-3438.889	-3608.014	169.1245	1.263874	0.588724	0.411276	3.024921
22854	-3448.294	-3617.5	169.2054	1.279338	0.524767	0.475233	2.96705
22860	-3463.904	-3635.261	171.3569	2.15962	0.540534	0.459466	0.7886307
22866	-3445.305	-3616.732	171.4265	2.086092	0.468905	0.531095	0.7940669
22872	-3438.858	-3610.284	171.4263	2.037387	0.468905	0.531095	0.8561901
22878	-3444.56	-3615.865	171.3053	2.07582	0.508902	0.491098	0.9487782
22884	-3439.092	-3610.43	171.3377	2.067457	0.580066	0.419934	0.9230188
22890	-3450.463	-3621.897	171.4348	2.016861	0.574765	0.425235	0.8703858
22896	-3443.294	-3614.777	171.4828	1.900662	0.588906	0.411094	0.9462766
22902	-3441.691	-3613.045	171.3546	1.991922	0.627041	0.372959	0.9846736
22908	-3437.088	-3608.55	171.4624	1.904095	0.492818	0.507182	0.9641797
22914	-3446.186	-3617.505	171.3197	1.909494	0.495225	0.504775	1.097572
22920	-3453.981	-3625.312	171.3302	1.817226	0.557765	0.442235	1.170772
22926	-3441.89	-3613.19	171.3	1.85021	0.640567	0.359433	1.168347
22932	-3432.783	-3603.816	171.0326	1.632076	0.498823	0.501177	1.553606
22938	-3433.773	-3604.278	170.5046	1.556839	0.439634	0.560366	1.975283
22944	-3440.808	-3611.23	170.4214	1.588919	0.573612	0.426388	2.00943
22950	-3443.329	-3613.757	170.4278	1.582487	0.57136	0.42864	2.00943
22956	-3443.487	-3613.975	170.4877	1.522586	0.471001	0.528999	2.00943
22962	-3440.777	-3611.731	170.9536	1.568032	0.618285	0.381715	1.657454
22968	-3446.535	-3617.333	170.7976	1.640679	0.64646	0.35354	1.716717
22974	-3444.627	-3615.356	170.7289	1.510226	0.594057	0.405943	1.854999
22980	-3452.137	-3622.617	170.4807	1.533018	0.580037	0.419963	2.007124
22986	-3444.16	-3614.895	170.7349	1.519297	0.590807	0.409193	1.844716
22992	-3438.87	-3609.107	170.2368	1.490524	0.455713	0.544287	2.195077
22998	-3452.258	-3622.277	170.0185	1.324406	0.548444	0.451556	2.440207
23004	-3453.538	-3620.719	167.1808	1.06698	0.614541	0.385459	4.267235
23010	-3445.058	-3613.856	168.7981	1.095131	0.596988	0.403012	3.318843
23016	-3438.085	-3607.048	168.9627	1.170792	0.589756	0.410244	3.176835
23022	-3443.316	-3611.967	168.6511	1.253458	0.571822	0.428178	3.312177
23028	-3454.942	-3624.71	169.768	1.361388	0.559034	0.440966	2.573571
23034	-3444.615	-3613.723	169.1081	1.361648	0.624677	0.375323	2.976079
23040	-3441.974	-3610.768	168.7939	1.23594	0.662367	0.337633	3.238242
23046	-3431.953	-3601.466	169.5128	1.239257	0.475513	0.524487	2.805402
23052	-3432.102	-3601.679	169.5778	1.341291	0.554313	0.445687	2.703356
23058	-3427.998	-3595.674	167.6757	1.161451	0.540274	0.459726	3.931562
23064	-3434.517	-3603.027	168.5094	1.15798	0.680952	0.319048	3.451308
23070	-3437.137	-3606.321	169.1838	1.22977	0.680952	0.319048	3.009764
23076	-3426.759	-3596.084	169.3248	1.243032	0.718972	0.281028	2.916996
23082	-3432.456	-3601.809	169.3528	1.347768	0.567635	0.432365	2.836677
23088	-3436.767	-3606.251	169.4841	1.174931	0.690096	0.309904	2.861884
23094	-3432.631	-3602.269	169.6379	1.335926	0.590574	0.409426	2.669703
23100	-3428.866	-3598.006	169.1405	1.317974	0.655058	0.344942	2.982837
23106	-3430.673	-3600.449	169.7764	1.381251	0.655058	0.344942	2.55603
23112	-3428.719	-3598.364	169.6441	1.327872	0.472969	0.527031	2.670843
23118	-3441.319	-3610.31	168.9915	1.215455	0.533841	0.466159	3.133164
23124	-3435.646	-3604.233	168.587	1.219156	0.702768	0.297232	3.369996
23130	-3445.956	-3614.18	168.2241	1.044719	0.617126	0.382874	3.683092
23136	-3444.188	-3613.377	169.189	1.318205	0.673604	0.326396	2.953559
23142	-3437.282	-3605.703	168.4214	1.084231	0.608162	0.391838	3.545711
23148	-3441.993	-3610.775	168.7824	1.324093	0.608162	0.391838	3.19285
23154	-3436.05	-3604.971	168.9209	1.199364	0.577753	0.422247	3.184668
23160	-3437.425	-3606.07	168.6443	1.2304	0.638865	0.361135	3.329756
23166	-3430.402	-3599.712	169.3105	1.266977	0.619575	0.380425	2.911169
23172	-3436.449	-3606.233	169.7837	1.315663	0.691548	0.308452	2.592212
23178	-3435.02	-3604.595	169.5748	1.355232	0.612211	0.387789	2.696615
23184	-3429.588	-3599.492	169.9042	1.30937	0.566941	0.433059	2.521253
23190	-3425.425	-3595.638	170.2132	1.398928	0.566941	0.433059	2.269347
23196	-3434.094	-3604.162	170.0678	1.544266	0.508966	0.491034	2.269347
23202	-3437.005	-3607.297	170.2917	1.459453	0.547116	0.452884	2.179664
23208	-3445.162	-3615.945	170.7833	1.552332	0.620828	0.379172	1.788554
23214	-3440.93	-3611.631	170.7005	1.57467	0.624972	0.375028	1.830324
23220	-3445.257	-3615.861	170.604	1.521186	0.701269	0.298731	1.932446
23226	-3442.652	-3612.998	170.3469	1.460944	0.659518	0.340482	2.142759
23232	-3440.145	-3610.1	169.955	1.41725	0.608672	0.391328	2.421744
23238	-3452.551	-3623.218	170.6673	1.563613	0.608672	0.391328	1.860638
23244	-3436.865	-3607.621	170.7567	1.645136	0.509441	0.490559	1.742351
23250	-3461.541	-3632.363	170.822	1.698426	0.684761	0.315239	1.658347
23256	-3460.833	-3631.936	171.1024	1.733076	0.705527	0.294473	1.425009
23262	-3442.629	-3612.971	170.3422	1.478786	0.558657	0.441343	2.134206
23268	-3436.951	-3606.809	169.8581	1.333994	0.431489	0.568511	2.534642
23274	-3441.437	-3611.76	170.3223	1.510697	0.508715	0.491285	2.126358
23280	-3443.875	-3613.701	169.8259	1.335484	0.508715	0.491285	2.553727
23286	-3440.541	-3610.777	170.2359	1.504875	0.582813	0.417187	2.186351
23292	-3446.608	-3617.19	170.5821	1.488283	0.582813	0.417187	1.969305
23298	-3450.938	-3620.885	169.9465	1.414071	0.514199	0.485801	2.429147
23304	-3443.904	-3613.611	169.7063	1.307021	0.452295	0.547705	2.645362
23310	-3448.191	-3617.49	169.2988	1.399657	0.615617	0.384383	2.837946
23316	-3447.061	-3616.606	169.545	1.431811	0.474666	0.525334	2.667897
23322	-3440.235	-3609.247	169.0123	1.373504	0.557432	0.442568	3.026445
23328	-3438.466	-3607.585	169.1188	1.266983	0.564946	0.435054	3.026445
23334	-3434.212	-3603.408	169.1958	1.237176	0.631836	0.368164	2.998127
23340	-3423.247	-3592.739	169.4922	1.318185	0.551493	0.448507	2.769848
23346	-3417.666	-3586.962	169.2963	1.354839	0.558502	0.441498	2.866625
23352	-3432.181	-3602.109	169.9282	1.431817	0.582611	0.417389	2.42944
23358	-3426.18	-3596.087	169.9064	1.395806	0.598229	0.401771	2.465816
23364	-3423.152	-3592.806	169.6539	1.395842	0.656336	0.343664	2.622912
23370	-3433.35	-3601.233	167.8823	1.118985	0.513327	0.486673	3.837387
23376	-3431.104	-3599.809	168.7051	1.234336	0.513327	0.486673	3.291617
23382	-3443.556	-3612.823	169.2666	1.327049	0.650819	0.349181	2.901403
23388	-3431.224	-3600.944	169.7203	1.355277	0.650819	0.349181	2.606912
23394	-3441.465	-3611.23	169.7646	1.366092	0.515272	0.484728	2.572808
23400	-3439.136	-3609.241	170.1053	1.399063	0.592087	0.407913	2.338122
23406	-3440.953	-3611.03	170.0772	1.456561	0.592087	0.407913	2.31941
23412	-3435.311	-3605.243	169.9325	1.456561	0.446466	0.553534	2.41117
23418	-3431.003	-3600.85	169.8466	1.438555	0.454383	0.545617	2.476461
23424	-3432.926	-3603.614	170.6881	1.509382	0.544422	0.455578	1.883482
23430	-3434.23	-3603.903	169.6729	1.306946	0.535055	0.464945	2.666036
23436	-3435.795	-3604.811	169.0167	1.344695	0.663902	0.336098	3.041055
23442	-3435.296	-3604.771	169.4746	1.318929	0.576147	0.423853	2.780098
23448	-3431.739	-3601.141	169.4017	1.304422	0.511637	0.488363	2.833314
23454	-3431.368	-3600.114	168.7457	1.2871	0.679588	0.320412	3.236481
23460	-3448.421	-3616.381	167.9602	1.21639	0.683277	0.316723	3.736435
23466	-3444.009	-3612.456	168.4475	1.188453	0.585149	0.414851	3.469703
23472	-3429.256	-3598.059	168.8033	1.230934	0.631348	0.368652	3.235619
23478	-3432.305	-3601.574	169.2692	1.167504	0.609938	0.390062	2.995909
23484	-3431.879	-3599.052	167.1733	1.057847	0.616532	0.383468	4.27667
23490	-3432.416	-3600.469	168.0529	1.302705	0.714701	0.285299	3.632862
23496	-3426.851	-3595.023	168.1715	1.184117	0.557336	0.442664	3.632862
23502	-3433.551	-3601.912	168.3611	1.176442	0.554305	0.445695	3.527101
23508	-3429.397	-3598.138	168.7409	1.221644	0.582504	0.417496	3.277978
23514	-3428.081	-3595.249	167.1681	1.079126	0.532297	0.467703	4.267574
23520	-3439.964	-3607.817	167.8529	1.175494	0.516653	0.483347	3.821799
23526	-3433.702	-3603.461	169.7595	1.360377	0.598556	0.401444	2.579499
23532	-3441.833	-3611.647	169.8139	1.305951	0.543642	0.456358	2.579499
23538	-3438.225	-3607.655	169.4299	1.363593	0.68811	0.31189	2.780136
23544	-3433.12	-3602.572	169.4516	1.341869	0.585059	0.414941	2.780136
23550	-3440.087	-3610.093	170.0053	1.343372	0.463493	0.536507	2.436616
23556	-3440.257	-3609.337	169.0795	1.254225	0.494215	0.505785	3.057563
23562	-3434.849	-3603.833	168.984	1.283271	0.513934	0.486066	3.097254
23568	-3431.952	-3600.888	168.9366	1.349088	0.542084	0.457916	3.086262
23574	-3429.64	-3599.167	169.5274	1.283061	0.612221	0.387779	2.769799
23580	-3445.306	-3615.03	169.7238	1.405338	0.703333	0.296667	2.573761
23586	-3439.2	-3608.221	169.0211	1.259966	0.522353	0.477647	3.089019
23592	-3431.532	-3600.918	169.3864	1.297072	0.491503	0.508497	2.847032
23598	-3431.036	-3600.52	169.4849	1.315358	0.533142	0.466858	2.776005
23604	-3437.461	-3606.753	169.2922	1.352563	0.610876	0.389124	2.870517
23610	-3433.988	-3603.478	169.4898	1.365654	0.588107	0.411893	2.742318
23616	-3438.728	-3608.098	169.3704	1.383152	0.64674	0.35326	2.80448
23622	-3437.38	-3605.53	168.1501	1.232364	0.670006	0.329994	3.617262
23628	-3442.057	-3610.953	168.8963	1.240712	0.59572	0.40428	3.174725
23634	-3434.72	-3604.58	169.8604	1.245748	0.59572	0.40428	2.588018
23640	-3436.641	-3605.664	169.0227	1.247913	0.602606	0.397394	3.095297
23646	-3434.525	-3603.919	169.3944	1.3333	0.551481	0.448519	2.820222
23652	-3433.789	-3602.461	168.6715	1.306065	0.588368	0.411632	3.269107
23658	-3436.537	-3605.108	168.5712	1.222316	0.543233	0.456767	3.377418
23664	-3431.386	-3600.016	168.6303	1.188527	0.543233	0.456767	3.362557
23670	-3440.987	-3610.181	169.1936	1.284784	0.543233	0.456767	2.970892
23676	-3449.535	-3619.427	169.8922	1.274645	0.533444	0.466556	2.550343
23682	-3444.695	-3615.397	170.7022	1.596058	0.643716	0.356284	1.81441
23688	-3436.441	-3606.964	170.5233	1.519998	0.59809	0.40191	1.987387
23694	-3428.037	-3598.489	170.4529	1.434802	0.59809	0.40191	2.090519
23700	-3435.446	-3605.483	170.0368	1.524105	0.704329	0.295671	2.302072
23706	-3438.551	-3608.787	170.2358	1.479176	0.562381	0.437619	2.203106
23712	-3440.137	-3610.059	169.9223	1.487426	0.577736	0.422264	2.398142
23718	-3452.793	-3622.996	170.2029	1.443149	0.577736	0.422264	2.24754
23724	-3455.516	-3626.163	170.6463	1.680937	0.497145	0.502855	1.794339
23730	-3450.196	-3621.248	171.0517	1.757448	0.511834	0.488166	1.445186
23736	-3439.45	-3610.317	170.8673	1.77336	0.555207	0.444793	1.571275
23742	-3437.219	-3608.668	171.4482	1.839898	0.553586	0.446414	1.042347
23748	-3445.734	-3616.963	171.2286	1.978209	0.540595	0.459405	1.117974
23754	-3441.847	-3613.123	171.2756	1.943259	0.540595	0.459405	1.107053
23760	-3429.14	-3600.527	171.3875	1.952354	0.499241	0.500759	0.9913602
23766	-3424.905	-3596.332	171.4275	1.992638	0.582151	0.417849	0.9064383
23772	-3440.822	-3612.196	171.3744	1.995447	0.623649	0.376351	0.9606842
23778	-3433.54	-3604.996	171.4562	2.045727	0.570949	0.429051	0.8081524
23784	-3439.647	-3611.162	171.5152	1.986821	0.661329	0.338671	0.8081524
23790	-3436.426	-3607.822	171.3966	2.157592	0.531309	0.468691	0.7337883
23796	-3443.812	-3615.244	171.4316	2.115113	0.613964	0.386036	0.7452416
23802	-3440.546	-3611.869	171.323	2.115113	0.611857	0.388143	0.8861361
23808	-3450.838	-3622.267	171.4286	2.013129	0.619989	0.380011	0.8819961
23814	-3446.485	-3617.918	171.4327	1.952405	0.49578	0.50422	0.9446037
23820	-3437.592	-3609.109	171.5172	1.952405	0.49578	0.50422	0.848973
23826	-3443.703	-3615.163	171.4602	2.083489	0.557014	0.442986	0.7498287
23832	-3432.78	-3604.217	171.4365	2.083489	0.557014	0.442986	0.7839156
23838	-3446.912	-3618.233	171.321	2.137054	0.4872	0.5128	0.8628846
23844	-3463.028	-3632.689	169.6609	1.327478	0.610028	0.389972	2.660754
23850	-3447.831	-3617.456	169.6247	1.360688	0.50866	0.49134	2.662626
23856	-3439.289	-3608.921	169.6325	1.35283	0.50866	0.49134	2.662626
23862	-3441.168	-3610.988	169.8201	1.412004	0.529976	0.470024	2.509679
23868	-3449.408	-3619.463	170.0547	1.402806	0.560237	0.439763	2.367867
23874	-3440.63	-3609.285	168.6555	1.254425	0.620598	0.379402	3.309009
23880	-3432.98	-3601.398	168.4183	1.216892	0.630753	0.369247	3.470136
23886	-3427.584	-3596.737	169.1525	1.277109	0.630753	0.369247	3.000164
23892	-3430.363	-3600.466	170.1023	1.345541	0.574183	0.425817	2.373986
23898	-3430.265	-3600.148	169.883	1.395021	0.606125	0.393875	2.480937
23904	-3436.183	-3605.568	169.3846	1.317074	0.653433	0.346567	2.835985
23910	-3436.201	-3605.242	169.0406	1.355547	0.525602	0.474398	3.020264
23916	-3447.136	-3616.258	169.122	1.292849	0.497606	0.502394	3.009024
23922	-3447.116	-3615.619	168.5031	1.039074	0.710101	0.289899	3.524424
23928	-3442.233	-3610.185	167.9517	1.12579	0.689131	0.310869	3.793526
23934	-3440.358	-3609.758	169.3994	1.203434	0.545116	0.454884	2.895891
23940	-3442.238	-3610.718	168.48	1.236694	0.543388	0.456612	3.42246
23946	-3440.983	-3609.628	168.6446	1.274628	0.517104	0.482896	3.303549
23952	-3442.189	-3610.526	168.3371	1.387827	0.526206	0.473794	3.417628
23958	-3453.667	-3621.322	167.6546	1.149127	0.691459	0.308541	3.950722
23964	-3444.394	-3612.008	167.6138	1.189962	0.673738	0.326262	3.950722
23970	-3439.943	-3608.63	168.6865	1.170756	0.68429	0.31571	3.339983
23976	-3452.652	-3621.104	168.4516	1.243013	0.642184	0.357816	3.435423
23982	-3447.78	-3617.201	169.4209	1.268242	0.574883	0.425117	2.84361
23988	-3456.664	-3626.397	169.7339	1.434406	0.724702	0.275298	2.549427
23994	-3448.539	-3618.586	170.0476	1.440922	0.653556	0.346444	2.348191
24000	-3438.244	-3608.11	169.8652	1.399634	0.563596	0.436404	2.489215
24006	-3447.62	-3617.965	170.3454	1.530561	0.595739	0.404261	2.098192
24012	-3445.753	-3616.15	170.3966	1.60663	0.540445	0.459555	2.014096
24018	-3440.283	-3611.004	170.7205	1.603669	0.4787	0.5213	1.796436
24024	-3445.358	-3616.031	170.6727	1.610125	0.589777	0.410223	1.825027
24030	-3448.298	-3618.542	170.2434	1.585743	0.62217	0.37783	2.128887
24036	-3453.647	-3624.246	170.5992	1.434663	0.62217	0.37783	1.99369
24042	-3453.073	-3623.915	170.8417	1.540293	0.59906	0.40094	1.756224
24048	-3454.341	-3625.196	170.8548	1.606257	0.583462	0.416538	1.700586
24054	-3446.467	-3617.642	171.1756	1.808331	0.534735	0.465265	1.307883
24060	-3445.568	-3615.869	170.301	1.461397	0.624846	0.375154	2.172353
24066	-3439.062	-3609.343	170.2811	1.481283	0.575337	0.424663	2.172353
24072	-3450.805	-3620.578	169.774	1.469398	0.540176	0.459824	2.502636
24078	-3452.198	-3622.472	170.2736	1.428626	0.576102	0.423898	2.211341
24084	-3454.16	-3624.431	170.2705	1.47646	0.529928	0.470072	2.182377
24090	-3443.834	-3614.445	170.6103	1.47646	0.559144	0.440856	1.958287
24096	-3447.662	-3618.213	170.551	1.537139	0.644432	0.355568	1.957367
24102	-3436.767	-3607.193	170.4255	1.56754	0.629042	0.370958	2.020907
24108	-3430.926	-3601.301	170.375	1.465998	0.546386	0.453614	2.121102
24114	-3425.656	-3596.654	170.9979	1.593588	0.597855	0.402145	1.607125
24120	-3438.981	-3609.243	170.262	1.531505	0.594825	0.405175	2.152086
24126	-3438.709	-3609.346	170.6369	1.54488	0.653689	0.346311	1.894164
24132	-3439.854	-3609.994	170.1402	1.411181	0.658206	0.341794	2.308157
24138	-3440.459	-3610.226	169.7667	1.321737	0.607549	0.392451	2.598998
24144	-3443.268	-3613.662	170.3935	1.493671	0.512534	0.487466	2.090865
24150	-3427.67	-3598.153	170.4834	1.516419	0.543564	0.456436	2.01641
24156	-3427.25	-3597.631	170.3805	1.468445	0.528827	0.471173	2.115881
24162	-3423.391	-3593.74	170.3487	1.504019	0.550509	0.449491	2.113433
24168	-3419.093	-3589.402	170.3092	1.455549	0.595454	0.404546	2.170816
24174	-3426.268	-3596.871	170.6023	1.511114	0.595454	0.404546	1.940393
24180	-3428.003	-3597.883	169.8803	1.4643	0.62165	0.37835	2.43916
24186	-3432.443	-3602.951	170.5086	1.61222	0.605671	0.394329	1.935377
24192	-3446.723	-3617.399	170.6756	1.505942	0.59879	0.40121	1.894312
24198	-3439.497	-3610.411	170.9143	1.6294	0.648383	0.351617	1.641641
24204	-3433.429	-3604.396	170.9664	1.717244	0.655809	0.344191	1.539605
24210	-3431.52	-3602.137	170.6172	1.564851	0.61233	0.38767	1.893952
24216	-3433.584	-3604.607	171.0226	1.635739	0.648355	0.351645	1.558242
24222	-3435.097	-3605.899	170.8023	1.637263	0.520664	0.479336	1.715781
24228	-3430.494	-3600.221	169.7273	1.477627	0.543246	0.456754	2.526597
24234	-3447.018	-3616.594	169.5763	1.431939	0.53241	0.46759	2.648538
24240	-3436.205	-3606.281	170.0758	1.3971	0.621487	0.378513	2.35811
24246	-3440.002	-3610.323	170.3213	1.402352	0.551055	0.448945	2.197484
24252	-3442.021	-3612.277	170.2557	1.467895	0.565876	0.434124	2.197484
24258	-3442.862	-3613.453	170.5902	1.46843	0.52437	0.47563	1.977151
24264	-3430.361	-3600.635	170.2736	1.436659	0.594945	0.405055	2.206158
24270	-3440.06	-3610.757	170.6971	1.62542	0.553246	0.446754	1.797633
24276	-3443.547	-3613.71	170.1628	1.427322	0.478082	0.521918	2.283419
24282	-3452.511	-3622.837	170.3264	1.32097	0.596747	0.403253	2.246705
24288	-3453.613	-3623.39	169.7769	1.41464	0.537742	0.462258	2.534985
24294	-3456.041	-3626.138	170.0969	1.576523	0.583321	0.416679	2.229894
24300	-3463.558	-3631.396	167.8379	1.262999	0.583321	0.416679	3.780068
24306	-3459.918	-3628.749	168.8305	1.13368	0.706337	0.293663	3.277023
24312	-3452.439	-3622.354	169.9151	1.405525	0.655611	0.344389	2.454241
24318	-3448.902	-3618.235	169.3323	1.328833	0.569997	0.430003	2.860571
24324	-3439.639	-3609.786	170.1474	1.437678	0.619491	0.380509	2.286672
24330	-3443.228	-3613.817	170.5889	1.483809	0.497612	0.502388	1.967733
24336	-3450.722	-3621.265	170.5436	1.529076	0.501254	0.498746	1.967733
24342	-3439.871	-3610.399	170.5281	1.543027	0.501254	0.498746	1.968796
24348	-3439.487	-3610.155	170.6683	1.603846	0.51294	0.48706	1.832401
24354	-3437.359	-3607.889	170.5293	1.520136	0.64529	0.35471	1.983291
24360	-3436.909	-3607.018	170.1097	1.495026	0.610936	0.389064	2.274086
24366	-3431.52	-3600.934	169.4146	1.401396	0.64555	0.35445	2.766429
24372	-3435.541	-3604.492	168.9505	1.237724	0.620309	0.379691	3.144326
24378	-3438.777	-3608.67	169.8924	1.303766	0.576893	0.423107	2.532108
24384	-3433.138	-3602.617	169.4789	1.277772	0.464029	0.535971	2.802553
24390	-3428.908	-3598.475	169.5664	1.245026	0.468303	0.531697	2.769204
24396	-3435.134	-3602.571	167.4371	1.188931	0.660113	0.339887	4.052246
24402	-3438.814	-3607.878	169.0633	1.144299	0.470504	0.529496	3.132785
24408	-3433.23	-3602.546	169.3156	1.211848	0.481691	0.518309	2.941356
24414	-3436.52	-3605.005	168.4848	1.192208	0.472062	0.527938	3.44571
24420	-3431.367	-3599.537	168.1702	1.125356	0.579366	0.420634	3.667656
24426	-3441.424	-3610.17	168.7459	1.142931	0.489217	0.510783	3.321398
24432	-3440.457	-3607.912	167.4552	1.193693	0.526703	0.473297	4.039237
24438	-3442.916	-3611.966	169.0508	1.23134	0.641247	0.358753	3.088387
24444	-3438.034	-3605.931	167.8977	1.123288	0.593791	0.406209	3.826056
24450	-3448.919	-3617.684	168.765	1.196709	0.620491	0.379509	3.278468
24456	-3451.498	-3620.401	168.9023	1.304419	0.608163	0.391837	3.133309
24462	-3451.647	-3621.359	169.7123	1.329892	0.633192	0.366808	2.627601
24468	-3453.193	-3621.455	168.2616	1.259239	0.505386	0.494614	3.536825
24474	-3469.175	-3637.98	168.8052	1.267722	0.517069	0.482931	3.212771
24480	-3449.764	-3619.365	169.6013	1.334499	0.688544	0.311456	2.693111
24486	-3448.778	-3618.106	169.3279	1.23296	0.559857	0.440143	2.921224
24492	-3449.444	-3618.891	169.4469	1.394726	0.485476	0.514524	2.75078
24498	-3441.03	-3610.702	169.6715	1.39712	0.672584	0.327416	2.611268
24504	-3446.387	-3615.327	168.94	1.271803	0.566459	0.433541	3.130292
24510	-3438.541	-3607.798	169.2563	1.221985	0.641732	0.358268	2.970929
24516	-3437.826	-3606.84	169.0139	1.282806	0.481011	0.518989	3.079734
24522	-3446.638	-3614.771	168.1326	1.200401	0.431868	0.568132	3.64593
24528	-3448.899	-3617.441	168.5419	1.099614	0.506649	0.493351	3.466431
24534	-3436.873	-3606.561	169.6875	1.345615	0.717104	0.282896	2.633197
24540	-3437.217	-3607.17	169.9539	1.494906	0.601237	0.398763	2.373404
24546	-3445.121	-3615.192	170.0711	1.393252	0.742483	0.257517	2.363537
24552	-3451.681	-3621.496	169.8141	1.443993	0.471899	0.528101	2.493396
24558	-3450.195	-3618.709	168.5136	1.131452	0.471899	0.528101	3.464389
24564	-3427.635	-3596.044	168.4096	1.1884	0.60275	0.39725	3.491838
24570	-3437.602	-3605.218	167.6165	1.15752	0.60275	0.39725	3.96774
24576	-3436.743	-3605.102	168.3591	1.03633	0.560752	0.439248	3.609721
24582	-3438.39	-3607.249	168.8592	1.196553	0.560752	0.439248	3.2229
24588	-3443.149	-3612.867	169.719	1.376683	0.54863	0.45137	2.594516
24594	-3442.493	-3612.259	169.7666	1.268913	0.644529	0.355471	2.631683
24600	-3435.251	-3604.589	169.3376	1.366632	0.667061	0.332939	2.834431
24606	-3434.107	-3603.307	169.2	1.212535	0.587508	0.412492	3.010412
24612	-3436.431	-3604.492	168.0605	1.194567	0.6559	0.3441	3.69108
24618	-3438.516	-3606.908	168.3923	1.114274	0.622676	0.377324	3.545148
24624	-3447.793	-3615.39	167.5977	1.199878	0.488826	0.511174	3.954265
24630	-3434.167	-3602.711	168.544	1.195783	0.53048	0.46952	3.408937
24636	-3438.99	-3607.561	168.5711	1.168683	0.545786	0.454214	3.408937
24642	-3436.894	-3605.39	168.4963	1.168683	0.51258	0.48742	3.452718
24648	-3454.524	-3621.553	167.0288	1.219249	0.554287	0.445713	4.267076
24654	-3441.624	-3609.005	167.3818	1.041469	0.554287	0.445713	4.16766
24660	-3448.475	-3616.149	167.6744	1.17788	0.519709	0.480291	3.922933
24666	-3436.823	-3604.314	167.4911	1.28278	0.503043	0.496957	3.967807
24672	-3434.568	-3602.479	167.9108	1.166507	0.578477	0.421523	3.793654
24678	-3444.284	-3611.754	167.4701	1.122759	0.500935	0.499065	4.07117
24684	-3439.725	-3609.017	169.2918	1.338783	0.546738	0.453262	2.8791
24690	-3449.228	-3619.213	169.9841	1.378913	0.558372	0.441628	2.427592
24696	-3450.589	-3620.572	169.983	1.452961	0.496277	0.503723	2.381509
24702	-3438.235	-3608.274	170.0391	1.432721	0.630704	0.369296	2.358804
24708	-3443.615	-3613.611	169.9959	1.463953	0.561622	0.438378	2.366394
24714	-3445.286	-3615.555	170.2682	1.469844	0.55037	0.44963	2.188115
24720	-3434.211	-3604.573	170.3617	1.472683	0.563965	0.436035	2.12543
24726	-3433.386	-3603.948	170.5618	1.455008	0.576953	0.423047	2.005084
24732	-3435.625	-3604.478	168.8527	1.29818	0.556014	0.443986	3.166513
24738	-3436.373	-3605.523	169.1501	1.249907	0.528536	0.471464	3.01795
24744	-3432.592	-3602.084	169.4922	1.406479	0.354483	0.645517	2.71584
24750	-3433.136	-3602.697	169.5614	1.457059	0.654875	0.345125	2.642207
24756	-3429.209	-3598.408	169.1992	1.379643	0.624384	0.375616	2.910334
24762	-3439.554	-3609.336	169.7823	1.435353	0.436211	0.563789	2.518688
24768	-3437.82	-3607.603	169.7823	1.435353	0.456906	0.543094	2.518688
24774	-3443.385	-3613.197	169.8117	1.3468	0.656558	0.343442	2.555505
24780	-3452.891	-3621.855	168.9644	1.143898	0.568481	0.431519	3.191774
24786	-3452.294	-3620.59	168.2961	1.217588	0.462405	0.537595	3.540978
24792	-3436.912	-3606.63	169.7176	1.394586	0.585395	0.414605	2.58429
24798	-3438.077	-3607.91	169.8329	1.430786	0.585395	0.414605	2.489953
24804	-3440.299	-3610.159	169.8599	1.355444	0.564486	0.435514	2.5201
24810	-3440.299	-3610.434	170.1343	1.458335	0.667368	0.332632	2.281826
24816	-3444.678	-3614.648	169.9702	1.401708	0.605995	0.394005	2.421993
24822	-3446.572	-3616.528	169.9563	1.415607	0.539313	0.460687	2.421993
24828	-3441.396	-3611.225	169.8293	1.417564	0.468111	0.531889	2.500435
24834	-3436.71	-3606.592	169.8818	1.470093	0.553382	0.446618	2.434602
24840	-3441.614	-3612.517	170.9025	1.557094	0.552594	0.447406	1.701672
24846	-3442.418	-3613.186	170.7679	1.654773	0.568142	0.431858	1.727675
24852	-3439.971	-3610.595	170.6244	1.654773	0.546428	0.453572	1.827533
24858	-3448.974	-3619.388	170.4135	1.556603	0.48752	0.51248	2.036139
24864	-3450.831	-3620.795	169.964	1.378756	0.48752	0.51248	2.440361
24870	-3447.465	-3616.807	169.342	1.414849	0.596358	0.403642	2.802494
24876	-3451.146	-3620.263	169.1166	1.364135	0.592442	0.407558	2.969476
24882	-3449.651	-3617.413	167.7619	1.091327	0.573386	0.426614	3.922355
24888	-3448.939	-3617.709	168.7704	1.209075	0.686502	0.313498	3.267979
24894	-3438.849	-3608.52	169.6715	1.372204	0.701714	0.298286	2.626635
24900	-3434.577	-3604.406	169.829	1.40743	0.647561	0.352439	2.506949
24906	-3435.843	-3605.733	169.8904	1.330389	0.619114	0.380886	2.516722
24912	-3444.302	-3612.445	168.1432	1.170429	0.606124	0.393876	3.657146
24918	-3448.315	-3617.588	169.2724	1.354525	0.608671	0.391329	2.881273
24924	-3438.116	-3607.605	169.4891	1.346402	0.594401	0.405599	2.754534
24930	-3437.618	-3607.613	169.9954	1.342291	0.594401	0.405599	2.44353
24936	-3441.004	-3609.993	168.9893	1.250697	0.628175	0.371825	3.113492
24942	-3436.469	-3605.488	169.0186	1.233968	0.618396	0.381604	3.106036
24948	-3442.234	-3611.111	168.8772	1.211537	0.518435	0.481565	3.203396
24954	-3436.315	-3605.649	169.3344	1.247784	0.620994	0.379006	2.90832
24960	-3433.907	-3602.773	168.8655	1.288258	0.625087	0.374913	3.16478
24966	-3440.459	-3610.241	169.7819	1.425137	0.569515	0.430485	2.525276
24972	-3437.001	-3607.435	170.4344	1.585716	0.642751	0.357249	2.00286
24978	-3435.945	-3606.392	170.4466	1.490687	0.63358	0.36642	2.057843
24984	-3431.889	-3602.318	170.4293	1.54967	0.670112	0.329888	2.030264
24990	-3431.693	-3602.233	170.5399	1.563584	0.73898	0.26102	1.94709
24996	-3440.416	-3611.193	170.7774	1.569024	0.680111	0.319889	1.781009
25002	-3437.887	-3608.214	170.3267	1.476166	0.680111	0.319889	2.145989
25008	-3445.856	-3616.397	170.5412	1.597103	0.537521	0.462479	1.923612
25014	-3447.332	-3618.375	171.0429	1.858107	0.618059	0.381941	1.374033
25020	-3451.393	-3622.559	171.1653	1.680378	0.710534	0.289466	1.417095
25026	-3443.2	-3614.3	171.1005	1.705241	0.598604	0.401396	1.447817
25032	-3433.686	-3604.756	171.0694	1.736299	0.675228	0.324772	1.447817
25038	-3425.256	-3595.512	170.2564	1.562756	0.637305	0.362695	2.135367
25044	-3424.151	-3594.183	170.0325	1.586667	0.637305	0.362695	2.264789
25050	-3438.591	-3609.114	170.5222	1.635214	0.551906	0.448094	1.910651
25056	-3441.974	-3612.109	170.1355	1.545005	0.459358	0.540642	2.225354
25062	-3440.59	-3610.828	170.2377	1.535545	0.679523	0.320477	2.165291
25068	-3429.873	-3600.377	170.5036	1.554414	0.680394	0.319606	1.977551
25074	-3439.81	-3610.502	170.6917	1.58041	0.591278	0.408722	1.832387
25080	-3436.164	-3606.834	170.6695	1.49836	0.591278	0.408722	1.903606
25086	-3431.847	-3600.998	169.1503	1.300225	0.698032	0.301968	2.987619
25092	-3439.277	-3608.673	169.3955	1.393171	0.639683	0.360317	2.783092
25098	-3454.108	-3623.684	169.5763	1.372803	0.490716	0.509284	2.684942
25104	-3453.367	-3622.863	169.4953	1.407714	0.523716	0.476284	2.713179
25110	-3449.689	-3619.195	169.5064	1.396673	0.593479	0.406521	2.713179
25116	-3446.223	-3616.406	170.1832	1.454075	0.592697	0.407303	2.25317
25122	-3449.308	-3619.138	169.8296	1.420485	0.691128	0.308872	2.49845
25128	-3438.191	-3608.233	170.042	1.490689	0.410954	0.589046	2.320095
25134	-3429.804	-3598.876	169.072	1.276154	0.652168	0.347832	3.048982
25140	-3429.018	-3598.089	169.0707	1.288782	0.540409	0.459591	3.042204
25146	-3430.256	-3598.792	168.5359	1.211698	0.534332	0.465668	3.404349
25152	-3440.397	-3608.289	167.8917	1.115649	0.537527	0.462473	3.833908
25158	-3442.307	-3611.068	168.761	1.133327	0.569895	0.430105	3.318162
25164	-3441.286	-3610.085	168.7998	1.237206	0.68801	0.31199	3.234006
25170	-3446.173	-3614.843	168.6707	1.157801	0.676371	0.323629	3.356912
25176	-3427.215	-3596.687	169.4722	1.345638	0.642126	0.357874	2.765309
25182	-3452.208	-3619.029	166.8216	0.9649349	0.585821	0.414179	4.527443
25188	-3447.661	-3615.592	167.931	1.168091	0.547209	0.452791	3.781095
25194	-3444.479	-3612.736	168.2565	1.090322	0.449061	0.550939	3.637934
25200	-3439.651	-3608.25	168.5993	1.153928	0.485404	0.514596	3.401068
25206	-3443.443	-3610.145	166.702	1.069144	0.645442	0.354558	4.536088
25212	-3433.856	-3600.705	166.8481	1.013832	0.524124	0.475876	4.485034
25218	-3446.253	-3613.248	166.9946	0.9107592	0.555952	0.444048	4.460614
25224	-3438.778	-3607.617	168.8393	1.221107	0.505598	0.494402	3.220153
25230	-3441.67	-3609.695	168.0249	1.162295	0.607129	0.392871	3.730291
25236	-3438.923	-3608.046	169.123	1.178727	0.644023	0.355977	3.076707
25242	-3441.348	-3610.789	169.4409	1.328485	0.528651	0.471349	2.79481
25248	-3431.497	-3600.589	169.0914	1.350209	0.562266	0.437734	2.992952
25254	-3436.324	-3605.896	169.5724	1.371926	0.61903	0.38097	2.687851
25260	-3445.977	-3615.916	169.9395	1.311855	0.626135	0.373865	2.497612
25266	-3455.929	-3625.6	169.6707	1.314315	0.613573	0.386427	2.66282
25272	-3448.511	-3619.317	170.8058	1.646769	0.531953	0.468047	1.706633
25278	-3442.121	-3612.816	170.695	1.594452	0.564749	0.435251	1.820447
25284	-3447.464	-3617.712	170.2479	1.457067	0.571196	0.428804	2.20953
25290	-3443.019	-3612.791	169.7722	1.463319	0.464176	0.535824	2.507545
25296	-3455.14	-3625.208	170.068	1.367634	0.5323	0.4677	2.381718
25302	-3451.958	-3621.373	169.415	1.343847	0.64371	0.35629	2.801248
25308	-3446.381	-3615.342	168.9615	1.324533	0.677345	0.322655	3.086056
25314	-3445.363	-3613.983	168.6195	1.22157	0.665416	0.334584	3.349539
25320	-3449.189	-3618.363	169.1742	1.204543	0.6895	0.3105	3.030673
25326	-3445.445	-3613.717	168.2724	1.261287	0.584231	0.415769	3.529354
25332	-3455.273	-3623.638	168.3648	1.111064	0.584231	0.415769	3.563008
25338	-3450.818	-3618.993	168.175	1.134041	0.581221	0.418779	3.659816
25344	-3436.551	-3607.058	170.5079	1.464239	0.530585	0.469415	2.034781
25350	-3444.339	-3614.968	170.6285	1.401183	0.577268	0.422732	1.99649
25356	-3441.926	-3612.597	170.6708	1.527289	0.713796	0.286204	1.883056
25362	-3442.96	-3613.892	170.9316	1.539611	0.586048	0.413952	1.693394
25368	-3441.986	-3612.71	170.7239	1.618239	0.57274	0.42726	1.784013
25374	-3442.52	-3613.284	170.764	1.488184	0.645306	0.354694	1.846081
25380	-3441.805	-3612.236	170.4313	1.613413	0.679793	0.320207	1.986449
25386	-3430.696	-3600.039	169.343	1.266559	0.648842	0.351158	2.891777
25392	-3436.056	-3605.024	168.9681	1.193545	0.465101	0.534899	3.160142
25398	-3432.528	-3600.85	168.3223	1.212196	0.492227	0.507773	3.528895
25404	-3439.074	-3607.902	168.8283	1.110708	0.670385	0.329615	3.291843
25410	-3433.979	-3602.769	168.7892	1.252589	0.6019	0.3981	3.23116
25416	-3436.242	-3604.492	168.2492	1.138223	0.572942	0.427058	3.614403
25422	-3444.729	-3612.967	168.2375	1.134558	0.60252	0.39748	3.623291
25428	-3447.831	-3616.357	168.5258	1.140041	0.557711	0.442289	3.452204
25434	-3438.141	-3606.804	168.6637	1.199691	0.532686	0.467314	3.336397
25440	-3430.691	-3599.816	169.1251	1.207965	0.656364	0.343636	3.057969
25446	-3435.818	-3604.803	168.9849	1.257296	0.589165	0.410835	3.112194
25452	-3421.182	-3590.567	169.3857	1.208216	0.441087	0.558913	2.901237
25458	-3423.429	-3592.243	168.8139	1.202805	0.441087	0.558913	3.246007
25464	-3420.593	-3589.514	168.9216	1.229225	0.544806	0.455194	3.166565
25470	-3445.959	-3616.641	170.6814	1.59164	0.628657	0.371343	1.831758
25476	-3427.101	-3597.955	170.8539	1.672298	0.566414	0.433586	1.654174
25482	-3420.941	-3591.851	170.9102	1.616015	0.563565	0.436435	1.654174
25488	-3431.454	-3602.296	170.8414	1.532012	0.563565	0.436435	1.762257
25494	-3428.148	-3598.622	170.4741	1.554282	0.60903	0.39097	1.997359
25500	-3431.346	-3601.189	169.8435	1.356523	0.626531	0.373469	2.529665
25506	-3427.873	-3597.203	169.33	1.412039	0.637045	0.362955	2.811476
25512	-3433.085	-3603.444	170.3594	1.50126	0.499044	0.500956	2.10824
25518	-3438.521	-3608.877	170.3565	1.562346	0.706373	0.293627	2.069988
25524	-3447.708	-3617.675	169.9668	1.411507	0.585374	0.414626	2.41795
25530	-3444.742	-3614.212	169.4695	1.321206	0.474053	0.525947	2.781844
25536	-3437.826	-3605.168	167.3416	1.015355	0.613025	0.386975	4.205367
25542	-3442.342	-3611.048	168.7058	1.145072	0.560934	0.439066	3.34375
25548	-3445.16	-3613.252	168.0916	1.11415	0.569303	0.430697	3.719562
25554	-3455.946	-3622.293	166.3467	1.053593	0.642447	0.357553	4.743952
25560	-3453.033	-3622.995	169.9623	1.424582	0.641628	0.358372	2.412537
25566	-3441.982	-3611.317	169.3351	1.411983	0.637352	0.362648	2.808414
25572	-3446.738	-3615.71	168.9725	1.295059	0.698466	0.301534	3.097113
25578	-3449.207	-3618.23	169.0225	1.34536	0.699433	0.300567	3.037155
25584	-3442.849	-3612.667	169.8179	1.346263	0.588603	0.411397	2.551978
25590	-3435.62	-3604.823	169.2023	1.261794	0.586736	0.413264	2.979441
25596	-3443.943	-3612.853	168.9097	1.204568	0.609966	0.390034	3.188272
25602	-3439.915	-3608.954	169.0383	1.269471	0.590642	0.409358	3.07309
25608	-3433.618	-3603.302	169.6835	1.329358	0.654745	0.345255	2.645646
25614	-3444.805	-3613.15	168.3456	1.314007	0.459284	0.540716	3.455899
25620	-3437.402	-3606.716	169.3144	1.243487	0.650327	0.349673	2.922983
25626	-3429.646	-3597.982	168.3358	1.198745	0.475432	0.524568	3.528879
25632	-3441.015	-3610.626	169.6108	1.316849	0.438584	0.561416	2.698095
25638	-3442.379	-3609.478	167.0991	1.120273	0.538505	0.461495	4.283297
25644	-3449.833	-3618.292	168.4586	1.06878	0.552005	0.447995	3.533041
25650	-3454.743	-3622.97	168.2268	1.208243	0.58492	0.41508	3.586764
25656	-3450.456	-3618.779	168.3229	1.112145	0.482922	0.517078	3.586764
25662	-3440.151	-3608.923	168.7719	1.13012	0.52259	0.47741	3.313684
25668	-3434.345	-3602.575	168.2297	1.079913	0.570872	0.429128	3.659489
25674	-3439.117	-3606.99	167.8729	1.135566	0.50089	0.49911	3.833294
25680	-3445.867	-3613.95	168.083	1.152301	0.629283	0.370717	3.702506
25686	-3446.133	-3614.22	168.0869	1.082475	0.652729	0.347271	3.740575
25692	-3434.232	-3602.816	168.5846	1.06766	0.506503	0.493497	3.460178
25698	-3443.783	-3612.114	168.331	1.139201	0.701111	0.298889	3.566282
25704	-3437.184	-3605.344	168.1594	1.212434	0.668556	0.331444	3.623433
25710	-3450.741	-3620.007	169.2658	1.423592	0.66187	0.33813	2.843459
25716	-3442.16	-3611.216	169.0564	1.356394	0.588352	0.411648	3.010271
25722	-3437.555	-3606.577	169.0221	1.318002	0.488615	0.511385	3.053787
25728	-3448.762	-3618.314	169.5524	1.38337	0.488536	0.511464	2.693124
25734	-3456.459	-3625.488	169.028	1.332966	0.654578	0.345422	3.041282
25740	-3441.475	-3611.136	169.6606	1.363383	0.488826	0.511174	2.638804
25746	-3452.885	-3623.241	170.3555	1.442356	0.412693	0.587307	2.149249
25752	-3447.942	-3617.919	169.9763	1.462421	0.577746	0.422254	2.379792
25758	-3441.791	-3612.097	170.3063	1.38798	0.511741	0.488259	2.21644
25764	-3442.136	-3612.542	170.4063	1.60732	0.53729	0.46271	2.007171
25770	-3437.551	-3608.225	170.6742	1.60732	0.61315	0.38685	1.825949
25776	-3438.848	-3609.685	170.837	1.514449	0.61315	0.38685	1.777553
25782	-3437.113	-3607.442	170.3296	1.542128	0.471758	0.528242	2.101012
25788	-3440.729	-3611.101	170.3722	1.589735	0.536875	0.463125	2.041499
25794	-3442.205	-3612.143	169.9378	1.378619	0.601988	0.398012	2.456872
25800	-3442.109	-3612.188	170.0795	1.33601	0.679646	0.320354	2.394457
25806	-3437.545	-3606.566	169.021	1.293154	0.493959	0.506041	3.069308
25812	-3438.278	-3607.556	169.2781	1.276751	0.61972	0.38028	2.924811
25818	-3436.562	-3606.695	170.1323	1.456958	0.577444	0.422556	2.283946
25824	-3437.698	-3608.385	170.6867	1.585285	0.629936	0.370064	1.8325
25830	-3428.342	-3598.784	170.4417	1.471647	0.497562	0.502438	2.073605
25836	-3429.104	-3599.895	170.7905	1.630204	0.51351	0.48649	1.729117
25842	-3436.785	-3607.678	170.8928	1.663738	0.56398	0.43602	1.632391
25848	-3446.432	-3617.337	170.9045	1.652049	0.642378	0.357622	1.632391
25854	-3447.515	-3618.433	170.9183	1.638291	0.592801	0.407199	1.632391
25860	-3440.531	-3611.293	170.7621	1.688169	0.631061	0.368939	1.708236
25866	-3452.437	-3623.202	170.7651	1.598742	0.491226	0.508774	1.768914
25872	-3438.164	-3608.279	170.1153	1.445375	0.574211	0.425789	2.302261
25878	-3445.515	-3615.849	170.3338	1.408404	0.499586	0.500414	2.18547
25884	-3430.265	-3600.424	170.1595	1.545053	0.557762	0.442238	2.20982
25890	-3426.781	-3596.785	170.0046	1.424224	0.627268	0.372732	2.386038
25896	-3426.812	-3595.622	168.8102	1.424112	0.627268	0.372732	3.116911
25902	-3435.165	-3604.65	169.4846	1.419755	0.562087	0.437913	2.712393
25908	-3456.019	-3625.279	169.2606	1.279237	0.492479	0.507521	2.933895
25914	-3437.292	-3606.674	169.3822	1.178432	0.637709	0.362291	2.921353
25920	-3446.983	-3616.144	169.1607	1.292482	0.722708	0.277292	2.986029
25926	-3447.884	-3617.316	169.432	1.28644	0.46339	0.53661	2.825818
25932	-3456.651	-3626.064	169.4132	1.276835	0.533373	0.466627	2.843044
25938	-3454.627	-3623.162	168.5352	1.345318	0.452076	0.547924	3.326328
25944	-3440.317	-3611.144	170.8265	1.573831	0.679004	0.320996	1.743399
25950	-3445.916	-3616.543	170.6272	1.453194	0.731273	0.268727	1.9626
25956	-3440.045	-3610.527	170.4816	1.517576	0.570728	0.429272	2.016799
25962	-3438.635	-3609.745	171.1095	1.677829	0.633152	0.366848	1.461816
25968	-3435.605	-3606.712	171.1063	1.681023	0.572449	0.427551	1.461816
25974	-3436.59	-3607.337	170.7478	1.576444	0.668415	0.331585	1.796428
25980	-3434.12	-3605.179	171.0585	1.6283	0.659457	0.340543	1.537251
25986	-3437.051	-3608.109	171.0573	1.629452	0.659457	0.340543	1.537251
25992	-3447.832	-3618.876	171.0447	1.577892	0.560865	0.439135	1.58449
25998	-3442.138	-3612.622	170.4845	1.580596	0.618799	0.381201	1.972835
26004	-3440.661	-3611.357	170.6956	1.526635	0.624489	0.375511	1.866592
26010	-3434.903	-3605.304	170.401	1.519854	0.665651	0.334349	2.068651
26016	-3440.95	-3611.389	170.4392	1.566577	0.660124	0.339876	2.012438
26022	-3441.277	-3611.389	170.1117	1.438941	0.574293	0.425707	2.308656
26028	-3432.056	-3601.62	169.5636	1.379378	0.63094	0.36906	2.688682
26034	-3437.776	-3605.275	167.4997	1.299105	0.552896	0.447104	3.953537
26040	-3450.079	-3618.765	168.6861	1.307691	0.614574	0.385426	3.259517
26046	-3436.908	-3605.772	168.8641	1.188505	0.627723	0.372277	3.224779
26052	-3444.157	-3612.786	168.6282	1.204911	0.627723	0.372277	3.354162
26058	-3448.642	-3617.173	168.5312	1.203351	0.517353	0.482647	3.412032
26064	-3453.116	-3621.95	168.8338	1.263733	0.750112	0.249888	3.198165
26070	-3457.57	-3625.749	168.1787	1.263662	0.585118	0.414882	3.582462
26076	-3442.054	-3610.779	168.7243	1.263662	0.578235	0.421765	3.263003
26082	-3448.991	-3617.543	168.5528	1.158493	0.621913	0.378087	3.425626
26088	-3448.631	-3617.971	169.3404	1.218541	0.631634	0.368366	2.922345
26094	-3451.129	-3620.8	169.6707	1.393588	0.448694	0.551306	2.613952
26100	-3455.792	-3626.354	170.562	1.391953	0.589457	0.410543	2.046787
26106	-3449.513	-3619.558	170.0449	1.383994	0.547915	0.452085	2.386028
26112	-3449.41	-3620.193	170.7831	1.537869	0.598879	0.401121	1.798715
26118	-3435.713	-3606.207	170.4946	1.523711	0.578269	0.421731	2.00405
26124	-3441.032	-3611.634	170.6023	1.501967	0.446735	0.553265	1.946515
26130	-3444.106	-3614.181	170.0752	1.427738	0.528534	0.471466	2.339051
26136	-3436.598	-3606.668	170.0698	1.366362	0.57178	0.42822	2.381386
26142	-3448.833	-3618.884	170.0513	1.524427	0.578154	0.421846	2.292642
26148	-3464.67	-3634.659	169.9893	1.469542	0.649226	0.350774	2.367067
26154	-3451.948	-3621.842	169.8935	1.374761	0.571875	0.428125	2.487052
26160	-3443.561	-3613.332	169.7711	1.324207	0.508188	0.491812	2.594705
26166	-3451.732	-3621.144	169.4117	1.303454	0.34287	0.65713	2.827793
26172	-3456.256	-3627.126	170.8704	1.601396	0.501612	0.498388	1.692984
26178	-3463.913	-3634.904	170.9913	1.609325	0.690819	0.309181	1.600449
26184	-3456.914	-3627.952	171.0384	1.609325	0.629133	0.370867	1.566096
26190	-3462.626	-3633.347	170.7207	1.585281	0.645238	0.354762	1.809042
26196	-3453.28	-3624.283	171.0031	1.56381	0.632414	0.367586	1.624901
26202	-3455.403	-3626.164	170.7613	1.672383	0.560594	0.439406	1.719918
26208	-3452.415	-3623.551	171.1362	1.652516	0.611459	0.388541	1.460731
26214	-3445.948	-3617.007	171.0588	1.613556	0.534227	0.465773	1.547904
26220	-3448.241	-3618.912	170.6709	1.617554	0.531068	0.468932	1.821148
26226	-3438.001	-3608.32	170.3187	1.452748	0.576271	0.423729	2.166451
26232	-3439.428	-3610.073	170.6445	1.459898	0.489936	0.510064	1.946446
26238	-3451.979	-3622.592	170.6125	1.4753	0.522669	0.477331	1.957599
26244	-3445.239	-3616.035	170.7959	1.504672	0.565271	0.434729	1.812755
26250	-3441.411	-3612.156	170.7451	1.639902	0.688599	0.311401	1.754098
26256	-3444.316	-3614.941	170.6257	1.558748	0.630247	0.369753	1.892327
26262	-3438.508	-3609.193	170.6859	1.49315	0.716908	0.283092	1.895981
26268	-3439.986	-3610.649	170.6631	1.599489	0.55723	0.44277	1.838962
26274	-3427.094	-3597.261	170.1671	1.476259	0.611955	0.388045	2.249259
26280	-3445.874	-3615.901	170.0271	1.340578	0.513163	0.486837	2.424618
26286	-3438.557	-3607.769	169.2118	1.288985	0.583441	0.416559	2.957377
26292	-3437.687	-3606.935	169.2482	1.252636	0.583441	0.416559	2.957377
26298	-3433.167	-3602.193	169.0256	1.297825	0.641417	0.358583	3.063751
26304	-3442.984	-3610.732	167.7475	1.204619	0.742803	0.257197	3.865666
26310	-3441.026	-3609.774	168.7485	1.093392	0.665491	0.334509	3.349011
26316	-3433.567	-3601.122	167.5549	1.171604	0.665491	0.334509	3.994871
26322	-3434.975	-3603.115	168.1393	1.19668	0.663628	0.336372	3.644246
26328	-3457.569	-3625.656	168.0875	1.286515	0.662245	0.337755	3.622183
26334	-3444.215	-3612.772	168.5568	1.20815	0.572914	0.427086	3.394224
26340	-3451.825	-3620.048	168.2229	1.283264	0.574786	0.425214	3.545382
26346	-3444.801	-3613.011	168.2095	1.153523	0.58537	0.41463	3.62857
26352	-3447.86	-3618.46	170.5994	1.522055	0.569046	0.430954	1.934977
26358	-3446.728	-3617.167	170.4384	1.48379	0.541898	0.458102	2.067763
26364	-3436.307	-3606.703	170.3966	1.455511	0.558188	0.441812	2.113812
26370	-3444.88	-3615.205	170.3247	1.388807	0.558016	0.441984	2.204063
26376	-3441.64	-3611.927	170.2872	1.426254	0.669094	0.330906	2.204063
26382	-3440.955	-3610.02	169.0648	1.27481	0.530134	0.469866	3.054052
26388	-3436.329	-3604.697	168.3682	1.213092	0.594567	0.405433	3.501589
26394	-3439.721	-3608.358	168.6369	1.233575	0.545685	0.454315	3.332243
26400	-3441.086	-3609.632	168.5462	1.237478	0.582146	0.417854	3.383244
26406	-3439.799	-3608.26	168.4611	1.243369	0.521928	0.478072	3.429646
26412	-3452.363	-3620.539	168.1767	1.078659	0.638431	0.361569	3.690904
26418	-3447.453	-3616.454	169.0011	1.26388	0.550657	0.449343	3.098634
26424	-3436.809	-3606.409	169.6002	1.320606	0.585217	0.414783	2.702285
26430	-3436.007	-3605.119	169.1126	1.311303	0.516051	0.483949	3.00358
26436	-3439.56	-3608.327	168.7676	1.172054	0.647498	0.352502	3.291502
26442	-3441.856	-3610.678	168.8226	1.14976	0.543528	0.456472	3.272188
26448	-3436.626	-3606.395	169.7692	1.300494	0.543528	0.456472	2.610561
26454	-3454.357	-3623.524	169.1663	1.211756	0.592808	0.407192	3.031068
26460	-3442.595	-3611.16	168.565	1.164462	0.465863	0.534137	3.414982
26466	-3427.93	-3596.425	168.4948	1.234657	0.492958	0.507042	3.414982
26472	-3435.158	-3603.618	168.4595	1.184926	0.560365	0.439635	3.464764
26478	-3439.148	-3607.767	168.6188	1.192596	0.566439	0.433561	3.366933
26484	-3431.666	-3600.833	169.1676	1.250908	0.566439	0.433561	3.006849
26490	-3430.178	-3599.344	169.1657	1.291712	0.566439	0.433561	2.983475
26496	-3432.168	-3601.006	168.8376	1.289142	0.566439	0.433561	3.180832
26502	-3428.177	-3597.426	169.2497	1.191795	0.598223	0.401777	2.993047
26508	-3433.548	-3603.189	169.6407	1.429044	0.558231	0.441769	2.610576
26514	-3440.566	-3609.685	169.1182	1.357436	0.480623	0.519377	2.972506
26520	-3434.021	-3603.906	169.8851	1.375063	0.499866	0.500134	2.492101
26526	-3442.441	-3611.821	169.3797	1.351276	0.622951	0.377049	2.818215
26532	-3444.799	-3613.175	168.3757	1.260469	0.63731	0.36269	3.469548
26538	-3443.924	-3613.253	169.3286	1.293883	0.521732	0.478268	2.883964
26544	-3448.756	-3618.718	169.9622	1.434212	0.494952	0.505048	2.406543
26550	-3433.385	-3603.298	169.9125	1.374165	0.508015	0.491985	2.47551
26556	-3434.294	-3602.684	168.3892	1.261205	0.508015	0.491985	3.461227
26562	-3432.327	-3600.91	168.5832	1.216021	0.607798	0.392202	3.374079
26568	-3430.282	-3599.16	168.8776	1.284366	0.66445	0.33555	3.159939
26574	-3432.881	-3601.701	168.8205	1.13241	0.615692	0.384308	3.283647
26580	-3431.956	-3600.916	168.96	1.244864	0.512374	0.487626	3.13443
26586	-3433.346	-3602.299	168.9529	1.395108	0.577522	0.422478	3.049062
26592	-3427.786	-3597.425	169.6394	1.302254	0.710099	0.289901	2.689481
26598	-3434.431	-3603.578	169.1466	1.248689	0.63742	0.36258	3.02077
26604	-3425.649	-3594.499	168.8504	1.236591	0.593918	0.406082	3.20442
26610	-3427.866	-3596.831	168.9651	1.121858	0.565525	0.434475	3.20442
26616	-3433.864	-3603.391	169.5268	1.237997	0.651024	0.348976	2.797659
26622	-3442.842	-3611.99	169.1489	1.223272	0.653658	0.346342	3.034598
26628	-3438.834	-3607.097	168.2628	1.119979	0.653658	0.346342	3.617085
26634	-3428.465	-3595.946	167.4811	1.103051	0.641679	0.358321	4.07613
26640	-3444.202	-3611.229	167.027	1.12042	0.579144	0.420856	4.324021
26646	-3435.382	-3603.477	168.095	1.308544	0.666332	0.333668	3.605062
26652	-3436.818	-3606.945	170.1268	1.292738	0.587783	0.412217	2.391938
26658	-3443.123	-3612.439	169.3157	1.269089	0.565672	0.434328	2.906774
26664	-3432.353	-3601.6	169.2469	1.333229	0.544796	0.455204	2.909587
26670	-3436.606	-3606.348	169.7421	1.333229	0.622773	0.377227	2.607112
26676	-3429.692	-3599.742	170.0503	1.4048	0.609089	0.390911	2.369423
26682	-3436.284	-3605.699	169.4151	1.265219	0.70526	0.29474	2.848954
26688	-3430.283	-3600.047	169.7644	1.268642	0.656108	0.343892	2.633246
26694	-3430.801	-3599.659	168.8582	1.259517	0.492458	0.507542	3.186204
26700	-3428.033	-3596.715	168.6825	1.208412	0.514932	0.485068	3.320214
26706	-3431.856	-3600.149	168.2924	1.258323	0.705645	0.294355	3.519445
26712	-3426.704	-3596.031	169.3267	1.218614	0.624946	0.375054	2.930556
26718	-3434.179	-3603.02	168.8407	1.252113	0.490066	0.509934	3.200969
26724	-3447.077	-3616.398	169.3217	1.20596	0.466497	0.533503	2.941238
26730	-3445.79	-3615.53	169.7392	1.311971	0.44567	0.55433	2.622003
26736	-3435.712	-3605.384	169.6721	1.36575	0.572115	0.427885	2.630246
26742	-3451.51	-3619.605	168.095	1.1383	0.555828	0.444172	3.703665
26748	-3446.236	-3614.148	167.9121	1.174127	0.57175	0.42825	3.788487
26754	-3438.7	-3607.636	168.9364	1.253328	0.688816	0.311184	3.143425
26760	-3447.02	-3615.337	168.3173	1.088467	0.611118	0.388882	3.603763
26766	-3447.452	-3615.9	168.4474	1.153006	0.61447	0.38553	3.490453
26772	-3448.871	-3618.095	169.2235	1.356848	0.587653	0.412347	2.909431
26778	-3448.026	-3616.384	168.358	1.126606	0.587653	0.412347	3.557924
26784	-3446.048	-3613.816	167.7677	1.087399	0.485528	0.514472	3.921331
26790	-3447.763	-3616.14	168.3771	1.23444	0.486535	0.513465	3.483968
26796	-3431.095	-3600.464	169.3687	1.285047	0.572059	0.427941	2.865048
26802	-3433.253	-3601.085	167.831	1.191259	0.644516	0.355484	3.825317
26808	-3439.635	-3607.572	167.9376	1.197301	0.565577	0.434423	3.760488
26814	-3447.443	-3616.022	168.5783	1.301588	0.512003	0.487997	3.326672
26820	-3450.206	-3619.548	169.3422	1.170189	0.542934	0.457066	2.950412
26826	-3447.269	-3615.598	168.3293	1.321881	0.646422	0.353578	3.460786
26832	-3453.115	-3623.627	170.5124	1.501272	0.666248	0.333752	2.007141
26838	-3442.2	-3612.154	169.9542	1.328997	0.634914	0.365086	2.477715
26844	-3446.958	-3617.241	170.283	1.38528	0.634914	0.365086	2.233201
26850	-3441.579	-3612.358	170.7791	1.669163	0.631621	0.368379	1.709657
26856	-3447.587	-3617.633	170.0463	1.425974	0.513427	0.486573	2.358499
26862	-3453.085	-3623.038	169.9532	1.476432	0.582241	0.417759	2.385518
26868	-3460.729	-3630.341	169.6124	1.402689	0.5937	0.4063	2.644314
26874	-3461.862	-3631.552	169.6902	1.372364	0.533008	0.466992	2.614973
26880	-3449.716	-3618.977	169.2607	1.278076	0.557082	0.442918	2.934514
26886	-3441.64	-3609.91	168.2699	1.191465	0.64084	0.35916	3.571436
26892	-3442.517	-3610.602	168.0848	1.07556	0.610851	0.389149	3.745755
26898	-3438.955	-3607.823	168.8681	1.200746	0.616427	0.383573	3.215166
26904	-3437.903	-3606.739	168.8352	1.233635	0.570975	0.429025	3.215166
26910	-3437.166	-3605.976	168.8108	1.258014	0.638849	0.361151	3.215166
26916	-3424.59	-3593.674	169.0838	1.218319	0.589388	0.410612	3.076494
26922	-3425.61	-3594.289	168.6793	1.275346	0.557211	0.442789	3.282638
26928	-3430.691	-3599.88	169.1895	1.267622	0.535233	0.464767	2.983653
26934	-3448.136	-3617.575	169.4397	1.381631	0.570126	0.429874	2.763158
26940	-3443.724	-3611.9	168.1757	1.233276	0.549915	0.450085	3.601908
26946	-3437.723	-3606.566	168.8429	1.23143	0.684162	0.315838	3.211921
26952	-3444.883	-3612.777	167.8947	1.236439	0.553902	0.446098	3.762623
26958	-3445.406	-3612.871	167.4651	1.053506	0.561588	0.438412	4.11345
26964	-3453.973	-3621.545	167.5719	1.084634	0.669085	0.330915	4.034867
26970	-3451.521	-3619.583	168.0628	1.120286	0.599732	0.400268	3.732644
26976	-3450.329	-3618.414	168.0842	1.186172	0.604866	0.395134	3.682233
26982	-3442.063	-3609.67	167.6073	1.232259	0.533128	0.466872	3.930212
26988	-3442.874	-3611.881	169.0073	1.322603	0.533128	0.466872	3.059899
26994	-3438.726	-3607.751	169.0245	1.16533	0.576549	0.423451	3.143383
27000	-3449.34	-3617.575	168.2349	1.17634	0.460788	0.539212	3.600593
27006	-3443.501	-3610.799	167.2979	1.105177	0.487859	0.512141	4.179155
27012	-3446.352	-3615.126	168.774	1.225866	0.495422	0.504578	3.25597
27018	-3448.781	-3617.954	169.1729	1.316683	0.495422	0.504578	2.964127
27024	-3450.553	-3619.24	168.6877	1.198713	0.56187	0.43813	3.322821
27030	-3445.096	-3613.34	168.2443	1.180607	0.56187	0.43813	3.592648
27036	-3454.781	-3623.201	168.4194	1.052826	0.669739	0.330261	3.565125
27042	-3444.577	-3615.971	171.3937	1.984107	0.613021	0.386979	0.9522923
27048	-3443.362	-3614.828	171.4655	2.011282	0.545053	0.454947	0.8401635
27054	-3441.095	-3612.563	171.468	2.011282	0.691749	0.308251	0.8370976
27060	-3441.513	-3612.889	171.3765	2.009854	0.602597	0.397403	0.943215
27066	-3438.779	-3610.288	171.5081	1.931156	0.688459	0.311541	0.8848268
27072	-3430.55	-3601.92	171.3699	2.056283	0.574623	0.425377	0.8996545
27078	-3441.106	-3612.575	171.4685	2.057079	0.580381	0.419619	0.776098
27084	-3439.669	-3611.153	171.4844	2.057079	0.700539	0.299461	0.7531106
27090	-3440.015	-3611.461	171.4467	1.939241	0.548803	0.451197	0.9436651
27096	-3446.187	-3617.627	171.4394	1.978903	0.62115	0.37885	0.9085057
27102	-3430.494	-3601.895	171.4019	2.016417	0.603511	0.396489	0.9085057
27108	-3433.539	-3604.895	171.3566	2.05026	0.565143	0.434857	0.9211457
27114	-3438.739	-3610.195	171.4559	1.926922	0.682949	0.317051	0.9470285
27120	-3442.512	-3613.903	171.391	1.897255	0.633887	0.366113	1.042139
27126	-3447.449	-3618.88	171.4307	1.906089	0.719316	0.280684	0.9944756
27132	-3445.413	-3616.699	171.2862	1.79762	0.583211	0.416789	1.225363
27138	-3446.138	-3617.36	171.2215	1.843721	0.633837	0.366163	1.240975
27144	-3439.706	-3611.179	171.4724	1.808525	0.613969	0.386031	1.049215
27150	-3441.894	-3613.151	171.2569	1.965544	0.644307	0.355693	1.103788
27156	-3441.193	-3612.513	171.3199	1.84052	0.600054	0.399946	1.159372
27162	-3452.186	-3623.366	171.1799	1.85033	0.69509	0.30491	1.270097
27168	-3450.615	-3621.852	171.2371	1.82458	0.553216	0.446784	1.243987
27174	-3463.255	-3634.557	171.3019	1.830893	0.553216	0.446784	1.183449
27180	-3466.349	-3637.115	170.7652	1.602851	0.567669	0.432331	1.765946
27186	-3451.451	-3621.595	170.1442	1.531276	0.590052	0.409948	2.22856
27192	-3435.117	-3604.292	169.1753	1.23582	0.514794	0.485206	3.011259
27198	-3437.23	-3606.126	168.8965	1.243018	0.640298	0.359702	3.173234
27204	-3423.753	-3592.145	168.3919	1.080141	0.640298	0.359702	3.56524
27210	-3432.501	-3600.834	168.3332	1.154679	0.588082	0.411918	3.556
27216	-3431.263	-3599.555	168.2919	1.194743	0.6011	0.3989	3.556736
27222	-3438.614	-3607.034	168.4202	1.258931	0.52907	0.47093	3.444473
27228	-3441.833	-3610.218	168.3849	1.184472	0.513278	0.486722	3.508572
27234	-3440.209	-3607.827	167.6179	1.119297	0.513278	0.486722	3.988798
27240	-3439.894	-3607.813	167.9189	1.14711	0.652423	0.347577	3.800185
27246	-3429.996	-3598.649	168.6525	1.221436	0.50322	0.49678	3.330214
27252	-3427.501	-3596.407	168.9056	1.191206	0.512839	0.487161	3.19857
27258	-3424.826	-3594.322	169.496	1.235959	0.593131	0.406869	2.817587
27264	-3436.489	-3605.539	169.0493	1.194865	0.735288	0.264712	3.111019
27270	-3427.668	-3597.069	169.401	1.292224	0.619819	0.380181	2.841117
27276	-3435.922	-3605.783	169.8615	1.382198	0.686491	0.313509	2.502444
27282	-3424.767	-3594.243	169.4758	1.356798	0.491156	0.508844	2.756289
27288	-3435.157	-3605.117	169.9598	1.367196	0.486171	0.513829	2.450205
27294	-3443.1	-3612.668	169.5682	1.367581	0.564122	0.435878	2.693104
27300	-3451.646	-3621.884	170.2381	1.389058	0.510202	0.489798	2.259689
27306	-3444.198	-3613.293	169.095	1.305478	0.532028	0.467972	3.017638
27312	-3447.724	-3617.175	169.4507	1.341191	0.721434	0.278566	2.781096
27318	-3451.129	-3620.893	169.7645	1.298778	0.566184	0.433816	2.614575
27324	-3449.163	-3618.788	169.6254	1.437856	0.541067	0.458933	2.614575
27330	-3451.673	-3621.37	169.6969	1.36638	0.622013	0.377987	2.614575
27336	-3447.393	-3616.055	168.6624	1.273893	0.58379	0.41621	3.293493
27342	-3439.426	-3607.848	168.4227	1.209995	0.590195	0.409805	3.471621
27348	-3434.215	-3603.006	168.7913	1.24552	0.71755	0.28245	3.234085
27354	-3440.124	-3609.075	168.9508	1.259588	0.610356	0.389644	3.131166
27360	-3442.661	-3612.545	169.884	1.416141	0.578355	0.421645	2.467089
27366	-3443.665	-3613.554	169.8891	1.411078	0.571427	0.428573	2.467089
27372	-3456.942	-3628.342	171.3997	1.819885	0.516639	0.483361	1.106411
27378	-3457.619	-3628.916	171.2963	1.900792	0.68234	0.31766	1.126795
27384	-3450.72	-3622.145	171.4246	1.899614	0.642658	0.357342	1.007067
27390	-3442.311	-3613.496	171.1857	1.838125	0.598049	0.401951	1.275309
27396	-3443.582	-3614.865	171.2828	1.802975	0.690975	0.309025	1.223682
27402	-3456.187	-3627.427	171.24	1.91281	0.750717	0.249283	1.166065
27408	-3440.883	-3612.276	171.3931	1.861352	0.672195	0.327805	1.074197
27414	-3446.749	-3618.123	171.3749	2.015495	0.672195	0.327805	0.9389052
27420	-3444.296	-3615.728	171.4327	2.043454	0.62591	0.37409	0.8410133
27426	-3436.759	-3608.179	171.4203	2.055844	0.696208	0.303792	0.8410133
27432	-3432.278	-3603.688	171.4101	1.9409	0.653784	0.346216	0.9801217
27438	-3439.637	-3610.953	171.3156	1.896425	0.699929	0.300071	1.113316
27444	-3449.72	-3620.877	171.1571	1.91262	0.596878	0.403122	1.237187
27450	-3448.69	-3619.984	171.2939	1.879996	0.564967	0.435033	1.1475
27456	-3440.972	-3612.178	171.2059	1.912525	0.696687	0.303313	1.195846
27462	-3441.111	-3612.531	171.4201	1.905899	0.555945	0.444055	1.005278
27468	-3448.497	-3619.776	171.2785	1.935882	0.645717	0.354283	1.111131
27474	-3446.621	-3617.929	171.308	1.889985	0.595238	0.404762	1.125962
27480	-3455.714	-3626.962	171.247	1.818232	0.598557	0.401443	1.24095
27486	-3444.754	-3616.03	171.2756	1.789647	0.701943	0.298057	1.24095
27492	-3442.646	-3613.98	171.3342	1.76966	0.562934	0.437066	1.208333
27498	-3438.786	-3609.965	171.1795	1.76966	0.575165	0.424835	1.335856
27504	-3443.793	-3615.035	171.2415	1.756821	0.630942	0.369058	1.296226
27510	-3437.235	-3608.219	170.9835	1.746177	0.613228	0.386772	1.505298
27516	-3428.705	-3599.809	171.1046	1.606005	0.602651	0.397349	1.519539
27522	-3420.215	-3591.422	171.207	1.769079	0.701047	0.298953	1.314214
27528	-3418.306	-3589.305	170.9997	1.769079	0.702405	0.297595	1.475916
27534	-3423.991	-3594.858	170.8673	1.648148	0.682989	0.317011	1.661874
27540	-3439.812	-3610.353	170.5415	1.645407	0.594311	0.405689	1.890644
27546	-3447.873	-3618.553	170.6804	1.60267	0.704387	0.295613	1.824877
27552	-3437.397	-3608.664	171.2673	1.678872	0.722169	0.277831	1.338224
27558	-3439.566	-3610.61	171.0439	1.824353	0.776215	0.223785	1.399618
27564	-3443.634	-3614.808	171.1737	1.745204	0.634382	0.365618	1.359925
27570	-3440.541	-3611.371	170.83	1.579468	0.634382	0.365618	1.736954
27576	-3432.926	-3603.167	170.2411	1.448348	0.635801	0.364199	2.219597
27582	-3438.691	-3608.552	169.861	1.441757	0.681729	0.318271	2.465437
27588	-3446.53	-3616.106	169.576	1.306607	0.596279	0.403721	2.725719
27594	-3440.603	-3610.104	169.5016	1.348284	0.58853	0.41147	2.745709
27600	-3441.82	-3609.345	167.5249	1.127918	0.660678	0.339322	4.036991
27606	-3437.853	-3606.276	168.4224	1.326046	0.560206	0.439794	3.403887
27612	-3443.922	-3613.09	169.1677	1.275191	0.554206	0.445794	2.992216
27618	-3470.109	-3639.072	168.9629	1.257194	0.661307	0.338693	3.125399
27624	-3449.917	-3618.713	168.7961	1.104155	0.647193	0.352807	3.314726
27630	-3447.85	-3617.886	170.0359	1.243892	0.647193	0.352807	2.479818
27636	-3450.93	-3620.337	169.4073	1.338968	0.624486	0.375514	2.808907
27642	-3444.59	-3615.106	170.5166	1.61221	0.62469	0.37531	1.930004
27648	-3438.589	-3609.162	170.5728	1.589793	0.737492	0.262508	1.907159
27654	-3441.757	-3612.97	171.2135	1.900876	0.581144	0.418856	1.199376
27660	-3432.101	-3603.417	171.3162	1.907023	0.672285	0.327715	1.103108
27666	-3427.964	-3598.893	170.9289	1.531641	0.682883	0.317117	1.701004
27672	-3437.516	-3608.352	170.836	1.624475	0.607245	0.392755	1.701004
27678	-3437.974	-3609.059	171.0853	1.620179	0.585112	0.414888	1.52337
27684	-3436.072	-3606.972	170.8992	1.700979	0.608071	0.391929	1.60078
27690	-3456.021	-3627.144	171.1238	1.598488	0.513574	0.486426	1.510845
27696	-3461.663	-3632.408	170.7444	1.496691	0.513574	0.486426	1.853676
27702	-3443.706	-3613.288	169.5826	1.441142	0.595776	0.404224	2.638989
27708	-3440.549	-3610.508	169.9588	1.429572	0.696756	0.303244	2.411615
27714	-3448.373	-3617.297	168.9235	1.393693	0.705954	0.294046	3.067465
27720	-3438.258	-3607.437	169.1796	1.193241	0.645728	0.354272	3.034166
27726	-3441.458	-3610.97	169.5115	1.264383	0.729949	0.270051	2.7909
27732	-3442.28	-3610.955	168.675	1.273775	0.684451	0.315549	3.286097
27738	-3428.879	-3597.885	169.006	1.244208	0.599784	0.400216	3.107407
27744	-3437.604	-3606.665	169.0611	1.215618	0.655817	0.344183	3.091651
27750	-3433.689	-3603.021	169.3323	1.276871	0.66562	0.33438	2.892018
27756	-3451.339	-3620.254	168.9146	1.337587	0.593463	0.406537	3.10625
27762	-3441.094	-3610.595	169.5003	1.326087	0.718871	0.281129	2.760083
27768	-3440.059	-3610.295	170.2351	1.479854	0.695667	0.304333	2.203114
27774	-3436.525	-3606.57	170.0452	1.465189	0.594501	0.405499	2.334281
27780	-3445.33	-3615.797	170.4672	1.576053	0.754458	0.245542	1.987428
27786	-3440.018	-3609.836	169.8172	1.474488	0.707526	0.292474	2.472414
27792	-3434.408	-3604.654	170.2465	1.541906	0.680208	0.319792	2.155449
27798	-3442.153	-3612.347	170.1942	1.482087	0.588879	0.411121	2.228083
27804	-3440.618	-3611.397	170.7788	1.585785	0.648265	0.351735	1.768377
27810	-3450.893	-3621.013	170.1199	1.453381	0.641191	0.358809	2.294182
27816	-3458.385	-3628.261	169.8756	1.459143	0.711174	0.288826	2.445392
27822	-3452.9	-3623.617	170.7174	1.512063	0.630365	0.369635	1.861643
27828	-3455.077	-3625.386	170.3093	1.65493	0.630365	0.369635	2.03998
27834	-3444.194	-3614.905	170.7107	1.721114	0.586006	0.413994	1.721277
27840	-3442.207	-3613.059	170.8512	1.696173	0.574946	0.425054	1.639031
27846	-3432.891	-3604.043	171.152	1.577634	0.574946	0.425054	1.505334
27852	-3443.413	-3614.48	171.0668	1.621715	0.680742	0.319258	1.535935
27858	-3441.701	-3612.185	170.4836	1.5167	0.680742	0.319258	2.016084
27864	-3434.08	-3604.078	169.9978	1.421253	0.708606	0.291394	2.392207
27870	-3434.936	-3604.785	169.8491	1.376732	0.543656	0.456344	2.513569
27876	-3435.494	-3605.043	169.5492	1.403344	0.602317	0.397683	2.682786
27882	-3439.153	-3608.085	168.9316	1.404859	0.61809	0.38191	3.05594
27888	-3435.304	-3604.607	169.3027	1.226006	0.654677	0.345323	2.940605
27894	-3429.609	-3598.814	169.204	1.32465	0.644911	0.355089	2.940605
27900	-3430.118	-3599.25	169.1329	1.22358	0.688231	0.311769	3.043995
27906	-3432.297	-3599.879	167.5821	1.054	0.641541	0.358459	4.046505
27912	-3431.09	-3598.814	167.7243	1.118807	0.637285	0.362715	3.928193
27918	-3442.8	-3610.559	167.7581	1.197399	0.627061	0.372939	3.863695
27924	-3438.399	-3607.651	169.2529	1.312327	0.627061	0.372939	2.918577
27930	-3433.673	-3602.814	169.1409	1.291299	0.672674	0.327326	2.998639
27936	-3433.559	-3602.491	168.9313	1.321648	0.590956	0.409044	3.105786
27942	-3432.137	-3601.028	168.8906	1.321648	0.600356	0.399644	3.130023
27948	-3440.236	-3608.95	168.7143	1.268238	0.698461	0.301539	3.266159
27954	-3454.68	-3623.59	168.9101	1.307644	0.578282	0.421718	3.126756
27960	-3443.117	-3612.107	168.9904	1.227364	0.710421	0.289579	3.126756
27966	-3435.387	-3603.907	168.5205	1.314046	0.609575	0.390425	3.353335
27972	-3436.409	-3605.033	168.6238	1.245675	0.596446	0.403554	3.332797
27978	-3431.319	-3599.244	167.9253	1.132301	0.578759	0.421241	3.804977
27984	-3443.365	-3612.829	169.4639	1.389064	0.692156	0.307844	2.743822
27990	-3434.585	-3604.189	169.6036	1.373054	0.665078	0.334922	2.667999
27996	-3439.08	-3608.574	169.4939	1.314781	0.576988	0.423012	2.770875
28002	-3440.675	-3609.11	168.4359	1.221559	0.571679	0.428321	3.457141
28008	-3444.96	-3614.729	169.769	1.427806	0.642767	0.357233	2.531675
28014	-3447.39	-3616.98	169.59	1.364807	0.703293	0.296707	2.681417
28020	-3451.676	-3621.132	169.4561	1.406527	0.584515	0.415485	2.737911
28026	-3438.298	-3608.426	170.1279	1.351255	0.564515	0.435485	2.354152
28032	-3441.301	-3610.668	169.3676	1.338976	0.676529	0.323471	2.833042
28038	-3447.568	-3616.351	168.7828	1.274848	0.706949	0.293051	3.221784
28044	-3439.862	-3607.985	168.1239	1.224519	0.584968	0.415032	3.637017
28050	-3434.439	-3603.768	169.3299	1.277892	0.584968	0.415032	2.892877
28056	-3437.664	-3607.322	169.6578	1.37795	0.666445	0.333555	2.631564
28062	-3441.363	-3611.502	170.1383	1.494567	0.666445	0.333555	2.256031
28068	-3445.455	-3615.247	169.7922	1.4989	0.75209	0.24791	2.472767
28074	-3438.02	-3607.098	169.0783	1.294775	0.596443	0.403557	3.034029
28080	-3435.606	-3604.721	169.1143	1.330571	0.689032	0.310968	2.991006
28086	-3440.967	-3611.126	170.1593	1.33943	0.633469	0.366531	2.341697
28092	-3448.974	-3618.36	169.3862	1.500732	0.612558	0.387442	2.723032
28098	-3438.83	-3608.634	169.8036	1.344927	0.710743	0.289257	2.561734
28104	-3449.136	-3615.776	166.6397	1.030439	0.560062	0.439938	4.592793
28110	-3434.241	-3601.608	167.3669	1.082893	0.560062	0.439938	4.152602
28116	-3445.089	-3613.107	168.0176	1.02659	0.591447	0.408553	3.812715
28122	-3441.38	-3609.857	168.4764	1.137026	0.658756	0.341244	3.482857
28128	-3438.717	-3607.337	168.6204	1.195944	0.662744	0.337256	3.364027
28134	-3440.54	-3609.72	169.1793	1.192802	0.624313	0.375687	3.034622
28140	-3438.425	-3606.795	168.3704	1.262461	0.570427	0.429573	3.471526
28146	-3447.908	-3617.326	169.4184	1.45075	0.63588	0.36412	2.733951
28152	-3448.558	-3616.381	167.8229	1.050691	0.652747	0.347253	3.910682
28158	-3442.344	-3611.718	169.3743	1.292857	0.652747	0.347253	2.85693
28164	-3449.912	-3618.872	168.9606	1.28285	0.672961	0.327039	3.111483
28170	-3445.116	-3612.867	167.7503	1.056459	0.602267	0.397733	3.949013
28176	-3438.283	-3605.423	167.1407	1.02408	0.489317	0.510683	4.314222
28182	-3437.353	-3605.382	168.0293	1.161911	0.592886	0.407114	3.727941
28188	-3447.859	-3616.174	168.3143	1.17554	0.556533	0.443467	3.554858
28194	-3440.116	-3608.375	168.2589	1.230947	0.613887	0.386113	3.554858
28200	-3432.628	-3601.589	168.961	1.262911	0.529088	0.470912	3.123103
28206	-3444.088	-3613.638	169.5503	1.301625	0.68826	0.31174	2.744472
28212	-3448.498	-3617.535	169.0369	1.250668	0.541866	0.458134	3.085142
28218	-3430.421	-3598.655	168.2338	1.117377	0.482559	0.517441	3.635419
28224	-3437.729	-3607.344	169.6147	1.256864	0.432641	0.567359	2.732479
28230	-3437.446	-3606.321	168.8758	1.284438	0.605083	0.394917	3.160934
28236	-3435.291	-3604.394	169.1031	1.216624	0.598576	0.401424	3.065966
28242	-3428.66	-3596.763	168.1033	1.216624	0.598576	0.401424	3.653498
28248	-3420.843	-3588.911	168.0677	1.168002	0.542242	0.457758	3.702237
28254	-3431.702	-3600.493	168.7909	1.249861	0.5539	0.4461	3.231754
28260	-3449.773	-3618.463	168.6899	1.217936	0.5539	0.4461	3.310247
28266	-3440.722	-3609.613	168.8907	1.245018	0.565538	0.434462	3.17551
28272	-3432.881	-3601.806	168.9257	1.215935	0.537692	0.462308	3.171991
28278	-3440.734	-3609.748	169.014	1.219796	0.528413	0.471587	3.117207
28284	-3441.158	-3609.884	168.726	1.212511	0.530084	0.469916	3.292139
28290	-3430.504	-3599.476	168.972	1.235651	0.594249	0.405751	3.132747
28296	-3437.778	-3606.214	168.436	1.232264	0.538427	0.461573	3.450838
28302	-3437.009	-3606.472	169.4629	1.370279	0.55792	0.44208	2.755939
28308	-3434.078	-3603.67	169.5927	1.391417	0.599154	0.400846	2.663361
28314	-3442.113	-3611.902	169.7893	1.449829	0.589945	0.410055	2.505295
28320	-3440.418	-3610.77	170.3519	1.478403	0.494469	0.505531	2.128092
28326	-3435.068	-3605.773	170.7055	1.564375	0.582798	0.417202	1.833918
28332	-3438.279	-3608.401	170.122	1.539687	0.580613	0.419387	2.237464
28338	-3443.801	-3614.176	170.3752	1.492527	0.441281	0.558719	2.103587
28344	-3440.373	-3610.091	169.7178	1.30007	0.520524	0.479476	2.642606
28350	-3434.224	-3603.922	169.6981	1.413418	0.538458	0.461542	2.584671
28356	-3438.154	-3607.861	169.7063	1.405251	0.565785	0.434215	2.584671
28362	-3430.985	-3600.62	169.6351	1.329877	0.55173	0.44827	2.675155
28368	-3434.466	-3603.735	169.2691	1.24379	0.630651	0.369349	2.950125
28374	-3445.034	-3612.981	167.9467	1.108693	0.52946	0.47054	3.80628
28380	-3445.083	-3613.199	168.1164	1.148226	0.619523	0.380477	3.68555
28386	-3443.996	-3612.288	168.2915	1.179813	0.644959	0.355041	3.565669
28392	-3444.823	-3614.037	169.2146	1.311405	0.554336	0.445664	2.942206
28398	-3431.893	-3599.791	167.8984	1.254025	0.554336	0.445664	3.750339
28404	-3436.986	-3604.99	168.0039	1.174962	0.54597	0.45403	3.735094
28410	-3439.253	-3606.405	167.1518	1.213079	0.54597	0.45403	4.200851
28416	-3435.288	-3604.365	169.0766	1.18588	0.62939	0.37061	3.100106
28422	-3437.783	-3604.221	166.4383	1.147695	0.58442	0.41558	4.640017
28428	-3447.726	-3616.335	168.6093	1.281372	0.416941	0.583059	3.320346
28434	-3446.236	-3613.578	167.3413	1.018168	0.56266	0.43734	4.203887
28440	-3449.47	-3617.499	168.0284	1.147478	0.511387	0.488613	3.736837
28446	-3452.219	-3620.737	168.5176	1.095521	0.671839	0.328161	3.483049
28452	-3453.668	-3622.092	168.4243	1.072052	0.482635	0.517365	3.551108
28458	-3454.793	-3622.869	168.0762	1.186452	0.486416	0.513584	3.686685
28464	-3448.684	-3617.174	168.49	1.125339	0.674232	0.325768	3.481756
28470	-3455.603	-3624.57	168.9665	1.341165	0.561829	0.438171	3.073175
28476	-3450.081	-3619.631	169.5503	1.397308	0.561829	0.438171	2.685861
28482	-3451.512	-3621.253	169.7408	1.372589	0.627024	0.372976	2.583536
28488	-3448.341	-3618.95	170.6093	1.546292	0.585009	0.414991	1.911908
28494	-3450.202	-3620.611	170.4088	1.546292	0.563029	0.436971	2.046069
28500	-3447.148	-3617.604	170.4559	1.633953	0.644964	0.355036	1.956202
28506	-3456.233	-3626.875	170.6422	1.517895	0.600473	0.399527	1.90881
28512	-3464.542	-3634.434	169.8914	1.412099	0.615631	0.384369	2.464988
28518	-3462.887	-3632.685	169.7981	1.456054	0.552797	0.447203	2.495884
28524	-3456.071	-3625.716	169.6451	1.322289	0.452523	0.547477	2.673654
28530	-3458.257	-3628.581	170.3243	1.606936	0.512128	0.487872	2.061806
28536	-3448.044	-3618.624	170.5796	1.467646	0.648195	0.351805	1.984755
28542	-3443.218	-3613.911	170.6929	1.488562	0.531273	0.468727	1.894378
28548	-3442.299	-3612.5	170.2017	1.312701	0.62552	0.37448	2.33174
28554	-3439.313	-3609.357	170.0444	1.391325	0.635692	0.364308	2.381651
28560	-3436.493	-3606.928	170.4354	1.455772	0.599239	0.400761	2.08823
28566	-3440.936	-3611.138	170.2017	1.392278	0.552216	0.447784	2.280959
28572	-3443.82	-3613.33	169.5102	1.442378	0.722095	0.277905	2.682789
28578	-3444.815	-3614.555	169.7397	1.394401	0.68587	0.31413	2.570648
28584	-3440.111	-3609.843	169.7324	1.40172	0.692059	0.307941	2.570648
28590	-3445.72	-3615.743	170.0233	1.401111	0.571643	0.428357	2.388833
28596	-3439.089	-3609.022	169.933	1.491441	0.651373	0.348627	2.388833
28602	-3452.063	-3622.36	170.2974	1.437662	0.474156	0.525844	2.190074
28608	-3441.705	-3611.229	169.5242	1.451543	0.653581	0.346419	2.668524
28614	-3442.703	-3613.132	170.4291	1.541476	0.566613	0.433387	2.035795
28620	-3445.24	-3615.046	169.8061	1.47465	0.610764	0.389236	2.479256
28626	-3458.107	-3628.206	170.0992	1.412444	0.538148	0.461852	2.333498
28632	-3451.039	-3621.19	170.1502	1.557204	0.698563	0.301437	2.207994
28638	-3439.626	-3609.826	170.2002	1.568483	0.618002	0.381998	2.168245
28644	-3446.55	-3617.167	170.6165	1.536183	0.749839	0.250161	1.913875
28650	-3439.99	-3610.742	170.7523	1.600195	0.646942	0.353058	1.776827
28656	-3437.298	-3607.968	170.6696	1.538454	0.646942	0.353058	1.87627
28662	-3443.47	-3613.961	170.4917	1.509945	0.646942	0.353058	2.015151
28668	-3440.656	-3610.998	170.3419	1.420142	0.646942	0.353058	2.172556
28674	-3444.721	-3613.636	168.9155	1.23087	0.576537	0.423463	3.169168
28680	-3429.99	-3597.765	167.7752	1.121055	0.598358	0.401642	3.897714
28686	-3428.489	-3597.033	168.5442	1.24238	0.591793	0.408207	3.381529
28692	-3434.223	-3603.072	168.8489	1.229734	0.591793	0.408207	3.209342
28698	-3435.083	-3605.221	170.1381	1.361737	0.591793	0.408207	2.341002
28704	-3434.286	-3604.657	170.3714	1.452869	0.535416	0.464584	2.132071
28710	-3446.007	-3616.65	170.6429	1.550218	0.746568	0.253432	1.886411
28716	-3439.084	-3609.375	170.291	1.60052	0.707635	0.292365	2.087968
28722	-3452.545	-3622.358	169.8129	1.468015	0.654518	0.345482	2.479136
28728	-3447.719	-3617.844	170.1248	1.39882	0.654518	0.345482	2.325872
28734	-3449.571	-3620.142	170.5712	1.551955	0.694025	0.305975	1.933793
28740	-3446.959	-3617.178	170.2189	1.449981	0.657718	0.342282	2.232843
28746	-3443.586	-3613.209	169.6238	1.44779	0.696942	0.303058	2.609383
28752	-3431.282	-3600.024	168.7418	1.361122	0.696942	0.303058	3.194963
28758	-3439.543	-3608.263	168.7196	1.295643	0.698219	0.301781	3.246887
28764	-3439.534	-3608.304	168.7701	1.245111	0.698219	0.301781	3.246887
28770	-3444.353	-3613.543	169.1896	1.470174	0.511404	0.488596	2.861419
28776	-3443.503	-3613.366	169.8635	1.4527	0.714292	0.285708	2.456986
28782	-3446.693	-3616.435	169.742	1.380164	0.624749	0.375251	2.578075
28788	-3448.402	-3617.522	169.1199	1.296937	0.622351	0.377649	3.007825
28794	-3444.434	-3614.922	170.4885	1.434979	0.624182	0.375818	2.066906
28800	-3451.49	-3620.924	169.4342	1.478691	0.746497	0.253503	2.707158
28806	-3444.137	-3613.689	169.5526	1.379345	0.63953	0.36047	2.69545
28812	-3446.657	-3616.765	170.1082	1.390928	0.63953	0.36047	2.341447
28818	-3439.128	-3609.496	170.3679	1.555613	0.54536	0.45464	2.06692
28824	-3438.598	-3609.076	170.4782	1.445325	0.704335	0.295665	2.06692
28830	-3432.285	-3602.611	170.3258	1.431062	0.667678	0.332322	2.175919
28836	-3446.611	-3617.433	170.8219	1.569213	0.657405	0.342595	1.749826
28842	-3457.404	-3627.981	170.5768	1.650143	0.642828	0.357172	1.863357
28848	-3446.144	-3616.861	170.7165	1.580086	0.597962	0.402038	1.815535
28854	-3438.942	-3609.816	170.8746	1.683229	0.598332	0.401668	1.631482
28860	-3444.051	-3614.951	170.8999	1.657883	0.725621	0.274379	1.631482
28866	-3442.64	-3613.62	170.9808	1.745681	0.572827	0.427173	1.507682
28872	-3438.878	-3609.744	170.8659	1.638555	0.711037	0.288963	1.669728
28878	-3431.849	-3602.792	170.9431	1.561433	0.585777	0.414223	1.669728
28884	-3431.23	-3601.788	170.5578	1.524503	0.601686	0.398314	1.96128
28890	-3432.67	-3603.305	170.6347	1.547629	0.626311	0.373689	1.893768
28896	-3438.586	-3608.96	170.3744	1.547629	0.582428	0.417572	2.067888
28902	-3445.581	-3614.939	169.3574	1.386769	0.691777	0.308223	2.810174
28908	-3445.546	-3614.896	169.3502	1.376048	0.714692	0.285308	2.821092
28914	-3449.882	-3619.339	169.4568	1.276852	0.676626	0.323374	2.816558
28920	-3441.402	-3611.794	170.3922	1.43972	0.688334	0.311666	2.127039
28926	-3436.862	-3607.295	170.433	1.512487	0.688334	0.311666	2.052399
28932	-3432.843	-3603.341	170.4982	1.576598	0.623553	0.376447	1.96632
28938	-3437.727	-3608.054	170.3269	1.512938	0.696421	0.303579	2.121859
28944	-3430.436	-3600.613	170.1777	1.410217	0.62989	0.37011	2.284853
28950	-3438.597	-3608.587	169.99	1.486524	0.77515	0.22485	2.355812
28956	-3433.454	-3603.394	169.9396	1.364472	0.786577	0.213423	2.464656
28962	-3438.016	-3606.678	168.6612	1.21381	0.621539	0.378461	3.329554
28968	-3434.027	-3602.686	168.6592	1.215767	0.711903	0.288097	3.329554
28974	-3437.597	-3605.227	167.6307	1.150715	0.662337	0.337663	3.963496
28980	-3442.904	-3609.843	166.939	1.219233	0.757555	0.242445	4.317922
28986	-3439.037	-3607.099	168.0615	1.125632	0.628854	0.371146	3.730341
28992	-3440.228	-3609.271	169.0423	1.210556	0.650544	0.349456	3.105868
28998	-3448.922	-3618.402	169.4795	1.314901	0.688682	0.311318	2.779569
29004	-3453.847	-3622.944	169.0966	1.342744	0.500101	0.499899	2.99431
29010	-3446.63	-3615.92	169.2896	1.442518	0.623599	0.376401	2.817538
29016	-3437.224	-3605.454	168.2297	1.293176	0.638911	0.361089	3.53568
29022	-3430.258	-3598.567	168.309	1.213838	0.583381	0.416619	3.53568
29028	-3428.558	-3596.888	168.3296	1.193278	0.66653	0.33347	3.53568
29034	-3426.023	-3594.397	168.3739	1.14895	0.61085	0.38915	3.53568
29040	-3430.898	-3599.626	168.7279	1.326475	0.629967	0.370033	3.223693
29046	-3432.784	-3600.777	167.9928	1.254805	0.523874	0.476126	3.695364
29052	-3430.273	-3598.445	168.1715	1.160065	0.697139	0.302861	3.646789
29058	-3433.337	-3601.561	168.2233	1.16753	0.619083	0.380917	3.612417
29064	-3441.638	-3610.261	168.6227	1.240106	0.598872	0.401128	3.336759
29070	-3430.476	-3598.01	167.5341	1.095798	0.597735	0.402265	4.050068
29076	-3445.252	-3613.11	167.8584	1.12528	0.629481	0.370519	3.847493
29082	-3440.51	-3608.359	167.8485	1.135201	0.640211	0.359789	3.847493
29088	-3435.929	-3604.072	168.1426	1.156066	0.540331	0.459669	3.665833
29094	-3435.921	-3604.332	168.4106	1.269508	0.625327	0.374673	3.443907
29100	-3434.761	-3602.908	168.1468	1.246126	0.541683	0.458317	3.611212
29106	-3438.538	-3606.385	167.8468	1.112769	0.685534	0.314466	3.861365
29112	-3437.786	-3604.362	166.5758	1.026574	0.737072	0.262928	4.630832
29118	-3438.869	-3605.323	166.4542	0.9594512	0.703532	0.296468	4.736483
29124	-3448.547	-3616.011	167.464	1.003622	0.528407	0.471593	4.142495
29130	-3449.368	-3616.481	167.1138	0.9745295	0.646198	0.353802	4.357435
29136	-3454.041	-3621.255	167.214	1.081859	0.643436	0.356564	4.239986
29142	-3447.564	-3614.563	166.9993	0.9796546	0.643197	0.356803	4.419134
29148	-3444.053	-3610.988	166.9354	1.043538	0.549399	0.450601	4.419134
29154	-3434.768	-3602.752	167.9843	1.138189	0.603718	0.396282	3.767627
29160	-3433.866	-3602.117	168.2511	1.108327	0.586916	0.413084	3.630627
29166	-3441.066	-3609.152	168.0861	1.06249	0.723679	0.276321	3.752571
29172	-3432.239	-3600.42	168.1814	1.208635	0.645009	0.354991	3.612897
29178	-3437.182	-3604.827	167.6455	1.151042	0.629214	0.370786	3.954821
29184	-3437.864	-3607.071	169.2069	1.25164	0.584886	0.415114	2.982812
29190	-3431.538	-3600.348	168.8099	1.25164	0.602636	0.397364	3.219506
29196	-3438.384	-3606.917	168.533	1.267635	0.598422	0.401578	3.373263
29202	-3444.8	-3613.823	169.0234	1.215307	0.591768	0.408232	3.114317
29208	-3444.325	-3613.6	169.2755	1.258328	0.617643	0.382357	2.937505
29214	-3442.709	-3612.211	169.5028	1.259806	0.736705	0.263295	2.79899
29220	-3453.142	-3622.787	169.6455	1.262574	0.531109	0.468891	2.710121
29226	-3446.855	-3616.694	169.8384	1.383485	0.412299	0.587701	2.516057
29232	-3435.504	-3605.714	170.2102	1.38754	0.631294	0.368706	2.278518
29238	-3432.625	-3603.096	170.4708	1.402902	0.638946	0.361054	2.099682
29244	-3430.975	-3600.728	169.753	1.420525	0.571828	0.428172	2.54619
29250	-3438.563	-3608.835	170.2725	1.504297	0.578055	0.421945	2.163001
29256	-3423.96	-3593.838	169.8781	1.425196	0.578055	0.421945	2.465094
29262	-3433.68	-3604.13	170.4498	1.594342	0.638603	0.361397	1.986869
29268	-3443.56	-3613.331	169.771	1.343476	0.554447	0.445553	2.582838
29274	-3447.712	-3616.174	168.4613	1.263637	0.677045	0.322955	3.41763
29280	-3435.692	-3604.724	169.0313	1.263637	0.703684	0.296316	3.080782
29286	-3446.628	-3616.001	169.373	1.269553	0.703684	0.296316	2.871846
29292	-3440.014	-3609.39	169.3765	1.363698	0.652947	0.347053	2.812591
29298	-3431.124	-3600.381	169.257	1.45833	0.621518	0.378482	2.827731
29304	-3440.795	-3610.657	169.8623	1.575604	0.620387	0.379613	2.380291
29310	-3433.223	-3602.785	169.5617	1.336719	0.629722	0.370278	2.71599
29316	-3438.913	-3608.447	169.5339	1.408729	0.577706	0.422294	2.688887
29322	-3442.199	-3611.696	169.4972	1.353141	0.697367	0.302633	2.745456
29328	-3450.41	-3618.652	168.2424	1.221132	0.648489	0.351511	3.570156
29334	-3431.059	-3602.378	171.3184	1.867257	0.715327	0.284673	1.136991
29340	-3433.173	-3604.608	171.4345	1.908466	0.655075	0.344925	0.9882823
29346	-3434.301	-3605.499	171.1976	1.936016	0.655075	0.344925	1.182755
29352	-3441.656	-3612.667	171.0116	1.783297	0.620979	0.379021	1.45606
29358	-3442.517	-3613.604	171.087	1.707915	0.682026	0.317974	1.45606
29364	-3439.831	-3610.918	171.087	1.711777	0.673143	0.326857	1.453101
29370	-3436.357	-3607.482	171.1241	1.699473	0.635497	0.364503	1.434126
29376	-3446.587	-3617.719	171.1314	1.766207	0.631391	0.368609	1.376702
29382	-3441.357	-3612.669	171.3117	1.812783	0.633705	0.366295	1.190689
29388	-3444.113	-3615.388	171.2752	1.820987	0.680806	0.319194	1.214837
29394	-3441.149	-3612.476	171.3272	1.88871	0.557113	0.442887	1.109764
29400	-3435.146	-3606.327	171.1803	1.800982	0.652824	0.347176	1.310019
29406	-3429.01	-3600.214	171.2038	1.867231	0.597312	0.402688	1.23609
29412	-3451.444	-3622.634	171.1898	1.79717	0.580517	0.419483	1.305424
29418	-3454.74	-3625.991	171.251	1.951018	0.597265	0.402735	1.122324
29424	-3447.39	-3618.558	171.1681	1.85729	0.640007	0.359993	1.274011
29430	-3445.223	-3616.309	171.0866	1.719992	0.636006	0.363994	1.447124
29436	-3450.866	-3621.917	171.0511	1.755549	0.510686	0.489314	1.447124
29442	-3449.266	-3616.041	166.7744	1.101931	0.505805	0.494195	4.476919
29448	-3449.489	-3618.001	168.5118	1.116044	0.699737	0.300263	3.474407
29454	-3447.129	-3617.9	170.7711	1.591017	0.564148	0.435852	1.770069
29460	-3438.497	-3609.109	170.612	1.557798	0.615486	0.384514	1.902255
29466	-3445.215	-3615.505	170.2907	1.479734	0.645519	0.354481	2.167115
29472	-3439.503	-3610.206	170.7029	1.659191	0.662523	0.337477	1.77013
29478	-3438.314	-3609.101	170.787	1.583537	0.647234	0.352766	1.764257
29484	-3428.431	-3599.607	171.1764	1.668109	0.656631	0.343369	1.41803
29490	-3445.94	-3617.261	171.3207	1.783329	0.555021	0.444979	1.208225
29496	-3433.766	-3605.071	171.3047	1.799242	0.555021	0.444979	1.208225
29502	-3434.696	-3605.867	171.171	1.731233	0.555021	0.444979	1.373025
29508	-3433.187	-3604.358	171.1717	1.642972	0.5138	0.4862	1.440958
29514	-3428.368	-3599.608	171.2402	1.684792	0.592711	0.407289	1.355066
29520	-3424.709	-3595.906	171.1972	1.732399	0.592711	0.407289	1.351385
29526	-3425.681	-3596.557	170.8762	1.606959	0.592464	0.407536	1.684923
29532	-3432.751	-3603.564	170.8134	1.585415	0.628954	0.371046	1.744458
29538	-3434.036	-3605.19	171.1538	1.607226	0.592794	0.407206	1.481731
29544	-3447.076	-3618.108	171.0325	1.728526	0.701905	0.298095	1.481731
29550	-3450.303	-3621.572	171.2695	1.693134	0.545222	0.454778	1.325056
29556	-3442.509	-3613.781	171.2724	1.761268	0.765469	0.234531	1.267209
29562	-3433.755	-3604.89	171.1354	1.750874	0.765469	0.234531	1.385532
29568	-3432.153	-3603.105	170.9519	1.796895	0.536666	0.463334	1.490946
29574	-3439.671	-3610.879	171.2079	1.837118	0.536666	0.463334	1.257817
29580	-3436.54	-3607.619	171.0787	1.6977	0.585663	0.414337	1.470114
29586	-3434.428	-3605.837	171.4094	1.849834	0.687035	0.312965	1.069758
29592	-3428.072	-3599.387	171.3154	1.912666	0.563722	0.436278	1.098669
29598	-3427.964	-3599.213	171.2489	1.854444	0.620277	0.379723	1.208737
29604	-3427.117	-3598.505	171.3878	1.815046	0.571095	0.428905	1.121552
29610	-3432.077	-3603.52	171.443	1.978304	0.578668	0.421332	0.9051804
29616	-3432.565	-3604.017	171.4516	2.037061	0.596948	0.403052	0.8252888
29622	-3422.863	-3594.304	171.4411	1.987913	0.583624	0.416376	0.8965062
29628	-3423.867	-3595.212	171.3443	2.111823	0.624076	0.375924	0.8651688
29634	-3428.761	-3599.932	171.1707	1.826851	0.738093	0.261907	1.296789
29640	-3432.624	-3603.809	171.1848	1.715761	0.615587	0.384413	1.37432
29646	-3434.644	-3605.663	171.019	1.715591	0.615587	0.384413	1.501651
29652	-3433.423	-3604.556	171.1336	1.768888	0.615587	0.384413	1.372876
29658	-3430.079	-3601.04	170.9604	1.768888	0.669012	0.330988	1.505603
29664	-3438.984	-3609.984	171.0003	1.667212	0.626429	0.373571	1.551508
29670	-3456.234	-3626.92	170.6857	1.596971	0.672538	0.327462	1.825165
29676	-3446.183	-3616.005	169.8221	1.418939	0.680388	0.319612	2.504098
29682	-3443.514	-3613.077	169.5632	1.311484	0.680388	0.319612	2.730558
29688	-3445.45	-3614.653	169.2032	1.255906	0.539535	0.460465	2.982455
29694	-3443.924	-3613.99	170.0665	1.409801	0.627419	0.372581	2.355998
29700	-3437.667	-3607.343	169.6761	1.339595	0.567213	0.432787	2.64393
29706	-3444.548	-3614.432	169.8839	1.457864	0.691216	0.308784	2.440935
29712	-3441.583	-3611.534	169.9508	1.390956	0.695593	0.304407	2.440935
29718	-3444.428	-3614.266	169.8379	1.440309	0.61911	0.38089	2.480816
29724	-3444.591	-3614.166	169.5753	1.312892	0.61911	0.38089	2.722297
29730	-3448.922	-3617.535	168.6125	1.292389	0.544653	0.455347	3.311965
29736	-3443.876	-3613.145	169.2696	1.285366	0.566355	0.433645	2.924742
29742	-3455.814	-3626.296	170.4819	1.531723	0.626983	0.373017	2.007221
29748	-3446.048	-3616.572	170.5247	1.48889	0.668441	0.331559	2.007221
29754	-3443.379	-3613.913	170.5338	1.350788	0.6811	0.3189	2.092517
29760	-3440.804	-3610.833	170.0287	1.378015	0.6811	0.3189	2.400006
29766	-3442.369	-3612.918	170.5491	1.449221	0.734293	0.265707	2.017384
29772	-3431.569	-3601.47	169.9015	1.406766	0.69968	0.30032	2.461994
29778	-3445.161	-3615.162	170.0007	1.51552	0.657253	0.342747	2.330575
29784	-3443.577	-3613.485	169.9084	1.340952	0.501891	0.498109	2.49888
29790	-3439.123	-3609.992	170.8691	1.511099	0.674528	0.325472	1.757496
29796	-3434.216	-3604.487	170.2708	1.514001	0.678425	0.321575	2.157791
29802	-3437.105	-3607.755	170.6504	1.539168	0.586166	0.413834	1.888868
29808	-3433.479	-3604.088	170.6094	1.580128	0.605859	0.394141	1.888868
29814	-3430.512	-3600.635	170.1232	1.523767	0.640707	0.359293	2.246928
29820	-3433.189	-3602.92	169.7311	1.337028	0.618022	0.381978	2.611555
29826	-3429.286	-3599.438	170.1519	1.51558	0.68999	0.31001	2.233737
29832	-3444.483	-3614.695	170.2124	1.455069	0.635756	0.364244	2.233737
29838	-3438.715	-3608.682	169.9671	1.471689	0.626725	0.373275	2.379751
29844	-3433.139	-3603.668	170.529	1.554739	0.58514	0.41486	1.960336
29850	-3429.264	-3599.862	170.5979	1.561175	0.58514	0.41486	1.909533
29856	-3438.86	-3608.795	169.935	1.43238	0.585509	0.414491	2.424849
29862	-3439.132	-3609.024	169.892	1.392557	0.60819	0.39181	2.476884
29868	-3451.776	-3622.022	170.2461	1.413957	0.562756	0.437244	2.238522
29874	-3441.619	-3611.487	169.8682	1.366684	0.66036	0.33964	2.507941
29880	-3450.615	-3618.616	168.0009	1.152963	0.611078	0.388922	3.749544
29886	-3451.771	-3617.943	166.1719	1.154039	0.745052	0.254948	4.785469
29892	-3447.957	-3614.822	166.8647	1.079749	0.532486	0.467514	4.438582
29898	-3443.563	-3611.187	167.6248	1.141423	0.680985	0.319015	3.972185
29904	-3438.4	-3607.313	168.9133	1.204994	0.46356	0.53644	3.185833
29910	-3436.639	-3604.702	168.064	1.196214	0.557801	0.442199	3.688102
29916	-3436.758	-3604.201	167.4438	1.073959	0.741929	0.258071	4.11394
29922	-3448.63	-3619.653	171.0227	1.748786	0.613653	0.386347	1.473804
29928	-3454.425	-3625.497	171.0721	1.702223	0.581598	0.418402	1.471662
29934	-3441.913	-3610.856	168.9431	1.322788	0.614866	0.385134	3.098117
29940	-3435.059	-3604.046	168.9878	1.258753	0.529764	0.470236	3.109608
29946	-3443.972	-3611.748	167.7759	1.13343	0.529764	0.470236	3.890235
29952	-3440.115	-3607.748	167.6331	1.111624	0.59791	0.40209	3.984492
29958	-3440.895	-3608.248	167.3534	1.127096	0.544126	0.455874	4.135153
29964	-3430.729	-3598.279	167.5491	1.106195	0.544126	0.455874	4.035547
29970	-3438.798	-3607.946	169.1482	1.317639	0.626788	0.373212	2.978401
29976	-3440.713	-3610.217	169.5043	1.325707	0.580443	0.419557	2.757896
29982	-3439.548	-3608.325	168.7773	1.232835	0.596393	0.403607	3.249855
29988	-3444.627	-3614.103	169.4763	1.347957	0.67564	0.32436	2.761399
29994	-3436.751	-3606.794	170.0425	1.364604	0.558118	0.441882	2.399792
30000	-3445.389	-3615.032	169.6425	1.471083	0.593517	0.406483	2.583381
30006	-3432.395	-3602.374	169.9792	1.504151	0.593517	0.406483	2.351494
30012	-3428.534	-3598.398	169.8637	1.432957	0.493128	0.506872	2.469299
30018	-3427.852	-3597.826	169.9732	1.367824	0.537792	0.462208	2.44139
30024	-3446.218	-3615.506	169.288	1.400574	0.698661	0.301339	2.843935
30030	-3435.98	-3605.349	169.3687	1.364275	0.588231	0.411769	2.817014
30036	-3439.962	-3609.429	169.4669	1.221579	0.610175	0.389825	2.844026
30042	-3430.578	-3600.745	170.1673	1.349914	0.56513	0.43487	2.329974
30048	-3427.011	-3597.498	170.4876	1.443874	0.590761	0.409239	2.061633
30054	-3434	-3604.546	170.5459	1.497885	0.610508	0.389492	1.987086
30060	-3428.327	-3599.089	170.7627	1.579752	0.679233	0.320767	1.783769
30066	-3440.499	-3610.918	170.4192	1.394204	0.791655	0.208345	2.139164
30072	-3440.69	-3610.889	170.199	1.431965	0.578978	0.421022	2.257248
30078	-3442.471	-3612.636	170.165	1.47138	0.638943	0.361057	2.25372
30084	-3434.557	-3605.152	170.5943	1.603483	0.660944	0.339056	1.88324
30090	-3443.838	-3614.704	170.8662	1.606577	0.660944	0.339056	1.692312
30096	-3430.382	-3601.207	170.8241	1.610113	0.709172	0.290828	1.719599
30102	-3433.998	-3604.714	170.7162	1.657461	0.47824	0.52176	1.762053
30108	-3442.096	-3612.532	170.4357	1.657406	0.582979	0.417021	1.954018
30114	-3447.638	-3618.621	170.9831	1.694878	0.582979	0.417021	1.543772
30120	-3440.04	-3610.505	170.4652	1.581683	0.706161	0.293839	1.985043
30126	-3438.462	-3609.228	170.7662	1.710833	0.597648	0.402352	1.689241
30132	-3442.251	-3612.454	170.2031	1.498272	0.584128	0.415872	2.211895
30138	-3457.115	-3626.616	169.5007	1.263436	0.537057	0.462943	2.798007
30144	-3449.631	-3619.33	169.6986	1.316241	0.537057	0.462943	2.644461
30150	-3445.807	-3615.872	170.065	1.394957	0.599764	0.400236	2.366361
30156	-3442.752	-3611.659	168.9077	1.205136	0.565138	0.434862	3.189098
30162	-3444.714	-3611.766	167.0513	1.018563	0.576809	0.423191	4.367822
30168	-3443.409	-3610.733	167.3242	1.091723	0.510222	0.489778	4.171842
30174	-3438.005	-3607.06	169.0545	1.23174	0.543418	0.456582	3.085958
30180	-3437.408	-3606.009	168.6011	1.231229	0.559472	0.440528	3.354652
30186	-3441.662	-3610.501	168.8385	1.224218	0.555856	0.444144	3.218804
30192	-3432.433	-3601.54	169.1074	1.337138	0.569083	0.430917	2.991221
30198	-3439.582	-3609.887	170.3047	1.428542	0.393906	0.606094	2.191265
30204	-3430.668	-3601.075	170.4071	1.641081	0.591664	0.408336	1.984138
30210	-3438.305	-3609.116	170.8116	1.60649	0.465198	0.534802	1.73091
30216	-3442.265	-3613.141	170.8759	1.665095	0.50595	0.49405	1.643572
30222	-3443.955	-3615.024	171.0693	1.718527	0.532796	0.467204	1.461458
30228	-3446.869	-3617.816	170.9468	1.715182	0.550359	0.449641	1.555542
30234	-3437.545	-3608.786	171.2409	1.707387	0.550359	0.449641	1.336511
30240	-3439.393	-3610.55	171.1565	1.749003	0.550359	0.449641	1.370485
30246	-3433.819	-3604.919	171.1007	1.624246	0.526914	0.473086	1.508802
30252	-3439.936	-3611.069	171.1326	1.62753	0.62164	0.37836	1.482387
30258	-3431.769	-3602.805	171.0361	1.677293	0.613808	0.386192	1.517491
30264	-3435.849	-3606.559	170.7104	1.691971	0.508171	0.491829	1.741967
30270	-3436.302	-3607.078	170.7758	1.617109	0.545346	0.454654	1.748586
30276	-3435.772	-3605.929	170.1572	1.509181	0.634264	0.365736	2.234438
30282	-3439.235	-3609.273	170.038	1.406982	0.644836	0.355164	2.375848
30288	-3440.886	-3610.695	169.8084	1.393481	0.60939	0.39061	2.528538
30294	-3442.344	-3611.688	169.3445	1.331727	0.577408	0.422592	2.851424
30300	-3444.913	-3614.111	169.198	1.236403	0.538075	0.461925	2.997324
30306	-3458.185	-3626.568	168.3834	1.172794	0.538075	0.461925	3.516263
30312	-3455.582	-3625.011	169.4289	1.19839	0.605086	0.394914	2.881091
30318	-3455.71	-3625.818	170.1081	1.273318	0.595736	0.404264	2.415996
30324	-3458.907	-3628.375	169.4681	1.315944	0.524236	0.475764	2.785915
30330	-3458.711	-3627.697	168.9861	1.232841	0.442034	0.557966	3.126069
30336	-3442.867	-3611.301	168.4344	1.206611	0.513308	0.486692	3.466717
30342	-3439.986	-3607.739	167.7531	1.151231	0.617752	0.382248	3.893085
30348	-3433.955	-3602.613	168.6577	1.201611	0.608134	0.391866	3.338783
30354	-3443.084	-3611.583	168.4996	1.192711	0.512103	0.487897	3.436763
30360	-3436.689	-3605.41	168.7204	1.163969	0.55189	0.44811	3.324024
30366	-3441.265	-3610.255	168.9904	1.242721	0.515152	0.484848	3.117612
30372	-3442.799	-3610.018	167.2191	0.9761941	0.644173	0.355827	4.296967
30378	-3436.723	-3604.509	167.7861	1.18992	0.788898	0.211102	3.851889
30384	-3435.521	-3604.03	168.5095	1.145076	0.557728	0.442272	3.458809
30390	-3431.727	-3600.077	168.3501	1.120558	0.534574	0.465426	3.566068
30396	-3435.211	-3602.371	167.1599	1.208759	0.604859	0.395141	4.198692
30402	-3446.078	-3616.124	170.0464	1.290073	0.639307	0.360693	2.44431
30408	-3445.952	-3615.697	169.7451	1.484697	0.627531	0.372469	2.511109
30414	-3444.253	-3614.31	170.0564	1.297143	0.522773	0.477227	2.433527
30420	-3444.849	-3613.126	168.277	1.250515	0.469951	0.530049	3.532958
30426	-3441.367	-3609.501	168.1347	1.121313	0.643894	0.356106	3.690524
30432	-3434.966	-3603.788	168.8222	1.212878	0.59918	0.40082	3.235114
30438	-3426.31	-3595.932	169.6229	1.267089	0.557427	0.442573	2.721183
30444	-3419.586	-3588.774	169.188	1.270616	0.577342	0.422658	2.982767
30450	-3428.216	-3597.465	169.2491	1.232361	0.496008	0.503992	2.969024
30456	-3425.514	-3594.827	169.3131	1.168376	0.686458	0.313542	2.969024
30462	-3419.633	-3588.111	168.4783	1.128737	0.587963	0.412037	3.48659
30468	-3430.73	-3598.803	168.0728	1.07883	0.531	0.469	3.750789
30474	-3428.078	-3595.97	167.8912	1.151309	0.531	0.469	3.813683
30480	-3438.517	-3606.882	168.3653	1.230236	0.628606	0.371394	3.4933
30486	-3436.061	-3603.645	167.5835	1.142153	0.659866	0.340134	3.995387
30492	-3438.27	-3605.905	167.6355	1.090142	0.639029	0.360971	3.995387
30498	-3436.26	-3604.223	167.9621	0.9976344	0.539185	0.460815	3.86129
30504	-3441.525	-3609.457	167.9316	1.1181	0.669228	0.330772	3.809552
30510	-3437.143	-3603.29	166.1468	0.9600139	0.518251	0.481749	4.907658
30516	-3445.152	-3614.151	168.9984	1.097928	0.698495	0.301505	3.198869
30522	-3440.892	-3608.37	167.4783	0.9726768	0.695861	0.304139	4.151969
30528	-3445.633	-3612.711	167.0771	0.9267509	0.523494	0.476506	4.405085
30534	-3441.621	-3609.681	168.0601	1.135573	0.652278	0.347722	3.725418
30540	-3441.436	-3610.37	168.9333	1.249084	0.538765	0.461235	3.14782
30546	-3445.004	-3613.243	168.2392	1.228934	0.577904	0.422096	3.567515
30552	-3436.888	-3605.678	168.7902	1.170714	0.721633	0.278367	3.278933
30558	-3446.185	-3616.059	169.8742	1.191409	0.702833	0.297167	2.61309
30564	-3439.605	-3607.198	167.5928	1.152725	0.5551	0.4449	3.984
30570	-3442.965	-3611.661	168.6967	1.087747	0.5551	0.4449	3.382768
30576	-3438.347	-3605.96	167.6123	1.093937	0.613839	0.386161	4.006463
30582	-3442.722	-3611.667	168.9449	1.177369	0.625171	0.374829	3.183486
30588	-3440.992	-3609.542	168.55	1.186539	0.53257	0.46743	3.410876
30594	-3441.392	-3610.663	169.2714	1.382017	0.629709	0.370291	2.865258
30600	-3434.929	-3605.234	170.3051	1.513423	0.629709	0.370291	2.135782
30606	-3445.374	-3615.61	170.2355	1.529131	0.54772	0.45228	2.170866
30612	-3439.127	-3609.413	170.2861	1.478565	0.404245	0.595755	2.170866
30618	-3437.099	-3607.203	170.1044	1.369856	0.575483	0.424517	2.357236
30624	-3440.87	-3610.939	170.0685	1.486913	0.53785	0.46215	2.305626
30630	-3431.571	-3601.667	170.0958	1.459564	0.53785	0.46215	2.305626
30636	-3445.974	-3616.741	170.7673	1.560192	0.439204	0.560796	1.794167
30642	-3436.009	-3606.594	170.5848	1.554229	0.63586	0.36414	1.9231
30648	-3445.437	-3615.098	169.6607	1.524588	0.641573	0.358427	2.538835
30654	-3449.828	-3619.837	170.0084	1.354593	0.637236	0.362764	2.427622
30660	-3436.774	-3606.85	170.0759	1.435896	0.515365	0.484635	2.333407
30666	-3439.17	-3609.562	170.3923	1.386327	0.551085	0.448915	2.161819
30672	-3451.081	-3621.514	170.4328	1.605888	0.582445	0.417555	1.990508
30678	-3439.542	-3609.789	170.2463	1.383287	0.576344	0.423656	2.258115
30684	-3436.073	-3606.303	170.23	1.519324	0.585503	0.414497	2.180855
30690	-3436.58	-3607.257	170.6772	1.635609	0.50143	0.49857	1.804331
30696	-3437.425	-3608.205	170.7797	1.533074	0.547093	0.452907	1.804331
30702	-3434.826	-3605.612	170.7851	1.680607	0.563081	0.436919	1.697276
30708	-3434.963	-3605.743	170.7805	1.654056	0.595799	0.404201	1.719319
30714	-3442.09	-3612.729	170.6393	1.500491	0.582529	0.417471	1.922559
30720	-3425.267	-3595.708	170.4416	1.487304	0.599247	0.400753	2.063379
30726	-3431.955	-3602.436	170.4802	1.448649	0.623362	0.376638	2.063379
30732	-3442.922	-3612.673	169.751	1.441254	0.537464	0.462536	2.534519
30738	-3436.713	-3606.858	170.1456	1.396922	0.601152	0.398848	2.31384
30744	-3438.5	-3608.668	170.1683	1.37426	0.572149	0.427851	2.31384
30750	-3456.875	-3625.659	168.7845	1.299416	0.60108	0.39892	3.206231
30756	-3453.194	-3622.982	169.7885	1.378423	0.593708	0.406292	2.550266
30762	-3441.406	-3610.643	169.2367	1.318547	0.589337	0.410663	2.924568
30768	-3441.276	-3611.584	170.308	1.549368	0.633351	0.366649	2.110391
30774	-3442.591	-3612.203	169.6121	1.388066	0.618684	0.381316	2.653474
30780	-3445.381	-3614.417	169.0355	1.215509	0.660176	0.339824	3.106939
30786	-3445.308	-3614.999	169.6906	1.367865	0.640662	0.359338	2.617516
30792	-3443.048	-3612.527	169.479	1.404939	0.555647	0.444353	2.724858
30798	-3433.091	-3602.208	169.1176	1.30281	0.665537	0.334463	3.00569
30804	-3436.757	-3605.948	169.1916	1.28192	0.581079	0.418921	2.973785
30810	-3434.371	-3603.361	168.99	1.237675	0.521302	0.478698	3.120848
30816	-3439.955	-3607.71	167.7556	1.106056	0.637628	0.362372	3.917556
30822	-3442.39	-3610.117	167.7268	1.134872	0.637628	0.362372	3.917556
30828	-3447.291	-3615.718	168.4266	1.173673	0.667596	0.332404	3.490506
30834	-3449.38	-3617.839	168.459	1.222767	0.644122	0.355878	3.442901
30840	-3446.885	-3617.267	170.3821	1.385039	0.576947	0.423053	2.169238
30846	-3445.295	-3614.731	169.4359	1.294597	0.57249	0.42751	2.818478
30852	-3453.331	-3621.995	168.6646	1.247884	0.628123	0.371877	3.307475
30858	-3435.402	-3603.94	168.5378	1.135207	0.629674	0.370326	3.448047
30864	-3432.501	-3601.881	169.3806	1.388451	0.535201	0.464799	2.795031
30870	-3428.142	-3598.232	170.0896	1.391938	0.550044	0.449956	2.352622
30876	-3425.672	-3595.789	170.117	1.412561	0.517053	0.482947	2.322083
30882	-3441.256	-3611.165	169.9095	1.392824	0.645789	0.354211	2.465743
30888	-3433.58	-3603.207	169.6275	1.358306	0.629281	0.370719	2.662368
30894	-3432.949	-3602.982	170.0329	1.40549	0.596494	0.403506	2.380003
30900	-3439.9	-3609.716	169.8159	1.403255	0.57173	0.42827	2.517735
30906	-3445.764	-3615.648	169.8844	1.277472	0.579862	0.420138	2.553398
30912	-3445.455	-3614.872	169.4169	1.344464	0.515399	0.484601	2.799726
30918	-3436.307	-3605.152	168.8451	1.276827	0.515399	0.484601	3.183688
30924	-3430.018	-3598.766	168.7484	1.298076	0.493471	0.506529	3.228379
30930	-3425.05	-3593.812	168.7623	1.268626	0.444446	0.555554	3.237609
30936	-3434.213	-3602.343	168.1295	1.207959	0.444446	0.555554	3.643341
30942	-3429.587	-3597.316	167.7293	1.169118	0.600435	0.399565	3.896482
30948	-3427.557	-3595.266	167.7087	1.119601	0.594845	0.405155	3.936658
30954	-3427.388	-3596.824	169.4359	1.198078	0.585478	0.414522	2.877053
30960	-3430.955	-3598.663	167.7079	1.071432	0.542258	0.457742	3.964679
30966	-3427.567	-3595.526	167.9586	1.126755	0.606629	0.393371	3.788997
30972	-3420.851	-3588.879	168.0271	1.18407	0.535811	0.464189	3.716454
30978	-3431.314	-3599.335	168.0202	1.190907	0.681287	0.318713	3.716454
30984	-3451.54	-3620.756	169.2162	1.219335	0.681287	0.318713	2.996602
30990	-3439.268	-3608.077	168.8087	1.248715	0.528133	0.471867	3.221912
30996	-3431.536	-3601.556	170.0197	1.32641	0.557669	0.442331	2.438193
31002	-3433.486	-3603.615	170.1289	1.410726	0.598611	0.401389	2.315688
31008	-3431.942	-3602.222	170.2794	1.473412	0.712015	0.287985	2.178573
31014	-3431.687	-3602.577	170.8896	1.58736	0.539085	0.460915	1.689332
31020	-3432.741	-3603.525	170.7844	1.692534	0.542101	0.457899	1.689332
31026	-3437.3	-3608.444	171.1435	1.646313	0.582972	0.417028	1.459945
31032	-3435.37	-3606.628	171.2571	1.784099	0.662211	0.337789	1.260953
31038	-3439.418	-3610.875	171.4572	1.813644	0.561851	0.438149	1.058823
31044	-3443.548	-3615.007	171.4586	1.765297	0.619225	0.380775	1.102467
31050	-3466.142	-3636.57	170.4279	1.523049	0.454115	0.545885	2.048816
31056	-3453.598	-3623.95	170.3524	1.523049	0.614082	0.385918	2.098546
31062	-3446.291	-3616.995	170.7035	1.567406	0.566319	0.433681	1.833253
31068	-3444.72	-3615.642	170.9226	1.651468	0.584424	0.415576	1.619724
31074	-3444.719	-3615.525	170.806	1.590757	0.584424	0.415576	1.745893
31080	-3448.899	-3619.724	170.8247	1.62407	0.635771	0.364229	1.709286
31086	-3435.185	-3606.077	170.8925	1.620066	0.631688	0.368312	1.663923
31092	-3434.592	-3604.979	170.387	1.444764	0.511618	0.488382	2.127143
31098	-3452.097	-3622.408	170.3111	1.447829	0.437638	0.562362	2.174592
31104	-3437.689	-3609.117	171.4281	1.858873	0.692647	0.307353	1.043392
31110	-3445.855	-3617.401	171.5459	1.818436	0.483262	0.516738	0.966385
31116	-3430.278	-3601.585	171.3067	1.765813	0.583985	0.416015	1.234872
31122	-3439.91	-3611.01	171.1	1.613892	0.649985	0.350015	1.517103
31128	-3456.58	-3627.396	170.8159	1.553909	0.61045	0.38955	1.764765
31134	-3447.835	-3618.344	170.5092	1.559909	0.674732	0.325268	1.970125
31140	-3445.076	-3616.079	171.0029	1.612693	0.494538	0.505462	1.589575
31146	-3449.657	-3620.82	171.1629	1.656944	0.497211	0.502789	1.436996
31152	-3440.502	-3611.435	170.9332	1.601634	0.524186	0.475814	1.648017
31158	-3443.317	-3613.587	170.27	1.464057	0.589581	0.410419	2.190715
31164	-3436.638	-3606.493	169.8546	1.469912	0.605214	0.394786	2.451776
31170	-3439.577	-3609.447	169.8692	1.330953	0.492075	0.507925	2.529599
31176	-3442.547	-3612.93	170.3828	1.44155	0.621966	0.378034	2.131969
31182	-3438.836	-3608.581	169.7446	1.353797	0.586661	0.413339	2.592805
31188	-3442.518	-3611.599	169.0815	1.221525	0.586661	0.413339	3.075913
31194	-3444.372	-3613.73	169.3581	1.34522	0.483824	0.516176	2.835003
31200	-3449.394	-3619.207	169.8127	1.430678	0.671862	0.328138	2.502616
31206	-3442.218	-3611.686	169.4683	1.337384	0.580636	0.419364	2.772722
31212	-3447.752	-3615.016	167.2641	1.097073	0.61273	0.38727	4.202945
31218	-3450.236	-3619.188	168.9519	1.137557	0.619481	0.380519	3.20294
31224	-3443.42	-3612.386	168.9665	1.200692	0.563297	0.436703	3.15685
31230	-3435.438	-3605.194	169.7562	1.412176	0.583475	0.416525	2.549397
31236	-3434.18	-3602.787	168.6071	1.233968	0.60604	0.39396	3.349502
31242	-3433.367	-3602.75	169.3832	1.439835	0.705827	0.294173	2.762139
31248	-3434.834	-3604.541	169.7069	1.350577	0.661968	0.338032	2.618139
31254	-3440.888	-3609.95	169.0627	1.40973	0.535646	0.464354	2.974481
31260	-3435.615	-3604.608	168.9934	1.356218	0.510495	0.489505	3.048117
31266	-3437.871	-3607.265	169.3944	1.329388	0.686826	0.313174	2.822557
31272	-3428.976	-3598.156	169.1801	1.38903	0.617996	0.382004	2.91623
31278	-3436.947	-3605.562	168.615	1.153599	0.597337	0.402663	3.392073
31284	-3437.242	-3605.573	168.3306	1.183763	0.616313	0.383687	3.540607
31290	-3442.688	-3611.131	168.4436	1.178473	0.629032	0.370968	3.477813
31296	-3442.994	-3611.557	168.5628	1.189171	0.657095	0.342905	3.401785
31302	-3443.66	-3612.256	168.5965	1.232113	0.464581	0.535419	3.356862
31308	-3432.71	-3602.741	170.0306	1.430805	0.561132	0.438868	2.365387
31314	-3440.546	-3609.671	169.1245	1.359662	0.687613	0.312387	2.967409
31320	-3441.015	-3610.172	169.1569	1.225174	0.636475	0.363525	3.02866
31326	-3444.131	-3614.138	170.0067	1.370852	0.637242	0.362758	2.4184
31332	-3442.587	-3612.637	170.0494	1.437999	0.561719	0.438281	2.348944
31338	-3448.989	-3618.466	169.4765	1.298425	0.557124	0.442876	2.791482
31344	-3443.513	-3613.32	169.8066	1.445479	0.500072	0.499928	2.497154
31350	-3439.707	-3608.025	168.3176	1.226969	0.565461	0.434539	3.523029
31356	-3437.656	-3606.21	168.5542	1.216067	0.65347	0.34653	3.39109
31362	-3437.945	-3608.145	170.2005	1.481147	0.599644	0.400356	2.224622
31368	-3427.336	-3597.654	170.3179	1.425706	0.594156	0.405844	2.184541
31374	-3444.835	-3615.239	170.4033	1.615747	0.581423	0.418577	2.003614
31380	-3447.516	-3618.235	170.7188	1.592671	0.568775	0.431225	1.805292
31386	-3450.109	-3621.016	170.907	1.674373	0.702841	0.297159	1.614455
31392	-3450.796	-3621.529	170.7338	1.715945	0.56566	0.43434	1.708598
31398	-3442.506	-3613.415	170.9092	1.822152	0.598143	0.401857	1.50405
31404	-3451.847	-3622.723	170.8762	1.762	0.67442	0.32558	1.573054
31410	-3436.598	-3607.188	170.5907	1.548418	0.618523	0.381477	1.923044
31416	-3437.017	-3607.587	170.5701	1.44539	0.524042	0.475958	2.005931
31422	-3437.429	-3607.791	170.362	1.432037	0.569582	0.430418	2.151776
31428	-3444.505	-3614.636	170.1316	1.470362	0.715006	0.284994	2.275836
31434	-3455.762	-3624.968	169.2061	1.271493	0.552766	0.447234	2.971375
31440	-3455.685	-3624.54	168.855	1.249072	0.579052	0.420948	3.194279
31446	-3449.465	-3617.756	168.2906	1.230683	0.579052	0.420948	3.53656
31452	-3448.166	-3616.241	168.0747	1.143883	0.523525	0.476475	3.712178
31458	-3442.214	-3610.634	168.4203	1.214086	0.513024	0.486976	3.470639
31464	-3436.927	-3604.627	167.6999	1.120296	0.580159	0.419841	3.941284
31470	-3439.307	-3608.189	168.8822	1.303107	0.544185	0.455815	3.146045
31476	-3426.556	-3594.269	167.713	1.083586	0.559235	0.440765	3.954792
31482	-3444.18	-3612.273	168.0935	1.15404	0.705335	0.294665	3.69541
31488	-3440.507	-3608.531	168.0239	1.143063	0.646559	0.353441	3.741953
31494	-3449.238	-3616.479	167.2409	0.9493249	0.542005	0.457995	4.29981
31500	-3440.474	-3608.099	167.6255	1.15507	0.637025	0.362975	3.964002
31506	-3434.127	-3600.89	166.7629	1.116033	0.61201	0.38799	4.475504
31512	-3436.414	-3604.933	168.5188	1.144397	0.487813	0.512187	3.45378
31518	-3435.069	-3603.7	168.6308	1.235172	0.54014	0.45986	3.334883
31524	-3437.275	-3605.882	168.6073	1.258661	0.540695	0.459305	3.334883
31530	-3444.948	-3615.004	170.0563	1.272154	0.544841	0.455159	2.449349
31536	-3447.683	-3617.588	169.9045	1.462407	0.485234	0.514766	2.425159
31542	-3448.337	-3617.559	169.2214	1.270726	0.561342	0.438658	2.96262
31548	-3436.687	-3605.567	168.8794	1.255695	0.513681	0.486319	3.175881
31554	-3433.526	-3602.464	168.9381	1.352397	0.602678	0.397322	3.083402
31560	-3429.963	-3598.787	168.8241	1.159759	0.647866	0.352134	3.265401
31566	-3435.244	-3602.816	167.5713	1.018535	0.512378	0.487622	4.072877
31572	-3437.387	-3606.349	168.9617	1.311848	0.726417	0.273583	3.09354
31578	-3446.67	-3615.764	169.0937	1.179787	0.715568	0.284432	3.09354
31584	-3442.217	-3611.031	168.8139	1.358803	0.554888	0.445112	3.153539
31590	-3438.597	-3608.194	169.5967	1.347304	0.463379	0.536621	2.688033
31596	-3446.227	-3616.684	170.4572	1.510278	0.553611	0.446389	2.037822
31602	-3442.896	-3612.832	169.9362	1.385628	0.480706	0.519294	2.453475
31608	-3436.242	-3606.553	170.3102	1.490421	0.469013	0.530987	2.147501
31614	-3442.14	-3612.891	170.7512	1.50996	0.491452	0.508548	1.839954
31620	-3441.967	-3612.563	170.596	1.513551	0.662512	0.337488	1.942993
31626	-3448.846	-3619.442	170.596	1.513551	0.493784	0.506216	1.942993
31632	-3453.002	-3624.175	171.173	1.659144	0.436372	0.563628	1.427567
31638	-3455.758	-3626.468	170.7101	1.654451	0.502801	0.497199	1.768431
31644	-3450.695	-3621.822	171.127	1.686627	0.585431	0.414569	1.44176
31650	-3449.31	-3620.474	171.1643	1.704143	0.530304	0.469696	1.39947
31656	-3447.74	-3618.616	170.8767	1.716594	0.658979	0.341021	1.605843
31662	-3456.232	-3627.172	170.9402	1.560332	0.507213	0.492787	1.672571
31668	-3441.558	-3612.492	170.9346	1.62862	0.430378	0.569622	1.627566
31674	-3453.523	-3624.18	170.6566	1.499319	0.491347	0.508653	1.911703
31680	-3457.658	-3628.982	171.3243	1.841265	0.575243	0.424757	1.154808
31686	-3458.897	-3630.279	171.382	1.953746	0.683972	0.316028	0.9955035
31692	-3452.651	-3623.886	171.2347	1.861217	0.581647	0.418353	1.215097
31698	-3442.66	-3613.874	171.214	1.729168	0.597876	0.402124	1.340631
31704	-3450.077	-3621.389	171.3115	1.768391	0.634789	0.365211	1.228669
31710	-3444.55	-3615.766	171.2158	1.728134	0.709799	0.290201	1.340021
31716	-3454.449	-3624.651	170.2026	1.578718	0.666244	0.333756	2.160045
31722	-3445.088	-3616	170.9113	1.578718	0.597648	0.402352	1.680029
31728	-3440.325	-3610.941	170.6156	1.54525	0.553001	0.446999	1.908301
31734	-3446.539	-3617.106	170.5661	1.594757	0.487899	0.512101	1.908301
31740	-3437.859	-3608.677	170.8174	1.594757	0.587618	0.412382	1.735098
31746	-3431.456	-3602.167	170.7106	1.611191	0.469718	0.530282	1.798087
31752	-3426.377	-3596.774	170.3971	1.609645	0.586466	0.413534	2.011746
31758	-3441.458	-3611.704	170.2457	1.590408	0.639815	0.360185	2.124304
31764	-3428.283	-3598.351	170.0679	1.433579	0.646111	0.353889	2.339973
31770	-3432.024	-3601.822	169.7984	1.387612	0.608933	0.391067	2.538397
31776	-3444.799	-3614.947	170.1479	1.408451	0.569679	0.430321	2.305006
31782	-3436.624	-3606.89	170.2658	1.375906	0.596882	0.403118	2.250309
31788	-3436.663	-3606.858	170.1944	1.447379	0.625324	0.374676	2.250309
31794	-3435.768	-3606.038	170.2705	1.417174	0.625324	0.374676	2.22072
31800	-3430.948	-3601.189	170.2412	1.46443	0.641288	0.358712	2.20914
31806	-3436.425	-3607.131	170.7065	1.510734	0.643161	0.356839	1.869988
31812	-3436.207	-3606.672	170.4643	1.510734	0.662538	0.337462	2.032866
31818	-3435.107	-3606.17	171.0627	1.684103	0.664467	0.335533	1.492453
31824	-3441.678	-3612.186	170.5084	1.646996	0.664467	0.335533	1.912058
31830	-3439.26	-3609.613	170.3527	1.515539	0.668062	0.331938	2.103241
31836	-3437.908	-3608.4	170.4921	1.480217	0.645859	0.354141	2.034666
31842	-3446.801	-3617.896	171.0954	1.881925	0.591618	0.408382	1.313244
31848	-3436.969	-3608.089	171.12	1.843446	0.580822	0.419178	1.324427
31854	-3431.472	-3602.498	171.026	1.813066	0.590017	0.409983	1.422189
31860	-3434.436	-3605.3	170.8647	1.734688	0.607192	0.392808	1.601379
31866	-3439.797	-3610.924	171.1276	1.815421	0.647065	0.352935	1.340763
31872	-3439.285	-3610.405	171.1208	1.82221	0.661215	0.338785	1.340763
31878	-3442.098	-3613.19	171.0928	1.82419	0.661215	0.338785	1.361439
31884	-3436.86	-3607.715	170.8555	1.622735	0.610683	0.389317	1.688439
31890	-3436.625	-3607.87	171.2457	1.752827	0.453285	0.546715	1.296028
31896	-3438.436	-3609.482	171.0458	1.896119	0.576174	0.423826	1.341594
31902	-3441.22	-3612.558	171.3377	1.82829	0.477771	0.522229	1.154443
31908	-3431.526	-3602.836	171.3096	1.803855	0.682777	0.317223	1.200139
31914	-3434.058	-3605.414	171.3552	1.854101	0.542557	0.457443	1.115776
31920	-3441.501	-3612.873	171.3725	1.854101	0.542557	0.457443	1.09995
31926	-3455.495	-3626.775	171.2803	1.91022	0.53774	0.46226	1.132715
31932	-3429.835	-3601.146	171.3109	1.961312	0.53774	0.46226	1.057451
31938	-3422.965	-3594.214	171.2489	1.834988	0.618604	0.381396	1.225308
31944	-3425.646	-3596.806	171.16	1.82286	0.545071	0.454929	1.308755
31950	-3435.057	-3606.247	171.1904	1.657139	0.6555	0.3445	1.415664
31956	-3434.319	-3605.49	171.1719	1.706266	0.462128	0.537872	1.391894
31962	-3438.578	-3609.805	171.2272	1.752748	0.526725	0.473275	1.311071
31968	-3437.382	-3608.5	171.1177	1.732789	0.492218	0.507782	1.413402
31974	-3443.139	-3614.293	171.1541	1.791169	0.536799	0.463201	1.338978
31980	-3444.522	-3615.562	171.0404	1.655904	0.548002	0.451998	1.530179
31986	-3444.623	-3614.91	170.2865	1.466734	0.637452	0.362548	2.178307
31992	-3431.593	-3601.976	170.3829	1.638515	0.573264	0.426736	2.002011
31998	-3438.785	-3609.417	170.6324	1.631634	0.491825	0.508175	1.837946
32004	-3438.344	-3608.952	170.6073	1.641521	0.541379	0.458621	1.848401
32010	-3437.393	-3608.663	171.2699	1.726637	0.648232	0.351768	1.297623
32016	-3438.011	-3609.075	171.0643	1.665498	0.616525	0.383475	1.50524
32022	-3435.203	-3605.957	170.754	1.717834	0.457641	0.542359	1.692941
32028	-3437.469	-3608.589	171.1195	1.7751	0.592559	0.407441	1.379057
32034	-3433.294	-3604.257	170.9632	1.727317	0.568234	0.431766	1.534469
32040	-3439.089	-3610.43	171.3403	1.727317	0.559679	0.440321	1.238959
32046	-3431.713	-3602.446	170.7331	1.614944	0.493753	0.506247	1.779866
32052	-3440.296	-3610.426	170.1295	1.489932	0.631569	0.368431	2.264634
32058	-3435.001	-3606.011	171.0098	1.488245	0.58411	0.41589	1.674336
32064	-3437.584	-3608.681	171.0973	1.74548	0.614138	0.385862	1.419368
32070	-3444.118	-3615.267	171.1486	1.665205	0.456326	0.543674	1.441594
32076	-3441.702	-3612.594	170.8921	1.627077	0.456326	0.543674	1.659211
32082	-3452.298	-3623.301	171.0036	1.716282	0.593146	0.406854	1.512601
32088	-3439.318	-3610.606	171.2875	1.819272	0.623369	0.376631	1.205853
32094	-3449.669	-3621.004	171.3347	1.903615	0.672928	0.327072	1.089243
32100	-3445.081	-3616.222	171.1404	1.670877	0.680947	0.319053	1.443532
32106	-3436.693	-3608.018	171.3251	1.866765	0.707307	0.292693	1.131501
32112	-3438.63	-3609.861	171.231	1.813382	0.678424	0.321576	1.258352
32118	-3434.997	-3606.062	171.0654	1.78943	0.587892	0.412108	1.410047
32124	-3438.32	-3609.447	171.1277	1.765575	0.664387	0.335613	1.380073
32130	-3448.43	-3619.531	171.1009	1.792369	0.700326	0.299674	1.380073
32136	-3449.41	-3620.646	171.2356	1.713538	0.54128	0.45872	1.335839
32142	-3455.403	-3626.672	171.2682	1.781163	0.657977	0.342023	1.254201
32148	-3445.771	-3616.559	170.7884	1.6085	0.595017	0.404983	1.745775
32154	-3447.931	-3617.882	169.9513	1.503978	0.654951	0.345049	2.369283
32160	-3445.586	-3614.212	168.6259	1.431302	0.608708	0.391292	3.222053
32166	-3449.862	-3617.784	167.9217	1.216008	0.551199	0.448801	3.758839
32172	-3438.991	-3606.932	167.941	1.196753	0.655872	0.344128	3.758839
32178	-3443.547	-3611.357	167.8101	1.086184	0.655872	0.344128	3.897688
32184	-3456.932	-3625.569	168.6366	1.263549	0.655872	0.344128	3.314738
32190	-3456.471	-3625.648	169.1766	1.31576	0.615786	0.384214	2.962472
32196	-3450.881	-3620.431	169.5499	1.417208	0.644988	0.355012	2.673825
32202	-3449.085	-3618.182	169.0967	1.355971	0.638256	0.361744	2.986317
32208	-3449.836	-3618.044	168.2075	1.200013	0.635189	0.364811	3.602749
32214	-3442.251	-3609.847	167.596	1.205516	0.643967	0.356033	3.952008
32220	-3429.483	-3597.814	168.3315	1.141759	0.656824	0.343176	3.564522
32226	-3433.941	-3602.629	168.6882	1.153518	0.659865	0.340135	3.34914
32232	-3442.943	-3611.404	168.4608	1.160111	0.57418	0.42582	3.478469
32238	-3443.1	-3611.787	168.6878	1.260338	0.694091	0.305909	3.286502
32244	-3438.867	-3606.791	167.9237	1.122202	0.657789	0.342211	3.811733
32250	-3453.413	-3621.906	168.4933	1.220033	0.764627	0.235373	3.424446
32256	-3453.708	-3622.645	168.9372	1.235439	0.764627	0.235373	3.153604
32262	-3438.629	-3607.489	168.8602	1.312399	0.682012	0.317988	3.153604
32268	-3431.069	-3600.509	169.4399	1.33166	0.668535	0.331465	2.793527
32274	-3433.586	-3603.625	170.039	1.361113	0.668535	0.331465	2.404209
32280	-3429.264	-3598.917	169.6522	1.338001	0.592409	0.407591	2.659618
32286	-3437.968	-3607.878	169.91	1.40952	0.548444	0.451556	2.45495
32292	-3450.768	-3620.682	169.915	1.398128	0.683057	0.316943	2.458973
32298	-3449.512	-3619.142	169.6308	1.362249	0.669531	0.330469	2.657862
32304	-3455.349	-3624.867	169.5178	1.53192	0.508109	0.491891	2.622905
32310	-3464.87	-3635.158	170.2876	1.510309	0.492523	0.507477	2.149222
32316	-3445.459	-3616.243	170.7842	1.464623	0.63499	0.36501	1.8484
32322	-3444.354	-3615.144	170.7899	1.584078	0.767398	0.232602	1.761835
32328	-3445.592	-3616.384	170.7913	1.685541	0.642944	0.357056	1.689441
32334	-3445.018	-3615.233	170.2143	1.531647	0.642944	0.357056	2.183001
32340	-3443.093	-3613.041	169.9475	1.463287	0.577897	0.422103	2.397426
32346	-3445.048	-3615.02	169.9713	1.43952	0.690412	0.309588	2.397426
32352	-3441.867	-3612.151	170.2842	1.44841	0.562816	0.437184	2.191672
32358	-3438.959	-3609.14	170.1812	1.551401	0.595411	0.404589	2.191672
32364	-3428.574	-3598.942	170.3673	1.604047	0.577263	0.422737	2.03526
32370	-3434.114	-3604.021	169.9065	1.460498	0.660002	0.339998	2.425071
32376	-3445.527	-3615.805	170.2772	1.519018	0.616	0.384	2.150315
32382	-3432.24	-3602.791	170.5505	1.630579	0.632191	0.367809	1.894626
32388	-3427.484	-3598.015	170.5316	1.534611	0.619968	0.380032	1.972085
32394	-3429.938	-3600.47	170.5316	1.534611	0.592203	0.407797	1.972085
32400	-3432.417	-3603.131	170.714	1.495174	0.56972	0.43028	1.875482
32406	-3429.039	-3599.386	170.3472	1.485202	0.560191	0.439809	2.126708
32412	-3434.055	-3603.864	169.8084	1.453879	0.595359	0.404641	2.490797
32418	-3449.437	-3619.949	170.5118	1.541261	0.618237	0.381763	1.980856
32424	-3442.554	-3611.672	169.118	1.312069	0.77142	0.22858	2.999889
32430	-3437.617	-3607.002	169.3845	1.318093	0.606944	0.393056	2.835473
32436	-3438.19	-3607.189	168.9995	1.218822	0.606989	0.393011	3.126417
32442	-3436.107	-3604.579	168.4714	1.142825	0.611205	0.388795	3.482415
32448	-3441.852	-3609.794	167.9421	1.173067	0.611205	0.388795	3.771848
32454	-3437.796	-3606.031	168.2349	1.109456	0.595037	0.404963	3.63937
32460	-3448.735	-3618.703	169.9681	1.321184	0.703572	0.296428	2.473927
32466	-3445.143	-3615.31	170.1663	1.503708	0.540678	0.459322	2.232089
32472	-3448.763	-3619.666	170.9026	1.544317	0.722908	0.277092	1.710578
32478	-3444.456	-3615.245	170.7884	1.545097	0.682854	0.317146	1.790001
32484	-3444.241	-3614.77	170.5296	1.459418	0.658084	0.341916	2.023532
32490	-3442.422	-3612.579	170.1566	1.471918	0.666802	0.333198	2.25879
32496	-3446.131	-3616.256	170.125	1.38705	0.613886	0.386114	2.33324
32502	-3447.786	-3618.48	170.6943	1.615898	0.599986	0.400014	1.806142
32508	-3441.95	-3612.313	170.3624	1.539868	0.609232	0.390768	2.080917
32514	-3452.862	-3623.28	170.4182	1.429339	0.595049	0.404951	2.116842
32520	-3444.013	-3612.248	168.235	1.184468	0.51446	0.48554	3.595801
32526	-3446.917	-3614.661	167.7445	1.077881	0.651458	0.348542	3.940026
32532	-3457.218	-3624.839	167.6208	1.110077	0.560954	0.439046	3.992383
32538	-3443.273	-3612.141	168.8681	1.290415	0.521629	0.478371	3.162006
32544	-3437.897	-3607.856	169.9597	1.332066	0.521629	0.478371	2.472325
32550	-3446.681	-3615.206	168.5247	1.267195	0.619627	0.380373	3.378399
32556	-3440.542	-3609.161	168.618	1.173858	0.66974	0.33026	3.378399
32562	-3443.55	-3613.156	169.6068	1.388894	0.594445	0.405555	2.656271
32568	-3444.741	-3614.664	169.9227	1.41028	0.693706	0.306294	2.446464
32574	-3449.232	-3619.729	170.497	1.578151	0.574926	0.425074	1.966097
32580	-3444.394	-3614.599	170.2055	1.536592	0.651571	0.348429	2.185541
32586	-3442.371	-3612.662	170.2901	1.451939	0.637053	0.362947	2.185541
32592	-3443.443	-3613.462	170.0192	1.378613	0.653048	0.346952	2.405662
32598	-3437.702	-3608.073	170.3714	1.403763	0.691182	0.308818	2.164067
32604	-3428.221	-3597.93	169.7095	1.432294	0.623478	0.376522	2.565902
32610	-3433.424	-3602.977	169.553	1.356122	0.623478	0.376522	2.709454
32616	-3437.062	-3606.664	169.6026	1.37754	0.630205	0.369795	2.665851
32622	-3428.07	-3597.687	169.6171	1.363036	0.526777	0.473223	2.665851
32628	-3435.696	-3604.482	168.7865	1.383864	0.631604	0.368396	3.154928
32634	-3433.733	-3603.855	170.1217	1.497152	0.542573	0.457427	2.264998
32640	-3438.601	-3609.198	170.5964	1.581884	0.60004	0.39996	1.896501
32646	-3438.142	-3608.588	170.4454	1.582744	0.60004	0.39996	1.997514
32652	-3434.804	-3604.787	169.9832	1.378069	0.60004	0.39996	2.428698
32658	-3435.429	-3605.11	169.681	1.379153	0.664545	0.335455	2.616449
32664	-3428.114	-3597.158	169.0432	1.279583	0.586406	0.413594	3.064142
32670	-3425.713	-3594.734	169.021	1.301752	0.761265	0.238735	3.064142
32676	-3429.988	-3598.464	168.4761	1.196645	0.625606	0.374394	3.448215
32682	-3434.397	-3603.699	169.3011	1.296781	0.62679	0.37321	2.898841
32688	-3440.008	-3609.006	168.9987	1.232644	0.672913	0.327087	3.118686
32694	-3441.787	-3610.764	168.9777	1.253629	0.68636	0.31364	3.118686
32700	-3431.495	-3599.817	168.3225	1.286564	0.617299	0.382701	3.485425
32706	-3434.727	-3603.274	168.5472	1.196854	0.623198	0.376802	3.406428
32712	-3432.02	-3600.558	168.538	1.104447	0.665787	0.334213	3.465922
32718	-3430.885	-3599.133	168.2477	1.160227	0.678739	0.321261	3.602477
32724	-3444.956	-3614.028	169.0718	1.333732	0.672259	0.327741	3.014623
32730	-3432.547	-3601.036	168.4891	1.138219	0.628091	0.371909	3.474715
32736	-3428.464	-3597.599	169.1355	1.227713	0.628091	0.371909	3.039933
32742	-3437.177	-3606.368	169.1915	1.207896	0.707968	0.292032	3.018269
32748	-3436.423	-3606.16	169.7373	1.406842	0.592805	0.407195	2.56444
32754	-3439.981	-3610.127	170.1459	1.537962	0.605742	0.394258	2.223189
32760	-3441.792	-3611.642	169.85	1.438073	0.591192	0.408808	2.474628
32766	-3447.411	-3616.36	168.9492	1.377759	0.59291	0.40709	3.061649
32772	-3444.485	-3613.247	168.7622	1.237375	0.673016	0.326984	3.256112
32778	-3443.244	-3612.236	168.9918	1.265724	0.744	0.256	3.103075
32784	-3447.831	-3616.895	169.0634	1.194103	0.555003	0.444997	3.103075
32790	-3448.529	-3617.539	169.0101	1.317517	0.617265	0.382735	3.061248
32796	-3438.834	-3607.596	168.7617	1.17693	0.544979	0.455021	3.292084
32802	-3443.829	-3613.855	170.026	1.328113	0.53188	0.46812	2.433202
32808	-3443.362	-3613.322	169.9597	1.394369	0.696	0.304	2.433202
32814	-3446.932	-3617.705	170.773	1.547607	0.625102	0.374898	1.798907
32820	-3438.868	-3609.883	171.015	1.670157	0.574452	0.425548	1.538476
32826	-3447.765	-3618.933	171.1675	1.845615	0.599175	0.400825	1.284111
32832	-3437.531	-3608.711	171.1799	1.833209	0.624825	0.375175	1.284111
32838	-3427.543	-3598.693	171.1503	1.861004	0.624825	0.375175	1.285583
32844	-3453.712	-3624.832	171.1193	1.802834	0.520134	0.479866	1.357372
32850	-3442.145	-3613.44	171.2951	1.792519	0.535616	0.464384	1.22212
32856	-3441.729	-3613.039	171.3102	1.855886	0.537424	0.462576	1.154397
32862	-3444.739	-3615.975	171.236	1.757801	0.583927	0.416073	1.299844
32868	-3443.492	-3614.707	171.2157	1.778099	0.74225	0.25775	1.299844
32874	-3441.138	-3610.483	169.3443	1.292071	0.680961	0.319039	2.875582
32880	-3443.375	-3611.342	167.9666	1.128326	0.61495	0.38505	3.783477
32886	-3442.826	-3612.118	169.2917	1.333998	0.620979	0.379021	2.882047
32892	-3444.304	-3615.352	171.0481	1.645906	0.599917	0.400083	1.53188
32898	-3443.714	-3614.125	170.4112	1.548417	0.599917	0.400083	2.043066
32904	-3445.506	-3616.03	170.524	1.487407	0.536332	0.463668	2.008655
32910	-3428.587	-3598.805	170.2182	1.418211	0.699142	0.300858	2.253701
32916	-3430.108	-3599.527	169.4191	1.431249	0.521126	0.478874	2.745454
32922	-3432.115	-3602.677	170.5622	1.622917	0.641857	0.358143	1.891877
32928	-3431.006	-3601.561	170.5552	1.554651	0.576813	0.423187	1.942765
32934	-3437.872	-3608.847	170.9748	1.592104	0.694327	0.305673	1.624885
32940	-3435.943	-3606.077	170.1338	1.489062	0.670783	0.329217	2.262444
32946	-3430.069	-3600.251	170.1818	1.355707	0.63982	0.36018	2.317016
32952	-3420.951	-3590.407	169.4566	1.281972	0.59749	0.40251	2.813609
32958	-3437.096	-3606.031	168.9354	1.258281	0.511271	0.488729	3.141088
32964	-3425.514	-3594.501	168.9867	1.312031	0.676956	0.323044	3.078494
32970	-3430.241	-3600.185	169.9439	1.395287	0.70383	0.29617	2.442543
32976	-3427.809	-3597.996	170.1868	1.45896	0.654641	0.345359	2.247717
32982	-3449.931	-3621.195	171.2639	1.816562	0.730796	0.269204	1.228204
32988	-3428.875	-3599.811	170.9359	1.632054	0.69727	0.30273	1.624136
32994	-3431.765	-3602.619	170.8537	1.71463	0.660318	0.339682	1.623864
33000	-3430.916	-3601.842	170.9259	1.642418	0.660318	0.339682	1.623864
33006	-3441.732	-3612.456	170.7241	1.63885	0.703657	0.296343	1.769512
33012	-3436.836	-3607.655	170.8192	1.734787	0.567392	0.432608	1.634246
33018	-3434.706	-3605.586	170.8805	1.564455	0.610903	0.389097	1.712022
33024	-3431.751	-3602.483	170.7319	1.689408	0.625034	0.374966	1.728687
33030	-3438.575	-3609.036	170.4615	1.620606	0.625034	0.374966	1.961393
33036	-3442.416	-3613.028	170.6114	1.64438	0.553718	0.446282	1.843583
33042	-3437.959	-3608.903	170.9441	1.742126	0.542911	0.457089	1.537644
33048	-3436.491	-3607.406	170.9148	1.710322	0.704758	0.295242	1.582613
33054	-3439.108	-3610.108	170.9993	1.688676	0.564115	0.435885	1.536367
33060	-3438.996	-3609.877	170.8802	1.738772	0.564115	0.435885	1.587148
33066	-3439.577	-3610.476	170.8986	1.622263	0.666736	0.333264	1.658002
33072	-3443.119	-3613.183	170.0644	1.497482	0.576699	0.423301	2.301497
33078	-3441.618	-3611.766	170.148	1.469889	0.580606	0.419394	2.265604
33084	-3438.18	-3607.663	169.4822	1.406183	0.584383	0.415617	2.722178
33090	-3439.873	-3609.09	169.2168	1.261249	0.677538	0.322462	2.97107
33096	-3433.334	-3602.018	168.6839	1.35357	0.625085	0.374915	3.2337
33102	-3430.342	-3598.901	168.5593	1.284445	0.681978	0.318022	3.34792
33108	-3444.947	-3613.535	168.5878	1.255969	0.690832	0.309168	3.34792
33114	-3452.833	-3621.428	168.5955	1.392538	0.725281	0.274719	3.262948
33120	-3454.605	-3624.666	170.0613	1.498719	0.768933	0.231067	2.302672
33126	-3447.389	-3617.14	169.7511	1.396205	0.768933	0.231067	2.562489
33132	-3462.061	-3632.757	170.6956	1.599031	0.563206	0.436794	1.816914
33138	-3441.196	-3611.979	170.7828	1.652274	0.61214	0.38786	1.718971
33144	-3450.657	-3621.211	170.5544	1.557822	0.514956	0.485044	1.941208
33150	-3449.756	-3620.201	170.4448	1.528795	0.616443	0.383557	2.033798
33156	-3450.687	-3621.351	170.6643	1.628011	0.650065	0.349935	1.818487
33162	-3441.817	-3612.747	170.9293	1.623396	0.559994	0.440006	1.635134
33168	-3443.866	-3614.812	170.946	1.682762	0.483428	0.516572	1.579966
33174	-3431.657	-3602.648	170.9906	1.660836	0.63151	0.36849	1.563304
33180	-3441.21	-3612.127	170.9174	1.578164	0.679395	0.320605	1.676094
33186	-3453.538	-3624.493	170.9555	1.821788	0.647603	0.352397	1.469422
33192	-3455.012	-3626.112	171.0999	1.793926	0.693752	0.306248	1.379655
33198	-3435.798	-3607.021	171.2231	1.788028	0.622202	0.377798	1.285769
33204	-3435.651	-3606.908	171.2567	1.754355	0.561101	0.438899	1.285769
33210	-3439.824	-3610.734	170.9099	1.746077	0.533675	0.466325	1.559968
33216	-3441.556	-3612.653	171.0976	1.558447	0.601169	0.398831	1.559968
33222	-3433.098	-3603.828	170.7303	1.629866	0.59582	0.40418	1.771437
33228	-3437.159	-3607.867	170.7079	1.65228	0.5216	0.4784	1.771437
33234	-3436.014	-3606.801	170.7868	1.574857	0.636284	0.363716	1.770444
33240	-3436.361	-3607.148	170.7868	1.574857	0.527382	0.472618	1.770444
33246	-3441.105	-3611.967	170.8626	1.49905	0.60523	0.39477	1.770444
33252	-3447.462	-3618.595	171.1336	1.611133	0.579252	0.420748	1.493988
33258	-3446.304	-3617.577	171.2733	1.692658	0.547661	0.452339	1.322354
33264	-3431.402	-3602.7	171.2971	1.749072	0.547661	0.452339	1.256827
33270	-3430.032	-3601.438	171.4059	1.802772	0.63936	0.36064	1.116291
33276	-3435.102	-3606.462	171.3595	1.8492	0.515381	0.484619	1.116291
33282	-3437.104	-3608.37	171.2656	1.769791	0.499176	0.500824	1.265809
33288	-3443.343	-3614.357	171.0146	1.593932	0.545514	0.454486	1.594752
33294	-3437.116	-3607.88	170.764	1.61147	0.502705	0.497295	1.760768
33300	-3430.221	-3600.598	170.3776	1.611085	0.710321	0.289679	2.023768
33306	-3436.188	-3606.611	170.4228	1.565918	0.614848	0.385152	2.023768
33312	-3445.848	-3616.13	170.2818	1.574627	0.5932	0.4068	2.110998
33318	-3433.789	-3603.687	169.898	1.384154	0.610936	0.389064	2.478371
33324	-3437.533	-3607.215	169.6818	1.320331	0.723584	0.276416	2.652317
33330	-3433.841	-3602.686	168.8444	1.274789	0.672052	0.327948	3.185299
33336	-3434.122	-3603.347	169.2242	1.327555	0.619262	0.380738	2.926702
33342	-3435.173	-3604.811	169.6383	1.415687	0.602845	0.397155	2.620268
33348	-3445.592	-3615.227	169.6348	1.38591	0.556867	0.443133	2.640836
33354	-3435.794	-3606.12	170.3258	1.485249	0.702954	0.297046	2.140668
33360	-3443.005	-3611.509	168.5036	1.262431	0.551594	0.448406	3.393553
33366	-3451.805	-3620.511	168.7061	1.176048	0.554282	0.445718	3.325373
33372	-3447.081	-3615.035	167.9533	1.136532	0.621095	0.378905	3.786442
33378	-3445.392	-3614.232	168.8396	1.25421	0.642714	0.357286	3.200391
33384	-3447.614	-3616.873	169.2583	1.267503	0.63154	0.36846	2.942341
33390	-3457.663	-3625.043	167.3801	1.098551	0.551862	0.448138	4.136199
33396	-3447.005	-3614.325	167.3194	1.024972	0.548672	0.451328	4.21249
33402	-3447.095	-3614.875	167.7795	1.004854	0.580353	0.419647	3.961813
33408	-3446.046	-3613.051	167.0055	0.9569705	0.518716	0.481284	4.428406
33414	-3444.854	-3612.414	167.5604	1.046446	0.56111	0.43889	4.063181
33420	-3447.681	-3617.101	169.4205	1.339274	0.647463	0.352537	2.800662
33426	-3437.738	-3607.72	169.9823	1.353409	0.598057	0.401943	2.444777
33432	-3437.704	-3607.714	170.0095	1.326147	0.598057	0.401943	2.444777
33438	-3437.646	-3607.339	169.693	1.436629	0.636106	0.363894	2.573454
33444	-3437.092	-3607.501	170.4091	1.436629	0.667835	0.332165	2.11804
33450	-3432.441	-3603.081	170.6399	1.512061	0.659767	0.340233	1.914361
33456	-3436.447	-3606.878	170.4313	1.371261	0.659767	0.340233	2.146239
33462	-3442.128	-3612.207	170.079	1.355909	0.681476	0.318524	2.382183
33468	-3437.043	-3606.794	169.7507	1.382694	0.614659	0.385341	2.571118
33474	-3455.21	-3625.343	170.1328	1.511729	0.708784	0.291216	2.248488
33480	-3440.218	-3610.798	170.5799	1.511729	0.582911	0.417089	1.954999
33486	-3449.703	-3620.343	170.6395	1.452178	0.708029	0.291971	1.954999
33492	-3461.477	-3630.059	168.582	1.452258	0.630188	0.369812	3.235635
33498	-3452.14	-3620.564	168.4238	1.28543	0.674086	0.325914	3.426871
33504	-3445.616	-3615.35	169.734	1.432971	0.712241	0.287759	2.550241
33510	-3451.77	-3621.76	169.989	1.37552	0.522096	0.477904	2.426609
33516	-3443.751	-3613.437	169.6861	1.384493	0.550745	0.449255	2.610009
33522	-3432.868	-3602.53	169.6612	1.409463	0.558114	0.441886	2.610009
33528	-3428.461	-3598.525	170.064	1.345878	0.605286	0.394714	2.398035
33534	-3427.327	-3596.981	169.6538	1.299012	0.704582	0.295418	2.682653
33540	-3430.9	-3600.289	169.3892	1.310668	0.659638	0.340362	2.837086
33546	-3439.058	-3608.863	169.8053	1.359475	0.659638	0.340362	2.551634
33552	-3437.749	-3605.785	168.0364	1.235971	0.707579	0.292421	3.681045
33558	-3449.839	-3618.51	168.6715	1.336568	0.608509	0.391491	3.251093
33564	-3437.871	-3606.06	168.1892	1.247502	0.608509	0.391491	3.585798
33570	-3436.583	-3604.521	167.9381	1.158523	0.733762	0.266238	3.782502
33576	-3431.166	-3598.693	167.5269	1.031967	0.687173	0.312827	4.090533
33582	-3428.804	-3595.035	166.2314	1.024102	0.687173	0.312827	4.824796
33588	-3431.689	-3599.258	167.5686	1.202843	0.594829	0.405171	3.969213
33594	-3424.805	-3593.132	168.3269	1.242561	0.595481	0.404519	3.508509
33600	-3436.2	-3604.628	168.4277	1.199653	0.555448	0.444552	3.474693
33606	-3435.368	-3603.79	168.422	1.15467	0.594163	0.405837	3.504303
33612	-3439.78	-3608.277	168.4971	1.265315	0.513351	0.486649	3.395675
33618	-3451.088	-3620.426	169.338	1.290224	0.407005	0.592995	2.880521
33624	-3444.076	-3613.759	169.6834	1.39696	0.451657	0.548343	2.603969
33630	-3447.892	-3616.811	168.919	1.165773	0.653593	0.346407	3.205742
33636	-3440.986	-3608.947	167.9611	1.225351	0.629967	0.370033	3.730708
33642	-3436.804	-3604.02	167.2158	1.033076	0.673312	0.326688	4.266618
33648	-3439.612	-3607.158	167.5464	1.206886	0.57905	0.42095	3.979614
33654	-3431.865	-3599.938	168.0733	1.17856	0.670447	0.329553	3.692938
33660	-3433.137	-3601.076	167.9392	1.179416	0.623982	0.376018	3.769868
33666	-3429.691	-3598.531	168.84	1.176193	0.717401	0.282599	3.246293
33672	-3431.19	-3599.987	168.7977	1.218515	0.58136	0.41864	3.246293
33678	-3435.432	-3604.289	168.857	1.232886	0.577235	0.422765	3.202679
33684	-3438.892	-3607.313	168.4215	1.254132	0.644789	0.355211	3.446498
33690	-3441.262	-3610.307	169.0447	1.271278	0.598474	0.401526	3.068181
33696	-3435.143	-3604.511	169.3676	1.336864	0.601625	0.398375	2.834301
33702	-3436.407	-3605.427	169.0207	1.269653	0.601625	0.398375	3.083509
33708	-3446.841	-3615.273	168.4313	1.294336	0.549786	0.450214	3.417243
33714	-3465.797	-3633.401	167.604	1.281618	0.576443	0.423557	3.903834
33720	-3448.876	-3617.684	168.8072	1.250724	0.626609	0.373391	3.221614
33726	-3448.467	-3617.871	169.4035	1.302339	0.561085	0.438915	2.833484
33732	-3443.001	-3612.327	169.3263	1.358433	0.669391	0.330609	2.8463
33738	-3444.82	-3614.431	169.6111	1.314646	0.768586	0.231414	2.699229
33744	-3446.614	-3616.773	170.1589	1.573469	0.663051	0.336949	2.191802
33750	-3437.582	-3607.696	170.114	1.599145	0.634775	0.365225	2.204266
33756	-3451.392	-3621.166	169.7736	1.437128	0.773685	0.226315	2.523013
33762	-3440.445	-3610.467	170.0222	1.460377	0.675311	0.324689	2.351976
33768	-3442.855	-3612.436	169.5819	1.280281	0.634794	0.365206	2.738229
33774	-3441.828	-3610.981	169.1528	1.199813	0.624126	0.375874	3.04629
33780	-3440.519	-3608.346	167.8277	1.205672	0.638532	0.361468	3.81894
33786	-3441.949	-3611.102	169.1532	1.232263	0.599978	0.400022	3.026652
33792	-3443.501	-3612.602	169.1011	1.301127	0.43923	0.56077	3.016575
33798	-3441.512	-3611.081	169.5693	1.34673	0.546671	0.453329	2.705238
33804	-3461.694	-3631.313	169.6193	1.296656	0.709	0.291	2.705238
33810	-3449.93	-3619.45	169.5199	1.39612	0.627879	0.372121	2.705238
33816	-3448.337	-3618.013	169.676	1.470815	0.601087	0.398913	2.562803
33822	-3441.499	-3611.031	169.5322	1.334486	0.652349	0.347651	2.735428
33828	-3446.483	-3615.99	169.5069	1.445812	0.674059	0.325941	2.682674
33834	-3434.21	-3604.179	169.9683	1.473878	0.698157	0.301843	2.377567
33840	-3439.616	-3608.761	169.1455	1.385364	0.688711	0.311289	2.939314
33846	-3434.269	-3603.257	168.9877	1.405265	0.537226	0.462774	3.022137
33852	-3431.669	-3601.337	169.6678	1.473447	0.532066	0.467934	2.566235
33858	-3426.97	-3595.962	168.9925	1.390865	0.541709	0.458291	3.027921
33864	-3429.633	-3598.351	168.7176	1.297463	0.725721	0.274279	3.246961
33870	-3432.448	-3602.135	169.6868	1.310593	0.532027	0.467973	2.655234
33876	-3437.521	-3607.448	169.9273	1.461535	0.566429	0.433571	2.411339
33882	-3439.995	-3609.951	169.9554	1.433401	0.594616	0.405384	2.411339
33888	-3451.336	-3620.68	169.3435	1.373057	0.597745	0.402255	2.82698
33894	-3441.998	-3611.535	169.5364	1.446528	0.597745	0.402255	2.664122
33900	-3434.069	-3602.949	168.8804	1.303872	0.65091	0.34909	3.146676
33906	-3437.848	-3606.798	168.949	1.235239	0.741871	0.258129	3.146676
33912	-3437.797	-3607.128	169.3314	1.26414	0.645074	0.354926	2.900256
33918	-3446.417	-3614.584	168.1667	1.077007	0.729387	0.270613	3.697642
33924	-3449.145	-3616.47	167.3245	0.9039315	0.698844	0.301156	4.278194
33930	-3444.854	-3613.318	168.4637	1.229929	0.618292	0.381708	3.435959
33936	-3439.705	-3607.587	167.8817	1.120435	0.661752	0.338248	3.836901
33942	-3429.076	-3598.439	169.3628	1.234787	0.559888	0.440112	2.899028
33948	-3429.434	-3597.622	168.1877	1.216456	0.666253	0.333747	3.604694
33954	-3433.786	-3602.532	168.7461	1.228785	0.521403	0.478597	3.270683
33960	-3420.917	-3589.845	168.9279	1.337411	0.626908	0.373092	3.098418
33966	-3429.576	-3600.202	170.626	1.643883	0.623456	0.376544	1.833934
33972	-3426.383	-3597.434	171.0508	1.711415	0.669513	0.330487	1.480803
33978	-3427.801	-3598.863	171.0613	1.72996	0.669513	0.330487	1.458815
33984	-3434.652	-3605.388	170.7359	1.615617	0.659363	0.340637	1.777485
33990	-3438.839	-3609.66	170.8211	1.594013	0.59767	0.40233	1.733018
33996	-3447.076	-3618.327	171.2517	1.719428	0.670888	0.329112	1.318189
34002	-3446.359	-3617.56	171.201	1.700782	0.646896	0.353104	1.373383
34008	-3440.305	-3611.269	170.9642	1.72552	0.563316	0.436684	1.535059
34014	-3437.176	-3608.153	170.9771	1.732849	0.56562	0.43438	1.520058
34020	-3430.641	-3601.549	170.9082	1.667321	0.599459	0.400541	1.618673
34026	-3430.306	-3601.211	170.9043	1.666797	0.713986	0.286014	1.621861
34032	-3437.835	-3608.685	170.8499	1.721236	0.696055	0.303945	1.621861
34038	-3430.28	-3601.428	171.148	1.793643	0.62749	0.37251	1.341804
34044	-3425.767	-3596.895	171.1281	1.813561	0.62749	0.37251	1.341804
34050	-3434.037	-3605.395	171.3586	1.860945	0.57824	0.42176	1.106471
34056	-3439.502	-3610.843	171.341	1.878476	0.639285	0.360715	1.106471
34062	-3436.616	-3607.773	171.1568	1.845949	0.636854	0.363146	1.292554
34068	-3444.761	-3615.898	171.1367	1.964822	0.619356	0.380644	1.210366
34074	-3445.502	-3616.782	171.2797	1.982956	0.634221	0.365779	1.066504
34080	-3435.716	-3607.081	171.3653	1.950976	0.711933	0.288067	1.014927
34086	-3431.283	-3602.719	171.4358	1.950976	0.626181	0.373819	0.9428243
34092	-3431.016	-3602.376	171.3603	2.004625	0.626181	0.373819	0.9657114
34098	-3430.024	-3601.348	171.3245	1.803269	0.638011	0.361989	1.187829
34104	-3426.284	-3597.627	171.3431	1.966368	0.547354	0.452646	1.021602
34110	-3422.888	-3594.24	171.3519	1.856059	0.581441	0.418559	1.116969
34116	-3446.278	-3617.522	171.2444	1.89189	0.620036	0.379964	1.180424
34122	-3440.872	-3612.13	171.2579	1.890408	0.606009	0.393991	1.169991
34128	-3436.155	-3607.508	171.353	1.795264	0.630553	0.369447	1.169991
34134	-3428.784	-3599.985	171.2006	1.717342	0.630553	0.369447	1.360633
34140	-3429.956	-3600.984	171.0275	1.701027	0.377384	0.622616	1.506165
34146	-3440.016	-3611.035	171.0183	1.721137	0.478588	0.521412	1.498002
34152	-3433.548	-3604.566	171.0183	1.721137	0.563953	0.436047	1.498002
34158	-3443.492	-3614.487	170.9949	1.744526	0.563953	0.436047	1.498002
34164	-3444.39	-3615.548	171.1578	1.892685	0.605912	0.394088	1.253286
34170	-3434.37	-3605.552	171.1821	1.882276	0.539448	0.460552	1.241699
34176	-3438.076	-3609.375	171.2988	1.896494	0.711896	0.288104	1.128382
34182	-3442.821	-3613.996	171.1754	1.766464	0.579281	0.420719	1.341647
34188	-3439.279	-3610.576	171.2969	1.743302	0.528403	0.471597	1.261799
34194	-3437.49	-3608.781	171.2909	1.749347	0.549415	0.450585	1.261799
34200	-3438.329	-3609.427	171.0987	1.677775	0.575501	0.424499	1.470069
34206	-3436.074	-3607.171	171.0976	1.635866	0.575501	0.424499	1.502438
34212	-3444.726	-3615.634	170.9073	1.646614	0.67201	0.32799	1.634263
34218	-3440.284	-3611.518	171.2343	1.556604	0.593322	0.406678	1.459092
34224	-3445.829	-3615.091	169.2625	1.297524	0.588663	0.411337	2.92171
34230	-3450.314	-3619.178	168.8637	1.318972	0.706705	0.293295	3.14763
34236	-3447.407	-3616.57	169.1628	1.35265	0.671537	0.328463	2.948604
34242	-3443.596	-3613.155	169.5599	1.275709	0.579653	0.420347	2.75447
34248	-3439.508	-3609.9	170.3919	1.550908	0.557793	0.442207	2.054167
34254	-3435.976	-3606.216	170.2399	1.415592	0.669986	0.330014	2.241437
34260	-3449.012	-3619.228	170.216	1.439507	0.669986	0.330014	2.241437
34266	-3437.634	-3607.693	170.0591	1.438508	0.669986	0.330014	2.342463
34272	-3446.018	-3615.333	169.315	1.240712	0.570789	0.429211	2.924317
34278	-3436.349	-3605.875	169.5259	1.349646	0.63482	0.36518	2.730007
34284	-3459.754	-3629.441	169.6873	1.188262	0.63482	0.36518	2.730007
34290	-3453.234	-3622.239	169.0049	1.329001	0.553758	0.446242	3.057477
34296	-3449.755	-3619.284	169.5287	1.376019	0.553758	0.446242	2.712162
34302	-3439.326	-3609.117	169.7903	1.374117	0.586875	0.413125	2.551819
34308	-3433.845	-3603.606	169.7611	1.403322	0.66483	0.33517	2.551819
34314	-3443.877	-3613.612	169.7359	1.497269	0.699247	0.300753	2.508982
34320	-3446.661	-3616.593	169.9318	1.448081	0.490403	0.509597	2.41693
34326	-3442.009	-3612.045	170.0361	1.451079	0.644411	0.355589	2.349077
34332	-3453.184	-3622.744	169.5602	1.386665	0.627647	0.372353	2.686312
34338	-3445.96	-3615.342	169.3823	1.376261	0.716575	0.283425	2.801433
34344	-3444.544	-3614.502	169.9579	1.376462	0.665016	0.334984	2.445627
34350	-3449.508	-3620.79	171.2821	1.783607	0.49437	0.50563	1.240542
34356	-3448.763	-3620.072	171.3091	1.794652	0.507537	0.492463	1.208437
34362	-3456.274	-3627.485	171.2112	1.771658	0.497565	0.502435	1.308787
34368	-3449.366	-3620.525	171.1596	1.716202	0.512627	0.487373	1.393755
34374	-3443.682	-3614.615	170.9332	1.669753	0.619132	0.380868	1.598792
34380	-3438.203	-3609.182	170.9787	1.669753	0.585778	0.414222	1.565557
34386	-3446.858	-3617.915	171.0564	1.684731	0.574419	0.425581	1.49672
34392	-3440.565	-3611.526	170.9611	1.651415	0.574419	0.425581	1.591852
34398	-3452.637	-3623.539	170.9016	1.710905	0.65365	0.34635	1.591852
34404	-3445.059	-3611.975	166.9158	1.045682	0.525256	0.474744	4.428984
34410	-3448.834	-3616.029	167.1946	1.064144	0.587892	0.412108	4.261023
34416	-3449.701	-3616.113	166.4119	1.103794	0.507756	0.492244	4.679384
34422	-3445.314	-3611.945	166.631	1.072378	0.555056	0.444944	4.574143
34428	-3455.773	-3622.901	167.1275	1.182749	0.560056	0.439944	4.231816
34434	-3462.211	-3630.976	168.7651	1.144476	0.466502	0.533498	3.30921
34440	-3453.628	-3625.02	171.3921	1.923404	0.548848	0.451152	1.015672
34446	-3431.578	-3603.058	171.4801	1.889686	0.545949	0.454051	0.9606967
34452	-3433.385	-3604.77	171.3849	1.98489	0.580544	0.419456	0.9606967
34458	-3448.27	-3619.694	171.4244	1.953921	0.631504	0.368496	0.951746
34464	-3441.689	-3613.122	171.4329	1.96465	0.556687	0.443313	0.9312742
34470	-3436.651	-3608.116	171.4643	1.992712	0.662792	0.337208	0.8641119
34476	-3440.479	-3611.964	171.4851	1.950232	0.482875	0.517125	0.8892979
34482	-3440.967	-3612.387	171.4194	2.033259	0.614444	0.385556	0.8692007
34488	-3436.695	-3608.221	171.5261	2.042882	0.47346	0.52654	0.7097613
34494	-3439.086	-3610.523	171.4371	2.114822	0.593487	0.406513	0.7372862
34500	-3445.288	-3616.795	171.5066	1.951712	0.437006	0.562994	0.8625278
34506	-3438.35	-3609.723	171.3728	2.085528	0.482832	0.517168	0.8625278
34512	-3430.729	-3602.071	171.3414	2.081594	0.550993	0.449007	0.9033383
34518	-3434.941	-3606.196	171.2548	1.991886	0.550993	0.449007	1.081451
34524	-3435.435	-3606.899	171.4645	1.95832	0.550993	0.449007	0.9034883
34530	-3435.792	-3607.165	171.3739	1.794172	0.556582	0.443418	1.152616
34536	-3434.743	-3605.742	170.9995	1.795715	0.610747	0.389253	1.455843
34542	-3434.29	-3605.41	171.1207	1.579477	0.643254	0.356746	1.527328
34548	-3432.207	-3603.244	171.0369	1.66324	0.557782	0.442218	1.527328
34554	-3440.336	-3611.696	171.3603	1.704396	0.581775	0.418225	1.24143
34560	-3436.257	-3607.586	171.3295	1.764005	0.637618	0.362382	1.217103
34566	-3435.2	-3606.257	171.0566	1.768208	0.57758	0.42242	1.433222
34572	-3439.57	-3610.776	171.206	1.701143	0.501839	0.498161	1.369209
34578	-3432.226	-3603.363	171.1372	1.781224	0.503636	0.496364	1.360241
34584	-3442.69	-3613.949	171.259	1.857183	0.62494	0.37506	1.197757
34590	-3451.336	-3622.581	171.2452	1.999763	0.628521	0.371479	1.083083
34596	-3462.766	-3634.139	171.3728	1.918739	0.48517	0.51483	1.038998
34602	-3449.709	-3621.177	171.4672	1.839994	0.587823	0.412177	1.023795
34608	-3444.545	-3615.944	171.3998	1.890071	0.587823	0.412177	1.040596
34614	-3453.846	-3625.182	171.336	1.851468	0.587823	0.412177	1.135412
34620	-3463.462	-3634.687	171.2246	1.851468	0.525456	0.474544	1.231895
34626	-3455.3	-3626.333	171.0336	1.838437	0.525456	0.474544	1.396705
34632	-3452.04	-3623.366	171.3264	1.83486	0.58054	0.41946	1.158596
34638	-3440.218	-3611.316	171.0979	1.737889	0.472371	0.527629	1.424724
34644	-3446.776	-3617.682	170.9064	1.725133	0.564409	0.435591	1.57795
34650	-3448.19	-3619.06	170.8697	1.681803	0.494983	0.505017	1.635998
34656	-3443.489	-3614.11	170.6204	1.6604	0.494983	0.505017	1.826429
34662	-3433.679	-3603.828	170.149	1.552467	0.520647	0.479353	2.211831
34668	-3433.226	-3603.369	170.1431	1.362004	0.597392	0.402608	2.33766
34674	-3443.777	-3613.818	170.041	1.481538	0.477224	0.522776	2.326558
34680	-3436.07	-3606.069	169.9989	1.426715	0.554597	0.445403	2.388099
34686	-3438.829	-3609.103	170.274	1.450696	0.462768	0.537232	2.196822
34692	-3446.91	-3617.269	170.3587	1.470194	0.499221	0.500779	2.129023
34698	-3446.642	-3615.821	169.1789	1.499205	0.497146	0.502854	2.850312
34704	-3440.328	-3610.874	170.546	1.665881	0.52102	0.47898	1.87361
34710	-3434.433	-3605.657	171.2237	1.801813	0.551245	0.448755	1.273918
34716	-3430.412	-3601.454	171.0421	1.792406	0.571308	0.428692	1.425727
34722	-3438.417	-3609.53	171.1126	1.694728	0.509888	0.490112	1.446548
34728	-3436.208	-3607.336	171.1277	1.617915	0.54431	0.45569	1.493372
34734	-3436.143	-3607.143	171.0004	1.675479	0.562448	0.437552	1.54532
34740	-3434.69	-3605.897	171.2073	1.795642	0.562448	0.437552	1.292407
34746	-3442.233	-3613.427	171.1941	1.828543	0.610063	0.389937	1.276315
34752	-3436.941	-3608.114	171.1736	1.848985	0.506625	0.493375	1.276315
34758	-3439.528	-3610.655	171.127	1.644516	0.653335	0.346665	1.473842
34764	-3435.719	-3607.097	171.3781	1.81313	0.566561	0.433439	1.132001
34770	-3437.083	-3608.118	171.0343	1.780341	0.557027	0.442973	1.440974
34776	-3440.082	-3611.184	171.1027	1.73109	0.557027	0.442973	1.426306
34782	-3444.178	-3615.218	171.0395	1.812303	0.60583	0.39417	1.412364
34788	-3433.696	-3603.98	170.2845	1.508391	0.604983	0.395017	2.15254
34794	-3432.812	-3603.421	170.6094	1.488403	0.539722	0.460278	1.95085
34800	-3438.979	-3609.166	170.1875	1.429833	0.553788	0.446212	2.265969
34806	-3444.911	-3614.929	170.0185	1.422641	0.508433	0.491567	2.378252
34812	-3432.047	-3602.334	170.2869	1.418847	0.483611	0.516389	2.209069
34818	-3422.313	-3592.457	170.1441	1.378623	0.67035	0.32965	2.32647
34824	-3428.85	-3598.876	170.0267	1.478936	0.498072	0.501928	2.337347
34830	-3436.089	-3606.037	169.9474	1.405192	0.627824	0.372176	2.434115
34836	-3436.391	-3605.955	169.5635	1.261202	0.686391	0.313609	2.76112
34842	-3449.065	-3618.467	169.4019	1.317379	0.466139	0.533861	2.82534
34848	-3433.688	-3603.189	169.5005	1.386772	0.56187	0.43813	2.722863
34854	-3437.48	-3606.829	169.3488	1.287007	0.604296	0.395704	2.875923
34860	-3447.377	-3615.619	168.2424	1.143637	0.539303	0.460697	3.615216
34866	-3437.265	-3605.814	168.549	1.271742	0.583286	0.416714	3.361462
34872	-3437.745	-3605.965	168.2195	1.155049	0.631994	0.368006	3.621859
34878	-3438.738	-3606.546	167.8084	1.23518	0.482736	0.517264	3.813095
34884	-3436.895	-3604.757	167.8619	1.181612	0.464098	0.535902	3.813095
34890	-3430.712	-3599.416	168.704	1.139251	0.617492	0.382508	3.348217
34896	-3438.084	-3605.69	167.6061	0.9923809	0.626219	0.373781	4.067975
34902	-3445.4	-3612.715	167.315	1.049198	0.529857	0.470143	4.201239
34908	-3446.815	-3614.645	167.8301	1.139094	0.529857	0.470143	3.855838
34914	-3443.961	-3611.286	167.3254	1.095949	0.548692	0.451308	4.16878
34920	-3438.478	-3607.184	168.7061	1.26503	0.49043	0.50957	3.272925
34926	-3434.036	-3603.002	168.9657	1.341912	0.643814	0.356186	3.073187
34932	-3433.891	-3603.507	169.6162	1.316568	0.518444	0.481556	2.694928
34938	-3438.215	-3607.481	169.2655	1.291696	0.625192	0.374808	2.92343
34944	-3434.124	-3603.878	169.7547	1.33676	0.625192	0.374808	2.597116
34950	-3434.606	-3603.904	169.2981	1.228732	0.458827	0.541173	2.941753
34956	-3446.915	-3614.702	167.7869	1.002983	0.468209	0.531791	3.958624
34962	-3436.007	-3602.98	166.9735	1.094947	0.511216	0.488784	4.368642
34968	-3439.225	-3606.669	167.4445	1.09733	0.663753	0.336247	4.100235
34974	-3444.22	-3611.431	167.2114	1.06038	0.700694	0.299306	4.253611
34980	-3446.284	-3613.817	167.5328	1.15717	0.640144	0.359856	4.015748
34986	-3442.844	-3610.888	168.0437	1.110982	0.487625	0.512375	3.749057
34992	-3445.423	-3613.691	168.2678	1.162689	0.464377	0.535623	3.589412
34998	-3447.276	-3614.58	167.3038	1.099939	0.556912	0.443088	4.178781
35004	-3443.408	-3611.969	168.5615	1.204617	0.695542	0.304458	3.393525
35010	-3446.976	-3615.169	168.1921	1.209089	0.601694	0.398306	3.606385
35016	-3444.444	-3612.87	168.4257	1.181917	0.566933	0.433067	3.486259
35022	-3433.593	-3602.951	169.3582	1.284694	0.544495	0.455505	2.87163
35028	-3441.821	-3611.119	169.2975	1.273909	0.604292	0.395708	2.914836
35034	-3432.217	-3601.53	169.313	1.258459	0.546932	0.453068	2.914836
35040	-3432.112	-3601.036	168.924	1.374335	0.533236	0.466764	3.078716
35046	-3435.099	-3605.661	170.5621	1.498335	0.447602	0.552398	1.975966
35052	-3428.091	-3598.656	170.5651	1.600283	0.549156	0.450844	1.905267
35058	-3433.334	-3604.038	170.7041	1.569746	0.491019	0.508981	1.831215
35064	-3435.5	-3606.095	170.5953	1.499027	0.591234	0.408766	1.953201
35070	-3435.032	-3605.927	170.8945	1.517068	0.614626	0.385374	1.735514
35076	-3433.968	-3604.794	170.8262	1.477669	0.579063	0.420937	1.81052
35082	-3441.694	-3612.605	170.9106	1.582819	0.579063	0.420937	1.677633
35088	-3433.702	-3603.987	170.2853	1.499518	0.543414	0.456586	2.157745
35094	-3434.017	-3604.256	170.2392	1.545637	0.604196	0.395804	2.157745
35100	-3427.101	-3597.532	170.4309	1.543873	0.556749	0.443251	2.033006
35106	-3437.14	-3607.632	170.492	1.492948	0.583312	0.416688	2.026281
35112	-3436.809	-3607.241	170.4317	1.492948	0.420276	0.579724	2.066138
35118	-3452.64	-3623.524	170.8847	1.512245	0.445986	0.554014	1.74575
35124	-3457.994	-3628.034	170.0394	1.52098	0.50139	0.49861	2.302408
35130	-3454.317	-3625.046	170.7285	1.60714	0.508511	0.491489	1.788505
35136	-3454.568	-3625.168	170.6	1.667836	0.551743	0.448257	1.835305
35142	-3439.755	-3607.942	168.1866	1.119469	0.6031	0.3969	3.661523
35148	-3435.023	-3602.592	167.5687	1.077332	0.55281	0.44719	4.040832
35154	-3446.263	-3614.603	168.3407	1.153957	0.535583	0.464417	3.5521
35160	-3447.082	-3615.457	168.375	1.119618	0.535583	0.464417	3.5521
35166	-3449.175	-3616.742	167.5665	1.132097	0.530708	0.469292	4.01085
35172	-3448.682	-3616.82	168.1375	1.145456	0.610455	0.389545	3.674942
35178	-3459.863	-3627.921	168.0582	1.224729	0.593376	0.406624	3.674942
35184	-3446.306	-3614.284	167.9779	1.062155	0.532467	0.467533	3.815115
35190	-3439.717	-3607.768	168.0508	1.11513	0.590987	0.409013	3.74259
35196	-3435.222	-3603.497	168.2755	1.15523	0.688463	0.311537	3.589245
35202	-3421.214	-3590.784	169.5699	1.244132	0.589371	0.410629	2.767619
35208	-3433.317	-3602.299	168.982	1.209058	0.487434	0.512566	3.142625
35214	-3430.715	-3600.43	169.7146	1.342748	0.492964	0.507036	2.618245
35220	-3442.938	-3612.604	169.6658	1.3915	0.590691	0.409309	2.618245
35226	-3445.153	-3614.209	169.0557	1.402039	0.610099	0.389901	2.983265
35232	-3431.498	-3600.71	169.2121	1.351966	0.496294	0.503706	2.919275
35238	-3439.767	-3608.763	168.9961	1.368709	0.50979	0.49021	3.038996
35244	-3444.132	-3613.679	169.5477	1.364806	0.506012	0.493988	2.707393
35250	-3435.44	-3605.775	170.3351	1.430482	0.588863	0.411137	2.170297
35256	-3436.965	-3606.783	169.8182	1.441136	0.534659	0.465341	2.492643
35262	-3440.153	-3610.296	170.1437	1.537702	0.628773	0.371227	2.224777
35268	-3429.769	-3600.316	170.5472	1.556981	0.628773	0.371227	1.946563
35274	-3429.868	-3600.347	170.4789	1.556981	0.632285	0.367715	1.992339
35280	-3430.643	-3600.825	170.1816	1.452171	0.606966	0.393034	2.25545
35286	-3445.266	-3615.124	169.8583	1.34089	0.609846	0.390154	2.530177
35292	-3439.05	-3608.35	169.3	1.298752	0.510118	0.489882	2.898324
35298	-3443.38	-3611.899	168.5193	1.190682	0.572771	0.427229	3.426393
35304	-3436.549	-3605.489	168.9397	1.41186	0.556257	0.443743	3.046902
35310	-3441.191	-3611.527	170.3359	1.430223	0.556257	0.443743	2.169937
35316	-3447.162	-3617.069	169.9067	1.400992	0.526871	0.473129	2.462366
35322	-3443.918	-3614.039	170.1205	1.293931	0.571765	0.428235	2.395127
35328	-3449.502	-3618.092	168.5904	1.169775	0.444251	0.555749	3.396999
35334	-3446.8	-3615.468	168.6685	1.123438	0.546219	0.453781	3.378347
35340	-3440.619	-3608.953	168.3346	1.217922	0.707209	0.292791	3.518396
35346	-3432.009	-3600.93	168.9207	1.238039	0.533208	0.466792	3.161828
35352	-3433.251	-3601.536	168.2851	1.103955	0.622755	0.377245	3.613459
35358	-3429.273	-3597.543	168.2698	1.119197	0.646976	0.353024	3.613459
35364	-3435.696	-3605.454	169.758	1.252252	0.605386	0.394614	2.64727
35370	-3436.905	-3606.458	169.553	1.306306	0.586774	0.413226	2.739974
35376	-3439.596	-3609.258	169.6626	1.389107	0.597838	0.402162	2.621721
35382	-3437.788	-3607.765	169.9761	1.419029	0.643322	0.356678	2.407314
35388	-3437.612	-3607.528	169.9151	1.366243	0.664541	0.335459	2.478862
35394	-3439.234	-3608.965	169.7305	1.302666	0.600214	0.399786	2.633174
35400	-3445.489	-3615.891	170.4011	1.419222	0.647252	0.352748	2.134598
35406	-3449.069	-3617.985	168.9165	1.338212	0.682102	0.317898	3.10476
35412	-3451.344	-3619.94	168.5958	1.352418	0.618395	0.381605	3.28643
35418	-3459.032	-3628.082	169.0504	1.312269	0.618395	0.381605	3.04031
35424	-3447.537	-3615.371	167.8337	1.001799	0.693188	0.306812	3.932525
35430	-3443.201	-3610.848	167.6469	1.188592	0.57854	0.42146	3.932525
35436	-3441.372	-3609.133	167.7614	1.0741	0.601555	0.398445	3.932525
35442	-3440.173	-3606.824	166.6512	1.130712	0.601555	0.398445	4.530035
35448	-3432.497	-3600.317	167.8206	1.09202	0.604855	0.395145	3.888339
35454	-3431.563	-3598.958	167.3945	1.112802	0.655757	0.344243	4.119881
35460	-3426.488	-3594.414	167.9263	1.17943	0.588875	0.411125	3.777301
35466	-3426.816	-3594.497	167.6807	1.183705	0.588875	0.411125	3.915948
35472	-3440.958	-3608.662	167.7041	1.136309	0.622662	0.377338	3.929734
35478	-3441.722	-3609.707	167.9851	1.146835	0.491041	0.508959	3.762195
35484	-3433.593	-3601.501	167.9085	1.223422	0.493349	0.506651	3.762195
35490	-3446.035	-3613.542	167.5067	1.128162	0.594483	0.405517	4.047246
35496	-3438.344	-3606.423	168.0793	1.128162	0.596474	0.403526	3.718554
35502	-3440.788	-3609.125	168.3365	1.257884	0.652196	0.347804	3.493949
35508	-3441.788	-3611.22	169.4322	1.227943	0.578231	0.421769	2.861182
35514	-3454.918	-3624.682	169.7635	1.386071	0.7861	0.2139	2.561072
35520	-3443.706	-3613.446	169.7402	1.409412	0.59209	0.40791	2.561072
35526	-3432.75	-3602.152	169.4021	1.341896	0.50943	0.49057	2.810258
35532	-3432.408	-3601.619	169.211	1.311436	0.659708	0.340292	2.944358
35538	-3431.963	-3601.022	169.0592	1.354815	0.54956	0.45044	3.009497
35544	-3429.987	-3598.892	168.9056	1.299492	0.533378	0.466622	3.134314
35550	-3425.701	-3593.985	168.2835	1.229339	0.631932	0.368068	3.541488
35556	-3426.307	-3593.77	167.463	1.10743	0.659845	0.340155	4.083976
35562	-3435.028	-3602.545	167.5173	1.161936	0.676933	0.323067	4.021915
35568	-3434.196	-3602.175	167.9782	1.080227	0.600979	0.399021	3.804508
35574	-3435.769	-3603.397	167.6272	1.159594	0.654481	0.345519	3.960391
35580	-3433.418	-3600.554	167.1355	1.067693	0.67537	0.32463	4.292502
35586	-3436.326	-3603.789	167.463	1.06098	0.595714	0.404286	4.110434
35592	-3428.396	-3596.785	168.3887	1.107853	0.666508	0.333492	3.550976
35598	-3435.368	-3604.23	168.8623	1.088702	0.725814	0.274186	3.284818
35604	-3433.2	-3601.876	168.6763	1.274619	0.602624	0.397376	3.284818
35610	-3428.45	-3598.2	169.7502	1.3208	0.564831	0.435169	2.609769
35616	-3440.044	-3610.318	170.2735	1.549587	0.636613	0.363387	2.132794
35622	-3441.384	-3611.5	170.1163	1.517404	0.614515	0.385485	2.255437
35628	-3436.443	-3606.433	169.9903	1.374906	0.601152	0.398848	2.426218
35634	-3439.975	-3609.939	169.9637	1.361319	0.64615	0.35385	2.45148
35640	-3448.911	-3618.724	169.8126	1.33701	0.652421	0.347579	2.561045
35646	-3445.098	-3614.959	169.8609	1.384353	0.604877	0.395123	2.501473
35652	-3449.217	-3619.808	170.5911	1.457834	0.603225	0.396775	1.983671
35658	-3444.198	-3615.072	170.8732	1.602705	0.568396	0.431604	1.690086
35664	-3453.626	-3624.168	170.5417	1.377745	0.534399	0.465601	2.069582
35670	-3453.01	-3623.397	170.3877	1.377745	0.673944	0.326056	2.170339
35676	-3436.138	-3605.214	169.076	1.334526	0.53695	0.46305	3.011612
35682	-3446.668	-3617.704	171.0359	1.731783	0.752094	0.247906	1.476733
35688	-3435.038	-3606.081	171.0437	1.723952	0.584922	0.415078	1.476733
35694	-3450.464	-3621.283	170.819	1.579803	0.671499	0.328501	1.744432
35700	-3445.651	-3615.54	169.8886	1.449899	0.671499	0.328501	2.443002
35706	-3443.655	-3612.132	168.4774	1.277751	0.602633	0.397367	3.39995
35712	-3436.787	-3605.684	168.8967	1.306146	0.656409	0.343591	3.135661
35718	-3440.189	-3608.823	168.6337	1.363254	0.541303	0.458697	3.257663
35724	-3426.533	-3596.21	169.6762	1.370231	0.553889	0.446111	2.624953
35730	-3442.106	-3612.691	170.5859	1.559448	0.59975	0.40025	1.918809
35736	-3443.793	-3614.096	170.303	1.519157	0.577007	0.422993	2.133459
35742	-3451.695	-3622.124	170.4297	1.436375	0.577007	0.422993	2.104718
35748	-3447.135	-3617.802	170.6663	1.489705	0.669533	0.330467	1.911633
35754	-3440.716	-3610.519	169.8031	1.368109	0.641792	0.358208	2.547618
35760	-3439.418	-3609.16	169.7421	1.429055	0.641792	0.358208	2.547618
35766	-3440.115	-3609.835	169.7196	1.357197	0.641792	0.358208	2.606218
35772	-3428.552	-3598.349	169.7975	1.317006	0.643425	0.356575	2.582807
35778	-3438.888	-3609.382	170.4936	1.525001	0.795493	0.204507	2.003863
35784	-3436.189	-3606.953	170.7639	1.460523	0.656336	0.343664	1.8651
35790	-3439.548	-3610.474	170.9254	1.703847	0.651737	0.348263	1.579618
35796	-3446.414	-3617.319	170.9045	1.527846	0.639847	0.360153	1.720878
35802	-3437.314	-3608.299	170.9844	1.784812	0.606015	0.393985	1.475586
35808	-3442.562	-3613.497	170.9347	1.784812	0.647483	0.352517	1.512881
35814	-3430.23	-3601.233	171.0029	1.845217	0.693213	0.306787	1.415255
35820	-3432.301	-3603.524	171.2229	1.871506	0.645933	0.354067	1.216336
35826	-3447.421	-3618.622	171.2008	1.812992	0.701934	0.298066	1.283569
35832	-3444.759	-3615.988	171.2288	1.854586	0.532506	0.467494	1.225681
35838	-3440.454	-3611.766	171.3119	1.917374	0.589719	0.410281	1.09751
35844	-3437.688	-3608.937	171.2493	1.89114	0.632006	0.367994	1.176855
35850	-3443.685	-3614.85	171.1647	1.77371	0.703471	0.296529	1.344393
35856	-3445.488	-3616.249	170.7607	1.741512	0.554265	0.445735	1.671344
35862	-3445.374	-3616.739	171.365	1.841016	0.714593	0.285407	1.118762
35868	-3438.262	-3609.337	171.0754	1.683367	0.691771	0.308229	1.483475
35874	-3441.245	-3612.519	171.274	1.756665	0.691771	0.308229	1.269735
35880	-3444.595	-3615.606	171.0115	1.694225	0.721955	0.278045	1.523202
35886	-3436.476	-3607.406	170.93	1.711002	0.650596	0.349404	1.571025
35892	-3428.012	-3598.687	170.6744	1.568415	0.62249	0.37751	1.852481
35898	-3433.931	-3604.724	170.7925	1.581284	0.671434	0.328566	1.761987
35904	-3435.316	-3606.358	171.0416	1.630473	0.599045	0.400955	1.548137
35910	-3440.023	-3610.65	170.627	1.541263	0.691673	0.308327	1.903307
35916	-3440.582	-3611.112	170.5304	1.429224	0.62118	0.37882	2.043027
35922	-3444.909	-3614.512	169.6027	1.291359	0.608235	0.391765	2.718712
35928	-3451.805	-3620.249	168.4443	1.303265	0.661958	0.338042	3.404396
35934	-3443.893	-3612.902	169.0096	1.24248	0.548027	0.451973	3.106342
35940	-3436.061	-3605.051	168.9907	1.207472	0.597179	0.402821	3.138407
35946	-3431.31	-3600.069	168.7589	1.237554	0.480096	0.519904	3.257968
35952	-3444.729	-3613.506	168.7771	1.338295	0.65618	0.34382	3.187586
35958	-3447.27	-3616.673	169.4033	1.339761	0.553323	0.446677	2.81084
35964	-3449.22	-3618.692	169.4726	1.295085	0.482387	0.517613	2.795872
35970	-3448.597	-3617.977	169.3809	1.32219	0.507241	0.492759	2.835148
35976	-3446.426	-3616.54	170.1142	1.49389	0.449759	0.550241	2.27188
35982	-3443.379	-3613.041	169.6626	1.508895	0.537608	0.462392	2.547462
35988	-3440.191	-3610.326	170.1346	1.405761	0.537608	0.462392	2.315234
35994	-3436.924	-3606.374	169.4501	1.413912	0.548367	0.451633	2.737053
36000	-3437.525	-3607.726	170.2007	1.481534	0.56895	0.43105	2.224251
36006	-3435.444	-3605.012	169.5688	1.386394	0.514227	0.485773	2.68117
36012	-3434.723	-3605.088	170.3646	1.351657	0.556313	0.443687	2.202233
36018	-3448.011	-3617.973	169.9616	1.299778	0.556313	0.443687	2.491397
36024	-3441.84	-3610.74	168.8996	1.179915	0.511345	0.488655	3.208812
36030	-3467.174	-3635.679	168.5052	1.210681	0.665645	0.334355	3.422928
36036	-3468.741	-3638.115	169.3737	1.319059	0.575321	0.424679	2.841411
36042	-3454.754	-3623.467	168.7127	1.263678	0.529352	0.470648	3.269844
36048	-3454.201	-3623.299	169.0979	1.230387	0.70754	0.29246	3.06082
36054	-3449.978	-3618.386	168.4084	1.217909	0.70773	0.29227	3.475346
36060	-3439.851	-3607.124	167.2732	1.078016	0.486222	0.513778	4.208607
36066	-3443.136	-3609.678	166.5422	1.003625	0.567153	0.432847	4.662493
36072	-3449.745	-3616.352	166.6065	0.939344	0.698576	0.301424	4.662493
36078	-3449.002	-3617.636	168.6342	1.152239	0.52035	0.47965	3.381624
36084	-3448.334	-3616.279	167.9451	1.146753	0.634354	0.365646	3.785284
36090	-3448.564	-3617.355	168.7902	1.191457	0.534263	0.465737	3.266721
36096	-3442.866	-3611.38	168.5139	1.243722	0.61244	0.38756	3.398496
36102	-3436.643	-3605.735	169.0914	1.18851	0.385037	0.614963	3.0897
36108	-3428.177	-3597.112	168.9347	1.345218	0.560572	0.439428	3.0897
36114	-3432.75	-3602.333	169.5826	1.317757	0.560572	0.439428	2.714843
36120	-3444.795	-3614.849	170.0545	1.304422	0.568067	0.431933	2.430176
36126	-3436.511	-3605.995	169.4843	1.318604	0.577539	0.422461	2.77442
36132	-3439.369	-3609.327	169.9573	1.309854	0.613555	0.386445	2.487764
36138	-3440.384	-3609.974	169.59	1.425459	0.546896	0.453104	2.644069
36144	-3447.625	-3617.039	169.414	1.358365	0.498122	0.501878	2.793018
36150	-3438.657	-3608.399	169.7427	1.376763	0.638326	0.361674	2.57973
36156	-3430.107	-3598.583	168.4768	1.276066	0.662682	0.337318	3.401285
36162	-3427.953	-3596.5	168.547	1.205847	0.47112	0.52888	3.401285
36168	-3444.947	-3613.565	168.618	1.178644	0.532731	0.467269	3.37561
36174	-3434.815	-3603.492	168.6769	1.199371	0.442346	0.557654	3.328826
36180	-3433.868	-3602.826	168.9582	1.275891	0.570433	0.429567	3.117066
36186	-3421.415	-3588.864	167.4487	1.12708	0.563623	0.436377	4.080896
36192	-3430.913	-3598.619	167.7063	1.047965	0.563623	0.436377	3.979038
36198	-3437.224	-3605.919	168.6952	1.219037	0.442903	0.557097	3.306482
36204	-3449.99	-3617.298	167.3079	1.139983	0.523675	0.476325	4.153684
36210	-3442.987	-3610.569	167.5822	1.018885	0.62534	0.37466	4.066509
36216	-3448.365	-3617.599	169.2345	1.263248	0.591588	0.408412	2.959233
36222	-3457.253	-3626.736	169.4834	1.343638	0.715069	0.284931	2.759667
36228	-3441.888	-3610.474	168.5864	1.269824	0.579706	0.420294	3.340629
36234	-3436.103	-3604.895	168.7912	1.269824	0.516907	0.483093	3.219775
36240	-3442.062	-3610.538	168.4762	1.181233	0.515354	0.484646	3.457146
36246	-3440.976	-3609.668	168.6924	1.205825	0.648896	0.351104	3.315893
36252	-3430.272	-3599.29	169.0186	1.289123	0.525329	0.474671	3.073108
36258	-3427.363	-3596.454	169.0911	1.289123	0.49054	0.50946	3.02976
36264	-3433.226	-3603.84	170.614	1.410121	0.54756	0.45244	2.000192
36270	-3426.79	-3596.794	170.0044	1.410121	0.568116	0.431884	2.395061
36276	-3431.295	-3601.401	170.1059	1.410121	0.646305	0.353695	2.330738
36282	-3427.872	-3596.832	168.9609	1.375086	0.580912	0.419088	3.056265
36288	-3428.578	-3597.532	168.9536	1.257818	0.466407	0.533593	3.130519
36294	-3434.607	-3603.475	168.8685	1.282282	0.474477	0.525523	3.166565
36300	-3421.15	-3589.978	168.8282	1.175598	0.529244	0.470756	3.253646
36306	-3424.39	-3594.322	169.9316	1.301753	0.529244	0.470756	2.508859
36312	-3432.109	-3601.148	169.0381	1.235802	0.456316	0.543684	3.093311
36318	-3435.013	-3603.73	168.7172	1.322788	0.573393	0.426607	3.232263
36324	-3450.279	-3619.24	168.961	1.236236	0.498947	0.501053	3.138973
36330	-3450.492	-3619.718	169.2263	1.219618	0.558174	0.441826	2.990412
36336	-3447.286	-3617.321	170.0343	1.367555	0.554433	0.445567	2.403065
36342	-3432.516	-3603.005	170.4894	1.547702	0.504973	0.495027	1.991566
36348	-3427.448	-3598.458	171.0104	1.548155	0.573974	0.426026	1.630935
36354	-3428.733	-3599.93	171.1972	1.662121	0.571848	0.428152	1.406559
36360	-3434.77	-3605.879	171.1088	1.695124	0.46722	0.53278	1.44915
36366	-3442.347	-3613.127	170.7805	1.714104	0.505547	0.494453	1.676791
36372	-3436.506	-3607.149	170.6428	1.608719	0.635973	0.364027	1.84653
36378	-3434.429	-3605.092	170.6633	1.481692	0.553027	0.446973	1.919052
36384	-3435.636	-3606.635	170.9991	1.635673	0.553027	0.446973	1.575534
36390	-3441.542	-3612.278	170.7359	1.6063	0.540325	0.459675	1.783972
36396	-3447.771	-3618.901	171.1296	1.657387	0.676828	0.323172	1.462106
36402	-3432.128	-3602.942	170.8137	1.689616	0.551437	0.448563	1.670529
36408	-3434.896	-3605.782	170.8855	1.512935	0.531074	0.468926	1.744737
36414	-3438.844	-3610.07	171.2257	1.683469	0.518467	0.481533	1.367551
36420	-3434.736	-3605.549	170.813	1.612507	0.628677	0.371323	1.725672
36426	-3435.089	-3606.054	170.9648	1.601643	0.628677	0.371323	1.625279
36432	-3437.002	-3607.816	170.8143	1.524691	0.563607	0.436393	1.786173
36438	-3432.79	-3603.849	171.0593	1.622062	0.548353	0.451647	1.541247
36444	-3437.316	-3607.663	170.3468	1.510579	0.514527	0.485473	2.110377
36450	-3435.392	-3606.465	171.073	1.659013	0.514527	0.485473	1.503525
36456	-3432.228	-3603.155	170.9269	1.687105	0.560947	0.439053	1.590758
36462	-3438.734	-3609.537	170.8032	1.738769	0.605187	0.394813	1.642879
36468	-3438.586	-3609.495	170.9089	1.651694	0.554815	0.445185	1.629438
36474	-3437.815	-3608.304	170.4897	1.512379	0.50181	0.49819	2.014914
36480	-3438.686	-3608.447	169.7607	1.334007	0.480655	0.519345	2.595126
36486	-3438.877	-3608.499	169.622	1.403642	0.516853	0.483147	2.637817
36492	-3429.459	-3599.57	170.1118	1.375593	0.540467	0.459533	2.348926
36498	-3437.501	-3607.626	170.1242	1.363212	0.482215	0.517785	2.348926
36504	-3446.956	-3616.787	169.8309	1.394653	0.527646	0.472354	2.513732
36510	-3440.589	-3610.223	169.6345	1.414451	0.570655	0.429345	2.623414
36516	-3428.445	-3597.699	169.2542	1.44534	0.603944	0.396056	2.83729
36522	-3435.486	-3605.46	169.9744	1.396261	0.576583	0.423417	2.422746
36528	-3438.852	-3608.233	169.3813	1.323417	0.56669	0.43331	2.834173
36534	-3443.054	-3612.088	169.0344	1.300733	0.541467	0.458533	3.05673
36540	-3427.607	-3596.163	168.5562	1.125438	0.552723	0.447277	3.442987
36546	-3441.357	-3610.308	168.9506	1.231421	0.650393	0.349607	3.147987
36552	-3441.823	-3611.198	169.3753	1.27683	0.56703	0.43297	2.866069
36558	-3437.528	-3605.741	168.2132	1.196303	0.590229	0.409771	3.601585
36564	-3442.41	-3612.066	169.6566	1.304923	0.590229	0.409771	2.677298
36570	-3439.635	-3608.641	169.0058	1.24478	0.590229	0.409771	3.107231
36576	-3448.245	-3616.499	168.2545	1.219678	0.564904	0.435096	3.563995
36582	-3446.944	-3615.399	168.4547	1.193012	0.513069	0.486931	3.462815
36588	-3443.165	-3612.759	169.5939	1.276068	0.439196	0.560804	2.733442
36594	-3445.099	-3614.425	169.3253	1.355477	0.464991	0.535009	2.848658
36600	-3443.723	-3612.976	169.2536	1.379177	0.533473	0.466527	2.877772
36606	-3432.073	-3599.288	167.2149	1.134755	0.60875	0.39125	4.209464
36612	-3437.154	-3605.238	168.0846	1.165388	0.635571	0.364429	3.693998
36618	-3445.265	-3613.535	168.2699	1.167404	0.522086	0.477914	3.585404
36624	-3436.377	-3604.337	167.9594	1.113018	0.508024	0.491976	3.796489
36630	-3439.732	-3607.592	167.8602	1.212141	0.654312	0.345688	3.796489
36636	-3454.901	-3623.565	168.6636	1.295614	0.507367	0.492633	3.279967
36642	-3450.837	-3618.734	167.8964	1.077786	0.51797	0.48203	3.852945
36648	-3451.571	-3619.75	168.1786	1.113303	0.565303	0.434697	3.669762
36654	-3453.69	-3620.789	167.0989	1.08484	0.475001	0.524999	4.303485
36660	-3441.362	-3608.122	166.76	0.9155421	0.561542	0.438458	4.589782
36666	-3434.396	-3601.922	167.5259	1.099602	0.561542	0.438458	4.052551
36672	-3434.044	-3601.562	167.5183	1.10722	0.545089	0.454911	4.052551
36678	-3445.209	-3613.395	168.186	1.189511	0.580581	0.419419	3.621283
36684	-3446.24	-3615.917	169.6773	1.248793	0.444665	0.555335	2.699064
36690	-3446.358	-3616.323	169.9647	1.285557	0.664136	0.335864	2.498353
36696	-3434.956	-3605.049	170.0924	1.435787	0.531718	0.468282	2.322946
36702	-3437.483	-3607.935	170.4526	1.501153	0.591131	0.408869	2.046918
36708	-3443.493	-3613.845	170.3525	1.521764	0.538148	0.461852	2.099338
36714	-3446.24	-3616.34	170.1003	1.423102	0.503201	0.496799	2.32605
36720	-3436.286	-3606.702	170.4166	1.665019	0.619138	0.380862	1.961718
36726	-3438.609	-3609.442	170.8331	1.619429	0.691218	0.308782	1.706672
36732	-3430.033	-3600.894	170.8606	1.578117	0.547911	0.452089	1.716423
36738	-3441.958	-3612.983	171.0247	1.613501	0.425611	0.574389	1.57308
36744	-3427.809	-3598.905	171.0965	1.541633	0.531235	0.468765	1.57308
36750	-3448.066	-3618.154	170.0879	1.513258	0.605722	0.394278	2.276351
36756	-3447.456	-3617.236	169.7797	1.519196	0.667253	0.332747	2.46787
36762	-3435.785	-3605.927	170.1422	1.383401	0.583718	0.416282	2.324597
36768	-3429.698	-3599.928	170.2297	1.493765	0.532503	0.467497	2.197597
36774	-3435.944	-3606.176	170.2317	1.5466	0.483457	0.516543	2.161985
36780	-3434.516	-3605.665	171.1489	1.71777	0.522918	0.477082	1.400821
36786	-3442.242	-3613.394	171.1517	1.715014	0.452817	0.547183	1.400821
36792	-3441.859	-3612.901	171.0422	1.758933	0.530777	0.469223	1.451292
36798	-3424.908	-3596.106	171.1978	1.887725	0.631067	0.368933	1.223883
36804	-3433.247	-3604.241	170.9935	1.623362	0.509345	0.490655	1.588637
36810	-3425.097	-3596.063	170.9668	1.74897	0.568172	0.431828	1.515721
36816	-3433.626	-3604.598	170.9712	1.744528	0.506762	0.493238	1.515721
36822	-3436.945	-3607.849	170.9043	1.616636	0.617956	0.382044	1.657953
36828	-3443.932	-3614.597	170.6648	1.599345	0.581742	0.418258	1.837897
36834	-3447.739	-3618.359	170.6193	1.65398	0.482767	0.517233	1.831586
36840	-3448.391	-3618.984	170.5926	1.597726	0.541624	0.458376	1.888327
36846	-3442.823	-3613.469	170.646	1.537817	0.550722	0.449278	1.892759
36852	-3443.912	-3614.878	170.9662	1.653662	0.425779	0.574221	1.586492
36858	-3440.433	-3611.723	171.2901	1.7855	0.547641	0.452359	1.2323
36864	-3447.621	-3618.877	171.2556	1.738442	0.547641	0.452359	1.299694
36870	-3432.11	-3603	170.8898	1.711222	0.472249	0.527751	1.600173
36876	-3429.769	-3600.605	170.8358	1.660307	0.487836	0.512164	1.67571
36882	-3435.75	-3606.931	171.1812	1.870594	0.52706	0.47294	1.25222
36888	-3424.015	-3595.258	171.2428	1.801062	0.642675	0.357325	1.258767
36894	-3443.291	-3614.593	171.3012	1.842537	0.629164	0.370836	1.173998
36900	-3437.84	-3609.235	171.395	1.804392	0.601475	0.398525	1.124719
36906	-3445.922	-3617.278	171.3553	1.844092	0.601475	0.398525	1.124719
36912	-3440.193	-3611.453	171.26	1.839136	0.539749	0.460251	1.212383
36918	-3438.387	-3609.669	171.282	1.868447	0.544792	0.455208	1.168113
36924	-3443.408	-3614.648	171.2398	1.933581	0.535177	0.464823	1.147939
36930	-3444.654	-3615.944	171.2897	1.862879	0.448769	0.551231	1.166227
36936	-3446.877	-3618.166	171.2888	1.855389	0.505332	0.494668	1.173599
36942	-3443.88	-3614.968	171.0881	1.835674	0.557989	0.442011	1.356049
36948	-3442.553	-3613.762	171.2089	1.789145	0.550366	0.449634	1.296389
36954	-3449.392	-3620.511	171.1193	1.660098	0.573491	0.426509	1.467875
36960	-3433.519	-3604.132	170.6123	1.688611	0.616144	0.383856	1.812572
36966	-3439.923	-3610.674	170.7507	1.615886	0.534259	0.465741	1.766965
36972	-3431.813	-3602.777	170.9633	1.732666	0.552367	0.447633	1.530414
36978	-3421.69	-3592.589	170.8987	1.719449	0.561511	0.438489	1.587703
36984	-3428.284	-3599.211	170.9269	1.562502	0.609179	0.390821	1.680461
36990	-3418.999	-3589.151	170.1524	1.390221	0.604611	0.395389	2.3138
36996	-3420.68	-3591.12	170.4398	1.554393	0.58339	0.41661	2.020119
37002	-3425.872	-3596.38	170.5075	1.479497	0.535822	0.464178	2.02489
37008	-3442.262	-3613.021	170.7592	1.479497	0.594837	0.405163	1.855331
37014	-3437.573	-3607.106	169.5338	1.388936	0.593114	0.406886	2.701118
37020	-3425.088	-3594.838	169.7503	1.335039	0.632154	0.367846	2.60089
37026	-3432.836	-3602.335	169.4991	1.402075	0.535187	0.464813	2.714297
37032	-3431.599	-3600.618	169.0193	1.218525	0.541818	0.458182	3.1148
37038	-3437.824	-3607.578	169.7542	1.371643	0.579268	0.420732	2.575785
37044	-3439.363	-3609.21	169.8471	1.278726	0.579268	0.420732	2.575785
37050	-3444.162	-3613.94	169.7777	1.344789	0.482953	0.517047	2.577905
37056	-3435.749	-3605.248	169.499	1.311916	0.466687	0.533313	2.76951
37062	-3442.09	-3612.009	169.9195	1.279307	0.62155	0.37845	2.53044
37068	-3439.939	-3609.487	169.5475	1.319519	0.658174	0.341826	2.735253
37074	-3442.689	-3612.19	169.5015	1.451244	0.594232	0.405768	2.682692
37080	-3432.236	-3601.888	169.6525	1.3336	0.575738	0.424262	2.662139
37086	-3439.19	-3607.828	168.6385	1.176275	0.538654	0.461346	3.364954
37092	-3445.38	-3614.445	169.0641	1.233178	0.567907	0.432093	3.079337
37098	-3447.199	-3616.795	169.5962	1.205412	0.683394	0.316606	2.775199
37104	-3435.043	-3604.92	169.8773	1.440323	0.551846	0.448154	2.456118
37110	-3438.061	-3608.797	170.7358	1.646984	0.596722	0.403278	1.755684
37116	-3432.966	-3603.098	170.1322	1.445668	0.596722	0.403278	2.291283
37122	-3435.037	-3605.482	170.4451	1.443416	0.606378	0.393622	2.089965
37128	-3436.47	-3606.838	170.3683	1.519163	0.574838	0.425162	2.09065
37134	-3445.271	-3615.354	170.0829	1.490243	0.646514	0.353486	2.294304
37140	-3433.75	-3603.027	169.2776	1.240384	0.673565	0.326435	2.947063
37146	-3438.921	-3607.543	168.6218	1.159658	0.6534	0.3466	3.384493
37152	-3441.025	-3609.761	168.7361	1.218819	0.532682	0.467318	3.282469
37158	-3445.499	-3613	167.5011	1.012273	0.555289	0.444711	4.116434
37164	-3442.238	-3609.739	167.5011	1.012273	0.677083	0.322917	4.116434
37170	-3444.564	-3612.387	167.8236	1.215593	0.585402	0.414598	3.815579
37176	-3450.021	-3617.826	167.8045	1.077376	0.585402	0.414598	3.905975
37182	-3450.832	-3619.581	168.7484	1.275441	0.431093	0.568907	3.241787
37188	-3440.184	-3609.272	169.0878	1.275441	0.541513	0.458487	3.039959
37194	-3444.952	-3613.695	168.743	1.261855	0.54292	0.45708	3.253006
37200	-3441.776	-3611.778	170.0022	1.385455	0.643754	0.356246	2.412078
37206	-3437.664	-3607.78	170.116	1.390139	0.477166	0.522834	2.337016
37212	-3436.498	-3606.789	170.2904	1.460698	0.518148	0.481852	2.179678
37218	-3433.044	-3602.559	169.5159	1.343881	0.492683	0.507317	2.739652
37224	-3437.691	-3607.574	169.8838	1.412492	0.532125	0.467875	2.469508
37230	-3433.881	-3603.648	169.7676	1.459459	0.532125	0.467875	2.512834
37236	-3431.088	-3601.352	170.2633	1.491831	0.483503	0.516497	2.177042
37242	-3428.974	-3598.755	169.7811	1.440338	0.639148	0.360852	2.516305
37248	-3435.534	-3605.129	169.595	1.335626	0.68113	0.31887	2.696266
37254	-3440.749	-3608.908	168.1591	1.189204	0.622319	0.377681	3.637079
37260	-3442.81	-3610.143	167.3325	1.083806	0.4601	0.5399	4.171618
37266	-3446.631	-3615.18	168.5489	1.220225	0.596964	0.403036	3.391725
37272	-3447.286	-3616.604	169.3173	1.257745	0.401345	0.598655	2.912646
37278	-3451.169	-3619.91	168.7408	1.338846	0.604952	0.395048	3.208781
37284	-3448.491	-3617.201	168.7097	1.262109	0.625172	0.374828	3.272499
37290	-3450.566	-3619.174	168.6082	1.155706	0.585815	0.414185	3.394818
37296	-3451.526	-3620.214	168.6884	1.151897	0.484359	0.515641	3.349939
37302	-3446.91	-3615.192	168.2821	1.167973	0.565488	0.434512	3.577987
37308	-3429.225	-3597.026	167.8001	1.08726	0.602661	0.397339	3.902829
37314	-3435.503	-3603.841	168.3376	1.082285	0.511222	0.488778	3.595519
37320	-3451.078	-3620.161	169.0821	1.189245	0.656207	0.343793	3.094838
37326	-3449.202	-3618.072	168.8703	1.264141	0.601849	0.398151	3.176293
37332	-3452.918	-3621.456	168.5374	1.260513	0.601849	0.398151	3.374874
37338	-3448.179	-3617.521	169.3425	1.317338	0.64506	0.35494	2.861374
37344	-3448.72	-3618.01	169.2894	1.387428	0.571439	0.428561	2.85106
37350	-3442.502	-3611.491	168.9884	1.189709	0.627199	0.372801	3.150315
37356	-3448.03	-3616.91	168.8797	1.298485	0.677506	0.322494	3.150315
37362	-3433.482	-3603.24	169.7587	1.298485	0.615992	0.384008	2.618312
37368	-3437.874	-3606.284	168.4099	1.140587	0.540969	0.459031	3.51955
37374	-3444.93	-3612.594	167.6647	1.076575	0.624508	0.375492	3.986458
37380	-3452.389	-3621.529	169.1394	1.338234	0.575118	0.424882	2.971355
37386	-3451.373	-3620.45	169.0766	1.279718	0.668366	0.331634	3.044076
37392	-3451.857	-3621.01	169.1529	1.392303	0.574853	0.425147	2.93064
37398	-3440.304	-3609.621	169.3173	1.22791	0.672137	0.327863	2.93064
37404	-3443.941	-3612.283	168.3418	1.13433	0.622999	0.377001	3.562829
37410	-3451.924	-3620.836	168.912	1.171807	0.611561	0.388439	3.206286
37416	-3449.034	-3617.928	168.8941	1.189717	0.611561	0.388439	3.206286
37422	-3449.6	-3618.484	168.8836	1.200184	0.587876	0.412124	3.206286
37428	-3447.829	-3616.669	168.8403	1.188355	0.57589	0.42411	3.238912
37434	-3447.454	-3615.657	168.2028	1.218696	0.590353	0.409647	3.594598
37440	-3433.055	-3601.442	168.3869	1.239744	0.537989	0.462011	3.475124
37446	-3437.719	-3606.257	168.5379	1.224021	0.572485	0.427515	3.395972
37452	-3437.159	-3607.144	169.9853	1.40893	0.630084	0.369916	2.407876
37458	-3432.645	-3603.09	170.4443	1.473333	0.744998	0.255002	2.07081
37464	-3437.991	-3607.505	169.5133	1.36172	0.62301	0.37699	2.730361
37470	-3435.462	-3604.552	169.0901	1.220923	0.751229	0.248771	3.07114
37476	-3447.15	-3616.448	169.2981	1.298224	0.671292	0.328708	2.899828
37482	-3449.245	-3618.561	169.3165	1.242863	0.672798	0.327202	2.922106
37488	-3438.515	-3607.775	169.2603	1.244528	0.70397	0.29603	2.954945
37494	-3443.956	-3613.594	169.6375	1.308375	0.70397	0.29603	2.686905
37500	-3432.828	-3601.839	169.0112	1.316491	0.541023	0.458977	3.061202
37506	-3430.328	-3600.212	169.884	1.345844	0.57306	0.42694	2.511067
37512	-3430.995	-3600.897	169.902	1.345844	0.544166	0.455834	2.499828
37518	-3434.486	-3604.148	169.6618	1.345844	0.541203	0.458797	2.64888
37524	-3428.904	-3598.793	169.8888	1.265798	0.580049	0.419951	2.55795
37530	-3436.84	-3605.669	168.8296	1.265798	0.645016	0.354984	3.199452
37536	-3440.412	-3609.501	169.0892	1.190623	0.641813	0.358187	3.089769
37542	-3433.831	-3602.039	168.2077	1.174091	0.641813	0.358187	3.617686
37548	-3440.113	-3608.366	168.2533	1.12845	0.691496	0.308504	3.617686
37554	-3449.644	-3617.723	168.0792	1.132707	0.691496	0.308504	3.716004
37560	-3434.019	-3602.469	168.4496	1.190015	0.630363	0.369637	3.467567
37566	-3441.146	-3609.052	167.9055	1.078909	0.533266	0.466734	3.847093
37572	-3439.334	-3607.108	167.7747	1.077631	0.613753	0.386247	3.922896
37578	-3437.552	-3604.204	166.6519	0.9695242	0.598238	0.401762	4.620158
37584	-3438.332	-3604.73	166.3985	0.9542062	0.598238	0.401762	4.770489
37590	-3442.12	-3608.401	166.2814	1.071363	0.632304	0.367696	4.770489
37596	-3448.173	-3615.507	167.3337	1.032264	0.637266	0.362734	4.200241
37602	-3458.512	-3626.565	168.0534	1.291395	0.625609	0.374391	3.639104
37608	-3450.628	-3619.771	169.1438	1.374812	0.755212	0.244788	2.946686
37614	-3437.447	-3606.354	168.9068	1.326002	0.57318	0.42682	3.117793
37620	-3434.814	-3603.213	168.3989	1.231707	0.600024	0.399976	3.472826
37626	-3431.515	-3600.434	168.919	1.285599	0.567892	0.432108	3.134578
37632	-3436.623	-3605.823	169.1999	1.244941	0.61619	0.38381	2.991056
37638	-3426.501	-3595.268	168.7669	1.233869	0.64068	0.35932	3.255406
37644	-3433.562	-3602.583	169.0205	1.284367	0.697701	0.302299	3.074821
37650	-3426	-3594.557	168.5571	1.224113	0.53436	0.46564	3.38466
37656	-3433.525	-3602.592	169.0668	1.265881	0.517358	0.482642	3.058193
37662	-3428.785	-3597.98	169.1945	1.293911	0.562771	0.437229	2.964873
37668	-3428.102	-3598.027	169.9248	1.335071	0.471859	0.528141	2.492283
37674	-3443.5	-3613.444	169.9441	1.342995	0.614683	0.385317	2.475272
37680	-3446.468	-3615.247	168.7794	1.364309	0.695289	0.304711	3.170783
37686	-3450.163	-3618.925	168.7621	1.308151	0.449629	0.550371	3.214308
37692	-3449.173	-3618.163	168.9906	1.292031	0.498448	0.501552	3.08811
37698	-3444.41	-3613.876	169.4656	1.381803	0.614932	0.385068	2.747249
37704	-3440.151	-3609.808	169.6566	1.355113	0.710731	0.289269	2.646375
37710	-3453.163	-3621.82	168.6571	1.280449	0.450292	0.549708	3.292723
37716	-3455.734	-3624.65	168.9163	1.151519	0.587988	0.412012	3.215772
37722	-3450.036	-3618.106	168.0703	1.048977	0.625999	0.374001	3.769475
37728	-3448.509	-3616.329	167.8198	1.040382	0.566275	0.433725	3.918391
37734	-3446.557	-3614.886	168.329	1.152572	0.566275	0.433725	3.559695
37740	-3449.91	-3618.121	168.2107	1.195315	0.589172	0.410828	3.603578
37746	-3456.718	-3624.615	167.8978	1.130515	0.610657	0.389343	3.821864
37752	-3444.552	-3613.448	168.8962	1.293564	0.608219	0.391781	3.143421
37758	-3442.456	-3610.845	168.3889	1.2113	0.607987	0.392013	3.490567
37764	-3441.485	-3610.69	169.2049	1.2113	0.669146	0.330854	3.008209
37770	-3446.49	-3616.395	169.9059	1.343698	0.56753	0.43247	2.498711
37776	-3434.382	-3603.821	169.4389	1.272529	0.694932	0.305068	2.830086
37782	-3447.895	-3615.668	167.7725	1.112228	0.613978	0.386022	3.904344
37788	-3438.092	-3606.034	167.9413	1.245833	0.68622	0.31378	3.73035
37794	-3434.586	-3603.507	168.9203	1.277113	0.70777	0.29223	3.138876
37800	-3435.876	-3605.158	169.2811	1.372681	0.635713	0.364287	2.865028
37806	-3439.604	-3609.065	169.4617	1.290406	0.628196	0.371804	2.80535
37812	-3433.422	-3602.867	169.445	1.242988	0.688214	0.311786	2.84428
37818	-3435.652	-3605.211	169.5585	1.261332	0.687128	0.312872	2.764102
37824	-3440.302	-3610.181	169.8796	1.393098	0.609578	0.390422	2.484316
37830	-3436.549	-3606.219	169.6695	1.353144	0.659501	0.340499	2.639634
37836	-3434.309	-3603.82	169.5106	1.413038	0.571095	0.428905	2.700555
37842	-3431.811	-3601.421	169.6097	1.313954	0.55967	0.44033	2.700555
37848	-3435.055	-3604.863	169.808	1.343892	0.545154	0.454846	2.559601
37854	-3437.576	-3606.937	169.3605	1.284526	0.684032	0.315968	2.870322
37860	-3437.641	-3605.38	167.7396	1.022416	0.62967	0.37033	3.974598
37866	-3440.6	-3608.253	167.653	1.198353	0.627921	0.372079	3.923426
37872	-3440.27	-3609.767	169.4973	1.320491	0.486301	0.513699	2.765303
37878	-3435.487	-3605.511	170.0245	1.349815	0.577774	0.422226	2.420456
37884	-3443.44	-3613.569	170.1284	1.470068	0.511018	0.488982	2.278061
37890	-3444.248	-3614.885	170.6368	1.637936	0.468147	0.531853	1.830572
37896	-3453.69	-3624.551	170.8617	1.616003	0.575097	0.424903	1.688834
37902	-3433.407	-3604.263	170.8565	1.699226	0.542298	0.457702	1.632959
37908	-3426.413	-3597.73	171.3179	1.792213	0.615128	0.384872	1.202995
37914	-3438.968	-3610.386	171.4178	1.903448	0.529659	0.470341	1.009961
37920	-3433.806	-3605.046	171.2399	1.945723	0.653772	0.346228	1.137049
37926	-3443.091	-3614.354	171.2633	1.86797	0.664747	0.335253	1.18476
37932	-3476.704	-3647.224	170.5202	1.533684	0.563109	0.436891	1.980307
37938	-3472.413	-3643.118	170.7046	1.633569	0.55477	0.44523	1.786768
37944	-3451.154	-3622.253	171.0988	1.781482	0.506942	0.493058	1.390262
37950	-3442.072	-3613.367	171.2946	1.65257	0.541458	0.458542	1.337414
37956	-3447.443	-3618.686	171.2427	1.704501	0.696117	0.303883	1.337414
37962	-3448.404	-3619.146	170.7414	1.491759	0.638172	0.361828	1.859079
37968	-3442.047	-3612.571	170.5244	1.542712	0.622449	0.377551	1.97149
37974	-3441.713	-3612.181	170.4681	1.521787	0.620593	0.379407	2.023003
37980	-3456.082	-3626.074	169.9924	1.404926	0.636818	0.363182	2.405974
37986	-3444.019	-3613.146	169.1263	1.225494	0.638995	0.361005	3.046816
37992	-3437.478	-3606.338	168.8599	1.213595	0.594447	0.405553	3.212394
37998	-3444.076	-3612.51	168.4341	1.097074	0.594447	0.405553	3.530803
38004	-3434.041	-3602.447	168.4063	1.266156	0.576711	0.423289	3.448361
38010	-3437.033	-3605.747	168.7139	1.218204	0.563249	0.436751	3.29593
38016	-3435.316	-3604.375	169.0589	1.339477	0.563249	0.436751	3.018884
38022	-3432.081	-3600.983	168.9022	1.273941	0.616803	0.383197	3.151539
38028	-3435.216	-3604.288	169.0726	1.299149	0.590028	0.409972	3.034823
38034	-3434.963	-3603.947	168.9834	1.204943	0.613539	0.386461	3.144273
38040	-3449.174	-3618.528	169.354	1.300603	0.526394	0.473606	2.86453
38046	-3439.595	-3608.936	169.3406	1.373989	0.661382	0.338618	2.828141
38052	-3442.715	-3612.122	169.4072	1.297797	0.569383	0.430617	2.83398
38058	-3451.328	-3619.358	168.0296	1.22117	0.58926	0.41074	3.693562
38064	-3437.349	-3605.381	168.0315	1.126911	0.614316	0.385684	3.746921
38070	-3435.14	-3603.899	168.7598	1.392125	0.599809	0.400191	3.165902
38076	-3446.969	-3616.596	169.6266	1.304048	0.582665	0.417335	2.696236
38082	-3441.842	-3611.137	169.2953	1.395072	0.540397	0.459603	2.842889
38088	-3433.303	-3603.537	170.2341	1.417516	0.566889	0.433111	2.24395
38094	-3438.393	-3608.351	169.9579	1.475617	0.507998	0.492002	2.383083
38100	-3439.911	-3609.47	169.5591	1.396277	0.651184	0.348816	2.681059
38106	-3443.774	-3613.578	169.8046	1.516802	0.545686	0.454314	2.453736
38112	-3444.167	-3612.654	168.4871	1.136823	0.538434	0.461566	3.476704
38118	-3442.941	-3611.028	168.0877	1.111498	0.579968	0.420032	3.723339
38124	-3446.626	-3613.619	166.9939	1.111082	0.589465	0.410535	4.347991
38130	-3445.109	-3612.809	167.7004	1.20895	0.703758	0.296242	3.890212
38136	-3439.199	-3607.706	168.5063	1.18022	0.571271	0.428729	3.440117
38142	-3434.202	-3602.717	168.5156	1.340418	0.571271	0.428729	3.340737
38148	-3446.459	-3615.478	169.0191	1.193852	0.563178	0.436822	3.129629
38154	-3444.442	-3614.023	169.5815	1.24936	0.582278	0.417722	2.757336
38160	-3439.541	-3609.114	169.5732	1.257716	0.44093	0.55907	2.757336
38166	-3441.515	-3611.639	170.1236	1.426678	0.565192	0.434808	2.308898
38172	-3430.696	-3601.059	170.3631	1.357755	0.629461	0.370539	2.199297
38178	-3431.245	-3601.79	170.5452	1.495974	0.567702	0.432298	1.988836
38184	-3441.193	-3611.21	170.0166	1.409693	0.463214	0.536786	2.387644
38190	-3440.031	-3610.397	170.3654	1.502488	0.672799	0.327201	2.103498
38196	-3437.536	-3608.298	170.7617	1.583513	0.595377	0.404623	1.781895
38202	-3437.382	-3608.381	170.999	1.683408	0.590675	0.409325	1.540493
38208	-3446.841	-3617.975	171.1347	1.702669	0.696826	0.303174	1.423553
38214	-3450.817	-3621.717	170.9003	1.546735	0.654715	0.345285	1.710518
38220	-3441.091	-3609.356	168.265	1.267864	0.506428	0.493572	3.529843
38226	-3450.718	-3619.608	168.8895	1.216623	0.506428	0.493572	3.193093
38232	-3452.897	-3623.157	170.2604	1.389732	0.539114	0.460886	2.244926
38238	-3443.759	-3614.394	170.6347	1.483188	0.6132	0.3868	1.937375
38244	-3436.414	-3606.936	170.5214	1.59649	0.613478	0.386522	1.937375
38250	-3434.143	-3604.91	170.7669	1.735519	0.699912	0.300088	1.671217
38256	-3427.852	-3598.715	170.8632	1.63923	0.681549	0.318451	1.671217
38262	-3429.81	-3600.647	170.8365	1.612661	0.691292	0.308708	1.709011
38268	-3442.463	-3613.813	171.35	1.794339	0.663556	0.336444	1.173419
38274	-3439.584	-3610.989	171.4055	1.761493	0.767129	0.232871	1.153615
38280	-3432.794	-3604.212	171.4177	1.807086	0.590706	0.409294	1.101616
38286	-3438.744	-3609.846	171.1025	1.807086	0.590706	0.409294	1.367283
38292	-3435.97	-3606.927	170.9566	1.702625	0.754907	0.245093	1.557634
38298	-3439.475	-3610.423	170.9481	1.702625	0.688255	0.311745	1.563876
38304	-3433.156	-3603.663	170.5073	1.65114	0.695311	0.304689	1.909956
38310	-3436.161	-3606.491	170.3296	1.356487	0.587854	0.412146	2.221769
38316	-3440.172	-3610.001	169.8298	1.390351	0.632512	0.367488	2.517102
38322	-3448.32	-3617.205	168.8854	1.417988	0.734628	0.265372	3.075717
38328	-3440.769	-3609.6	168.8308	1.410226	0.674144	0.325856	3.112928
38334	-3441.109	-3610.413	169.3046	1.240825	0.535305	0.464695	2.93053
38340	-3439.737	-3609.148	169.4112	1.320449	0.631172	0.368828	2.81778
38346	-3439.888	-3608.601	168.7133	1.277739	0.629088	0.370912	3.26118
38352	-3445.864	-3614.825	168.9613	1.224953	0.604896	0.395104	3.145485
38358	-3446.363	-3615.318	168.9549	1.310837	0.53038	0.46962	3.098205
38364	-3438.796	-3607.69	168.8936	1.141713	0.586488	0.413512	3.234973
38370	-3438.954	-3607.747	168.7929	1.227053	0.594719	0.405281	3.244078
38376	-3442.109	-3610.77	168.6611	1.304378	0.626949	0.373051	3.276277
38382	-3442.282	-3610.621	168.3388	1.248129	0.751984	0.248016	3.498343
38388	-3439.504	-3607.464	167.9594	1.167007	0.654461	0.345539	3.765343
38394	-3434.459	-3602.605	168.1465	1.038153	0.661171	0.338829	3.731728
38400	-3435.537	-3603.237	167.7004	1.035019	0.691079	0.308921	3.989811
38406	-3440.088	-3607.596	167.5086	1.187857	0.691079	0.308921	4.012069
38412	-3433.176	-3603.559	170.3827	1.47987	0.506398	0.493602	2.107011
38418	-3435.898	-3606.25	170.3516	1.510891	0.550308	0.449692	2.107011
38424	-3438.974	-3608.929	169.9553	1.521812	0.637374	0.362626	2.355463
38430	-3445.695	-3615.935	170.2402	1.470242	0.632519	0.367481	2.206035
38436	-3454.249	-3624.481	170.2322	1.363229	0.626595	0.373405	2.279991
38442	-3453.31	-3623.901	170.5917	1.452058	0.662228	0.337772	1.987099
38448	-3444.423	-3615.259	170.8354	1.519621	0.524137	0.475863	1.775012
38454	-3448.182	-3618.727	170.545	1.46554	0.642722	0.357278	2.009235
38460	-3438.124	-3608.386	170.2622	1.553573	0.637013	0.362987	2.137625
38466	-3442.853	-3613.376	170.5225	1.582176	0.637013	0.362987	1.946255
38472	-3434.485	-3605.211	170.7261	1.507401	0.625681	0.374319	1.85886
38478	-3435.557	-3606.32	170.7631	1.518341	0.683764	0.316236	1.826003
38484	-3433.875	-3604.555	170.6794	1.463787	0.685918	0.314082	1.92026
38490	-3429.301	-3599.854	170.5525	1.594309	0.594823	0.405177	1.917868
38496	-3437.734	-3608.526	170.7924	1.611796	0.677206	0.322794	1.740666
38502	-3437.034	-3607.682	170.6476	1.513174	0.662628	0.337372	1.908412
38508	-3435.213	-3605.82	170.6075	1.553233	0.657169	0.342831	1.908412
38514	-3439.43	-3609.841	170.4107	1.519567	0.566177	0.433823	2.062453
38520	-3446.478	-3617.058	170.5796	1.518276	0.565867	0.434133	1.950828
38526	-3446.629	-3617.36	170.7317	1.518276	0.599267	0.400733	1.847598
38532	-3453.231	-3623.696	170.4651	1.53439	0.465436	0.534564	2.016602
38538	-3441.874	-3612.299	170.4253	1.465232	0.601443	0.398557	2.088647
38544	-3435.289	-3605.06	169.771	1.545798	0.523359	0.476641	2.456634
38550	-3442.317	-3612.924	170.6073	1.495709	0.712054	0.287946	1.947408
38556	-3436.642	-3606.634	169.9921	1.458822	0.629981	0.370019	2.372049
38562	-3443.037	-3613.289	170.2521	1.4357	0.543315	0.456685	2.220629
38568	-3432.929	-3602.526	169.5962	1.433359	0.563725	0.436275	2.635345
38574	-3426.62	-3597.146	170.5256	1.466388	0.563725	0.436275	2.021614
38580	-3430.666	-3600.983	170.317	1.471888	0.682997	0.317003	2.155145
38586	-3434.146	-3604.317	170.1719	1.34214	0.588878	0.411122	2.332006
38592	-3432.496	-3602.9	170.4034	1.490033	0.551547	0.448453	2.086732
38598	-3433.284	-3603.597	170.3134	1.426571	0.475266	0.524734	2.186923
38604	-3443.869	-3613.044	169.1749	1.414616	0.624529	0.375471	2.903899
38610	-3445.821	-3615.107	169.2853	1.241376	0.582497	0.417503	2.941803
38616	-3448.117	-3616.704	168.587	1.247457	0.53111	0.46889	3.353399
38622	-3447.448	-3616.876	169.4285	1.293163	0.53111	0.46889	2.823858
38628	-3449.51	-3618.244	168.7339	1.29914	0.493007	0.506993	3.236335
38634	-3444.243	-3613.84	169.5968	1.211947	0.630531	0.369469	2.770851
38640	-3454.078	-3623.415	169.337	1.392722	0.556084	0.443916	2.818967
38646	-3449.34	-3619.53	170.1905	1.509088	0.470187	0.529813	2.21306
38652	-3450.903	-3621.575	170.6717	1.532185	0.582409	0.417591	1.879096
38658	-3439.684	-3610.329	170.6444	1.580263	0.564067	0.435933	1.864884
38664	-3437.636	-3608.002	170.3657	1.467276	0.587536	0.412464	2.126365
38670	-3443.658	-3614.211	170.5528	1.46751	0.67739	0.32261	2.002724
38676	-3443.197	-3613.625	170.4282	1.59217	0.708191	0.291809	2.002724
38682	-3438.841	-3609.229	170.3879	1.503925	0.595216	0.404784	2.08775
38688	-3432.051	-3602.388	170.3366	1.550534	0.62575	0.37425	2.090876
38694	-3445.378	-3615.586	170.2087	1.485944	0.655271	0.344729	2.21622
38700	-3445.095	-3614.974	169.8783	1.487899	0.561561	0.438439	2.425596
38706	-3437.583	-3607.333	169.7495	1.442058	0.542319	0.457681	2.534976
38712	-3431.438	-3601.699	170.2612	1.571023	0.662195	0.337805	2.126825
38718	-3428.44	-3598.851	170.4114	1.37397	0.700597	0.299403	2.15742
38724	-3436.578	-3606.605	170.0265	1.490335	0.600462	0.399538	2.330221
38730	-3436.136	-3605.62	169.4839	1.330981	0.630236	0.369764	2.767125
38736	-3436.401	-3606.447	170.0459	1.301621	0.612847	0.387153	2.437338
38742	-3442.311	-3611.22	168.9093	1.251274	0.663548	0.336452	3.160769
38748	-3435.318	-3602.368	167.0495	1.074416	0.628683	0.371317	4.337289
38754	-3433.83	-3600.456	166.6259	1.00628	0.691695	0.308305	4.614132
38760	-3426.269	-3592.919	166.6499	0.9822458	0.670623	0.329377	4.614132
38766	-3439.308	-3605.914	166.6057	1.038665	0.670623	0.329377	4.607277
38772	-3452.722	-3620.556	167.834	1.048187	0.754058	0.245942	3.905756
38778	-3450.345	-3616.804	166.4592	1.151261	0.52187	0.47813	4.626304
38784	-3447.892	-3614.917	167.0249	1.094125	0.696677	0.303323	4.340097
38790	-3468.279	-3638.484	170.2053	1.274458	0.705147	0.294853	2.353767
38796	-3445.801	-3615.289	169.4873	1.299303	0.663123	0.336877	2.784333
38802	-3447.921	-3616.402	168.4805	1.259617	0.621462	0.378538	3.408758
38808	-3446.531	-3615.542	169.0111	1.215503	0.674669	0.325331	3.121497
38814	-3459.932	-3627.881	167.9492	1.168986	0.638112	0.361888	3.770086
38820	-3449.134	-3617.417	168.2828	1.171464	0.464904	0.535096	3.575593
38826	-3441.743	-3608.4	166.6569	1.035002	0.683734	0.316266	4.580612
38832	-3441.467	-3610.332	168.8641	1.224675	0.572075	0.427925	3.203357
38838	-3447.649	-3615.872	168.223	1.224675	0.646795	0.353205	3.5794
38844	-3441.697	-3609.955	168.2582	1.189433	0.646795	0.353205	3.5794
38850	-3439.267	-3608.912	169.6452	1.352377	0.481667	0.518333	2.655088
38856	-3433.703	-3602.169	168.4661	1.273092	0.711368	0.288632	3.409301
38862	-3445.945	-3613.972	168.0268	1.114311	0.738183	0.261817	3.756895
38868	-3445.561	-3615.245	169.6847	1.311918	0.551313	0.448687	2.655681
38874	-3448.094	-3616.874	168.7802	1.15449	0.672146	0.327854	3.294387
38880	-3449.149	-3616.755	167.6061	1.209307	0.674505	0.325495	3.94404
38886	-3448.945	-3617.663	168.718	1.271545	0.653595	0.346405	3.262072
38892	-3434.835	-3604.716	169.8809	1.377677	0.515502	0.484498	2.493114
38898	-3436.037	-3606.183	170.1467	1.447355	0.740299	0.259701	2.280927
38904	-3435.15	-3604.796	169.6462	1.242692	0.606777	0.393223	2.721831
38910	-3435.779	-3605.127	169.348	1.313267	0.654475	0.345525	2.86053
38916	-3433.001	-3602.408	169.4076	1.338386	0.611979	0.388021	2.809107
38922	-3435.992	-3606.148	170.1563	1.407851	0.569641	0.430359	2.30002
38928	-3443.652	-3612.834	169.1824	1.376821	0.658906	0.341094	2.92219
38934	-3438.666	-3607.281	168.6152	1.176184	0.675277	0.324723	3.378674
38940	-3448.137	-3614.857	166.7191	0.9850372	0.544753	0.455247	4.573739
38946	-3440.081	-3607.175	167.0937	1.014665	0.520726	0.479274	4.346089
38952	-3431.341	-3599.663	168.3217	1.214301	0.721565	0.278435	3.528031
38958	-3429.667	-3598.201	168.5337	1.209027	0.637803	0.362197	3.40721
38964	-3431.052	-3600.957	169.9058	1.384232	0.637803	0.362197	2.473442
38970	-3443.959	-3613.075	169.116	1.331804	0.665421	0.334579	2.989259
38976	-3434.036	-3603.602	169.5663	1.34185	0.683575	0.316425	2.710073
38982	-3438.301	-3607.834	169.5326	1.375537	0.590322	0.409678	2.710073
38988	-3433.691	-3603.18	169.4889	1.419261	0.637353	0.362647	2.710073
38994	-3436.257	-3605.865	169.6081	1.299995	0.647593	0.352407	2.710073
39000	-3435.448	-3604.874	169.4254	1.442016	0.608525	0.391475	2.734991
39006	-3427.521	-3596.838	169.317	1.271988	0.613883	0.386117	2.904226
39012	-3431.402	-3601.193	169.7908	1.366098	0.613883	0.386117	2.556496
39018	-3433.873	-3604.109	170.236	1.456782	0.587043	0.412957	2.217431
39024	-3439.015	-3609.229	170.2142	1.478613	0.60837	0.39163	2.217431
39030	-3440.922	-3611.08	170.1584	1.521242	0.707296	0.292704	2.225886
39036	-3444.693	-3615.191	170.4979	1.460154	0.589859	0.410141	2.044078
39042	-3445.301	-3615.423	170.1224	1.475324	0.611732	0.388268	2.278552
39048	-3442.224	-3611.764	169.5396	1.334813	0.643446	0.356554	2.730698
39054	-3439.093	-3608.538	169.445	1.239366	0.571251	0.428749	2.846505
39060	-3430.503	-3598.785	168.2818	1.235144	0.632239	0.367761	3.539088
39066	-3434.314	-3602.895	168.5813	1.166467	0.632239	0.367761	3.404252
39072	-3419.593	-3589.015	169.4215	1.414442	0.691521	0.308479	2.754215
39078	-3424.951	-3594.845	169.8935	1.414442	0.72227	0.27773	2.462169
39084	-3431.499	-3600.608	169.1083	1.271376	0.610113	0.389887	3.030111
39090	-3440.86	-3609.354	168.4939	1.274681	0.592284	0.407716	3.392084
39096	-3449.849	-3619.466	169.6165	1.312283	0.508252	0.491748	2.697363
39102	-3441.873	-3610.596	168.7225	1.248892	0.508252	0.491748	3.272755
39108	-3435.375	-3604.87	169.4944	1.329544	0.650759	0.349241	2.761548
39114	-3432.777	-3602.22	169.4428	1.402554	0.666067	0.333933	2.74849
39120	-3430.794	-3599.055	168.2616	1.284259	0.690475	0.309525	3.522237
39126	-3426.602	-3595.459	168.857	1.297512	0.679358	0.320642	3.164354
39132	-3428.826	-3598.404	169.5786	1.319325	0.648233	0.351767	2.716338
39138	-3437.424	-3606.586	169.1619	1.24924	0.648233	0.351767	3.011242
39144	-3441.568	-3610.374	168.8059	1.35852	0.583641	0.416359	3.158468
39150	-3440.802	-3610.245	169.4435	1.529153	0.591556	0.408444	2.670443
39156	-3431.545	-3601.159	169.6144	1.434752	0.620147	0.379853	2.623308
39162	-3423.046	-3592.977	169.932	1.494449	0.585603	0.414397	2.387567
39168	-3430.526	-3600.869	170.3429	1.554457	0.585603	0.414397	2.08417
39174	-3431.437	-3602.21	170.7727	1.627329	0.585603	0.414397	1.743622
39180	-3436.324	-3606.506	170.1815	1.56576	0.731051	0.268949	2.182154
39186	-3429.367	-3599.639	170.2719	1.475393	0.667	0.333	2.182154
39192	-3436.542	-3606.577	170.0352	1.510073	0.591382	0.408618	2.312089
39198	-3443.713	-3613.878	170.1646	1.435698	0.615139	0.384861	2.276918
39204	-3442.943	-3613.145	170.2026	1.397698	0.738689	0.261311	2.276918
39210	-3431.94	-3602.295	170.3558	1.406418	0.668014	0.331986	2.172432
39216	-3426.248	-3596.325	170.0773	1.45661	0.59324	0.40676	2.319302
39222	-3430.487	-3600.576	170.0886	1.445323	0.644938	0.355062	2.319302
39228	-3435.632	-3605.438	169.8055	1.51444	0.644938	0.355062	2.454686
39234	-3431.062	-3600.86	169.7979	1.386915	0.606489	0.393511	2.539144
39240	-3440.518	-3611.831	171.3129	1.755231	0.616201	0.383799	1.238565
39246	-3430.663	-3601.995	171.3314	1.776975	0.524547	0.475453	1.204456
39252	-3438.593	-3609.969	171.3768	1.800692	0.548512	0.451488	1.144265
39258	-3434.058	-3604.917	170.8595	1.617309	0.513902	0.486098	1.689416
39264	-3435.033	-3605.774	170.741	1.618881	0.596003	0.403997	1.771647
39270	-3427.968	-3598.305	170.3371	1.618881	0.530181	0.469819	2.045488
39276	-3429.315	-3600.131	170.8155	1.660837	0.537478	0.462522	1.689804
39282	-3435.758	-3606.393	170.6349	1.573444	0.455652	0.544348	1.876073
39288	-3444.104	-3614.485	170.3811	1.502965	0.439295	0.560705	2.092882
39294	-3432.212	-3602.761	170.5494	1.500552	0.631998	0.368002	1.98298
39300	-3437.847	-3608.418	170.5718	1.478131	0.512644	0.487356	1.98298
39306	-3445.571	-3615.66	170.0885	1.420595	0.49545	0.50455	2.335137
39312	-3431.609	-3601.846	170.2364	1.499467	0.630854	0.369146	2.18958
39318	-3436.752	-3607.167	170.4155	1.440663	0.546939	0.453061	2.111168
39324	-3445.884	-3616.663	170.7793	1.623796	0.499957	0.500043	1.741485
39330	-3446.53	-3616.661	170.131	1.439395	0.534143	0.465857	2.296012
39336	-3446.365	-3615.93	169.5649	1.326498	0.737761	0.262239	2.720316
39342	-3443.413	-3612.752	169.3391	1.311603	0.582843	0.417157	2.866905
39348	-3447.58	-3616.642	169.0612	1.274097	0.60056	0.39944	3.056653
39354	-3441.471	-3610.469	168.9981	1.337148	0.540847	0.459153	3.056653
39360	-3435.317	-3605.794	170.4773	1.373607	0.540847	0.459153	2.114655
39366	-3438.532	-3609.39	170.8583	1.504783	0.540847	0.459153	1.769445
39372	-3437.219	-3607.478	170.2588	1.573222	0.692816	0.307184	2.12699
39378	-3437.328	-3607.649	170.3215	1.419085	0.676074	0.323926	2.18647
39384	-3436.106	-3605.287	169.1807	1.350057	0.602935	0.397065	2.939374
39390	-3451.455	-3621.343	169.8882	1.474658	0.612537	0.387463	2.427709
39396	-3441.357	-3610.578	169.2211	1.241322	0.636736	0.363264	2.980446
39402	-3447.132	-3615.385	168.2533	1.278417	0.569939	0.430061	3.530529
39408	-3442.461	-3611.055	168.5931	1.261255	0.60038	0.39962	3.341709
39414	-3442.335	-3610.887	168.5517	1.204591	0.60038	0.39962	3.399267
39420	-3446.854	-3616.642	169.7888	1.447588	0.592381	0.407619	2.506989
39426	-3448.734	-3617	168.2664	1.210891	0.625332	0.374668	3.562163
39432	-3440.145	-3608.49	168.345	1.132284	0.54898	0.45102	3.562163
39438	-3432.954	-3601.077	168.1236	1.172193	0.518693	0.481307	3.667487
39444	-3443.538	-3611.486	167.9482	1.128011	0.624246	0.375754	3.794303
39450	-3458.252	-3628.177	169.9246	1.490122	0.571177	0.428823	2.394935
39456	-3449.007	-3618.567	169.5603	1.389147	0.598869	0.401131	2.684683
39462	-3448.814	-3617.571	168.7569	1.355936	0.607321	0.392679	3.189112
39468	-3448.229	-3616.034	167.8051	1.165804	0.593071	0.406929	3.854841
39474	-3441.082	-3609.314	168.2323	1.119417	0.731778	0.268222	3.635099
39480	-3436.692	-3605.05	168.3579	1.186156	0.66051	0.33949	3.523316
39486	-3439.338	-3607.666	168.3278	1.202512	0.672422	0.327578	3.531317
39492	-3439.965	-3609.424	169.4587	1.333002	0.626117	0.373883	2.781264
39498	-3437.252	-3606.195	168.9429	1.21108	0.565837	0.434163	3.164669
39504	-3445.405	-3613.733	168.3272	1.199178	0.605203	0.394797	3.533619
39510	-3446.993	-3615.476	168.4832	1.222378	0.605203	0.394797	3.428972
39516	-3446.305	-3615.676	169.3714	1.304528	0.605203	0.394797	2.851619
39522	-3451.076	-3619.934	168.8581	1.09283	0.634217	0.365783	3.284844
39528	-3450.591	-3619.347	168.7556	1.195309	0.659502	0.340498	3.284844
39534	-3442.184	-3610.234	168.0495	1.190952	0.596697	0.403303	3.699513
39540	-3443.311	-3610.68	167.3698	1.088221	0.504117	0.495883	4.147943
39546	-3443.265	-3610.616	167.3511	1.10687	0.587134	0.412866	4.147943
39552	-3451.286	-3619.318	168.0316	1.139044	0.545169	0.454831	3.739825
39558	-3442.242	-3607.6	165.3586	0.9275013	0.498922	0.501078	5.362313
39564	-3439.888	-3606.364	166.4769	1.019212	0.636063	0.363937	4.69035
39570	-3449.61	-3617.722	168.1123	1.191135	0.636063	0.363937	3.663087
39576	-3438.964	-3607.097	168.1332	1.115839	0.579459	0.420541	3.694552
39582	-3430.71	-3600.323	169.6134	1.182954	0.492446	0.507554	2.778407
39588	-3432.221	-3601.463	169.2419	1.219722	0.570035	0.429965	2.980938
39594	-3437.96	-3607.213	169.2526	1.37024	0.549137	0.450863	2.883789
39600	-3439.927	-3608.953	169.0256	1.323151	0.549137	0.450863	3.048616
39606	-3444.056	-3613.838	169.7813	1.430358	0.488538	0.511462	2.522434
39612	-3435.77	-3604.986	169.216	1.284448	0.555679	0.444321	2.957598
39618	-3443.732	-3612.244	168.5126	1.139087	0.546191	0.453809	3.460506
39624	-3440.072	-3608.82	168.748	1.215668	0.638274	0.361726	3.277296
39630	-3433.067	-3601.501	168.4345	1.260674	0.617346	0.382654	3.435102
39636	-3428.608	-3598.871	170.2628	1.474107	0.617346	0.382654	2.188852
39642	-3434.976	-3605.391	170.415	1.543053	0.533232	0.466768	2.044094
39648	-3438.583	-3609.2	170.6173	1.47143	0.543104	0.456896	1.957005
39654	-3444.202	-3614.16	169.9573	1.469596	0.75183	0.24817	2.387241
39660	-3437.938	-3608.742	170.8037	1.587786	0.631516	0.368484	1.749574
39666	-3446.09	-3617.098	171.0087	1.648504	0.652788	0.347212	1.559082
39672	-3449.704	-3620.51	170.806	1.557956	0.648095	0.351905	1.76882
39678	-3444.556	-3615.259	170.7025	1.495546	0.559155	0.440845	1.883066
39684	-3449.981	-3619.9	169.9192	1.432167	0.581239	0.418761	2.434901
39690	-3448.398	-3617.496	169.0978	1.327574	0.581239	0.418761	3.002685
39696	-3449.041	-3617.984	168.9424	1.339742	0.614278	0.385722	3.08842
39702	-3452.13	-3622.215	170.085	1.371227	0.685338	0.314662	2.36871
39708	-3451.647	-3620.637	168.9903	1.233002	0.583105	0.416895	3.123466
39714	-3447.184	-3616.182	168.9981	1.225203	0.588018	0.411982	3.123466
39720	-3446.639	-3615.96	169.3211	1.20327	0.641359	0.358641	2.943207
39726	-3447.549	-3616.852	169.3026	1.21077	0.612463	0.387537	2.949843
39732	-3435.99	-3605.177	169.1871	1.326298	0.612463	0.387537	2.949843
39738	-3432.068	-3601.369	169.3004	1.356685	0.558739	0.441261	2.86307
39744	-3434.085	-3603.371	169.2862	1.287446	0.636655	0.363345	2.913483
39750	-3430.55	-3598.516	167.9665	1.181642	0.553838	0.446162	3.752836
39756	-3435.587	-3604.953	169.3657	1.302084	0.475157	0.524843	2.856542
39762	-3430.708	-3599.924	169.2166	1.310912	0.578182	0.421818	2.941329
39768	-3428.395	-3598.262	169.8674	1.362105	0.578182	0.421818	2.511293
39774	-3444.441	-3614.783	170.3417	1.479082	0.617957	0.382043	2.134337
39780	-3436.874	-3607.443	170.5685	1.545132	0.537945	0.462055	1.940259
39786	-3442.587	-3612.83	170.2431	1.557778	0.748688	0.251312	2.147335
39792	-3448.891	-3619.005	170.1139	1.512841	0.569018	0.430982	2.259918
39798	-3450.476	-3620.781	170.305	1.487769	0.533081	0.466919	2.152563
39804	-3452.137	-3622.063	169.926	1.509339	0.505056	0.494944	2.381938
39810	-3447.326	-3617.964	170.6388	1.598527	0.597846	0.402154	1.856232
39816	-3452.691	-3623.389	170.6984	1.512603	0.528714	0.471286	1.874275
39822	-3438.197	-3608.542	170.3448	1.58796	0.528714	0.471286	2.060798
39828	-3440.118	-3610.14	170.0219	1.47767	0.528714	0.471286	2.341197
39834	-3447.2	-3617.999	170.7994	1.566102	0.528714	0.471286	1.767759
39840	-3456.017	-3626.772	170.755	1.637923	0.593905	0.406095	1.748567
39846	-3456.167	-3626.819	170.6513	1.543724	0.57064	0.42936	1.885152
39852	-3447.3	-3617.786	170.4862	1.62116	0.628382	0.371618	1.944447
39858	-3445.479	-3616.068	170.5896	1.517738	0.612356	0.387644	1.944447
39864	-3455.222	-3625.32	170.098	1.574672	0.604183	0.395817	2.230398
39870	-3452.115	-3622.183	170.0682	1.406095	0.411596	0.588404	2.357223
39876	-3445.553	-3615.218	169.6649	1.330853	0.653401	0.346599	2.656196
39882	-3434.058	-3602.941	168.883	1.344607	0.638967	0.361033	3.12087
39888	-3435.932	-3604.935	169.0031	1.224593	0.638967	0.361033	3.12087
39894	-3442.462	-3611.301	168.8396	1.24014	0.703498	0.296502	3.208686
39900	-3446.432	-3616.548	170.1163	1.450623	0.592438	0.407562	2.298262
39606	-4689.099	-4850.552	161.4535	1.470332	0.823058	0.176942	7.19007
40002	-1.990672e+07	-6405.677	-1.990031e+07	2.654223	0.709627	0.290373	9950250
40008	-4.616679e+07	-6405.677	-4.616039e+07	2.575094	0.794642	0.205358	2.308029e+07
